ISO-10303-21;
HEADER;
FILE_DESCRIPTION (( 'STEP AP214' ),
    '1' );
FILE_NAME ('2nd stage turbine rotor.STEP',
    '2026-04-09T07:38:56',
    ( '' ),
    ( '' ),
    'SwSTEP 2.0',
    'SolidWorks 2022',
    '' );
FILE_SCHEMA (( 'AUTOMOTIVE_DESIGN' ));
ENDSEC;

DATA;
#1 = CARTESIAN_POINT ( 'NONE',  ( -9.078448376000457287, -3.185297327100849785, 21.65240015116908978 ) ) ;
#2 = CARTESIAN_POINT ( 'NONE',  ( 22.07525562984763923, 6.871868983212729987, 19.00000000000030909 ) ) ;
#3 = CARTESIAN_POINT ( 'NONE',  ( 14.38428087343136852, 18.06247228545155536, 131.4999999999999716 ) ) ;
#4 = CARTESIAN_POINT ( 'NONE',  ( 20.78967275599532627, 3.253252869563252769, 18.99999999999999645 ) ) ;
#5 = CARTESIAN_POINT ( 'NONE',  ( -11.58320631392355082, 5.145190139762884307, 19.82801869971128639 ) ) ;
#6 = CARTESIAN_POINT ( 'NONE',  ( -13.64330737346448252, 3.456102266580093563, 21.06994743033141049 ) ) ;
#7 = LINE ( 'NONE', #1953, #3232 ) ;
#8 = PLANE ( 'NONE',  #496 ) ;
#9 = CARTESIAN_POINT ( 'NONE',  ( -13.65726392669170863, 3.401557446532633033, 21.37505875637233999 ) ) ;
#10 = CARTESIAN_POINT ( 'NONE',  ( -50.00000000000000000, 4.749951326780573524, 2.540845733246348992 ) ) ;
#11 = CARTESIAN_POINT ( 'NONE',  ( -9.255249903281484336, 5.358757802191008501, 19.64268145334044391 ) ) ;
#12 = CARTESIAN_POINT ( 'NONE',  ( -11.94909965142044683, 1.733886320414589344, 42.40200746962066347 ) ) ;
#13 = CARTESIAN_POINT ( 'NONE',  ( -13.27594130520176563, 4.370065262626760649, 20.09333752611710011 ) ) ;
#14 = DIRECTION ( 'NONE',  ( 1.000000000000000000, 0.000000000000000000, 0.000000000000000000 ) ) ;
#15 = VERTEX_POINT ( 'NONE', #408 ) ;
#16 = CARTESIAN_POINT ( 'NONE',  ( -15.94614525333150290, -13.99145063748610873, 124.3085260226429796 ) ) ;
#17 = CARTESIAN_POINT ( 'NONE',  ( -4.894293720788885693, -9.504638712539575707, 121.8475604412922308 ) ) ;
#18 = CARTESIAN_POINT ( 'NONE',  ( -0.6014349467480448741, 3.781683236918603086, 21.47189342836394488 ) ) ;
#19 = VECTOR ( 'NONE', #1719, 1000.000000000000114 ) ;
#20 = CARTESIAN_POINT ( 'NONE',  ( -13.03784114113608261, 4.501302135394632309, 20.08403875003883243 ) ) ;
#21 = CARTESIAN_POINT ( 'NONE',  ( 22.19854555622604764, 6.004153417624481293, 15.00000000000000711 ) ) ;
#22 = VERTEX_POINT ( 'NONE', #6315 ) ;
#23 = DIRECTION ( 'NONE',  ( 0.1126197424618090859, 0.7611709911701199927, -0.6386982979536839355 ) ) ;
#24 = CARTESIAN_POINT ( 'NONE',  ( 12.05563067211667239, 6.033622974740022293, 19.57756360794631334 ) ) ;
#25 = CARTESIAN_POINT ( 'NONE',  ( 21.10246260736749235, -2.500000000000000444, 14.99999999999999112 ) ) ;
#26 = AXIS2_PLACEMENT_3D ( 'NONE', #2980, #1046, #5529 ) ;
#27 = CARTESIAN_POINT ( 'NONE',  ( -8.011591987247781432, -6.404556922771507566, 19.00000000000000000 ) ) ;
#28 = CARTESIAN_POINT ( 'NONE',  ( -7.204220311993855042, -4.992254291289615509, 70.05120874106567896 ) ) ;
#29 = ORIENTED_EDGE ( 'NONE', *, *, #1691, .F. ) ;
#30 = CARTESIAN_POINT ( 'NONE',  ( -4.193849034306488477, -4.788725226792100997, 21.54765736616683469 ) ) ;
#31 = CARTESIAN_POINT ( 'NONE',  ( 23.44115214325526608, 5.285788476731259067, 18.99999999999998934 ) ) ;
#32 = CARTESIAN_POINT ( 'NONE',  ( -10.39483666644463433, 5.109402950775782770, 2.239230008125900007 ) ) ;
#33 = CARTESIAN_POINT ( 'NONE',  ( -6.707392287442567991, -6.820986846793264391, 18.99999999999999289 ) ) ;
#34 =( BOUNDED_CURVE ( )  B_SPLINE_CURVE ( 3, ( #317, #377, #3218, #804 ),
 .UNSPECIFIED., .F., .T. ) 
 B_SPLINE_CURVE_WITH_KNOTS ( ( 4, 4 ),
 ( 3.926990816987237842, 5.672320068981579588 ),
 .UNSPECIFIED. ) 
 CURVE ( )  GEOMETRIC_REPRESENTATION_ITEM ( )  RATIONAL_B_SPLINE_CURVE ( ( 1.000000000000000000, 0.7618584064576898740, 0.7618584064576898740, 1.000000000000000000 ) ) 
 REPRESENTATION_ITEM ( '' )  );
#35 = CARTESIAN_POINT ( 'NONE',  ( -11.38003917712154767, 7.050540584017284118, 19.00000000000000000 ) ) ;
#36 = CARTESIAN_POINT ( 'NONE',  ( -13.65220679460314379, 3.438185227537663646, 21.07344086075663370 ) ) ;
#37 = DIRECTION ( 'NONE',  ( 1.000000000000000000, 0.000000000000000000, 0.000000000000000000 ) ) ;
#38 = CARTESIAN_POINT ( 'NONE',  ( 15.41772623399871023, 8.578594369736983083, 18.99999999999999289 ) ) ;
#39 = FACE_OUTER_BOUND ( 'NONE', #6108, .T. ) ;
#40 = EDGE_CURVE ( 'NONE', #5491, #2132, #3925, .T. ) ;
#41 = CARTESIAN_POINT ( 'NONE',  ( -50.00000000000000000, -3.000000000000000000, -5.026757405899497200E-16 ) ) ;
#42 = CARTESIAN_POINT ( 'NONE',  ( -9.468328877304907465, 4.816546965726733021, 20.36330901684711492 ) ) ;
#43 = CARTESIAN_POINT ( 'NONE',  ( -9.605797535557478284, -6.461098919421544018, 115.8311238661721205 ) ) ;
#44 = CARTESIAN_POINT ( 'NONE',  ( -14.10709378958147120, 5.592463425700451296, 19.05678763022243771 ) ) ;
#45 = CARTESIAN_POINT ( 'NONE',  ( -13.53093774831650720, 3.609744747992515546, 21.31677078416504756 ) ) ;
#46 = EDGE_LOOP ( 'NONE', ( #2394, #265, #3996, #4769 ) ) ;
#47 = ADVANCED_FACE ( 'NONE', ( #867 ), #5345, .T. ) ;
#48 = CARTESIAN_POINT ( 'NONE',  ( 21.32333123766646921, 8.999999999999998224, 19.44190768988790197 ) ) ;
#49 = CARTESIAN_POINT ( 'NONE',  ( -9.228085759094284413, -11.04170057614210876, 121.6927769684280634 ) ) ;
#50 = CARTESIAN_POINT ( 'NONE',  ( -1.878472289395935135, 3.842404588541734611, 21.11508557525537810 ) ) ;
#51 = CARTESIAN_POINT ( 'NONE',  ( -13.01235502408143319, 4.202477506988546274, 20.62606538585417582 ) ) ;
#52 = CARTESIAN_POINT ( 'NONE',  ( 11.83619691222156334, 16.86854095179225155, 124.9999999999999716 ) ) ;
#53 = ORIENTED_EDGE ( 'NONE', *, *, #5089, .F. ) ;
#54 = CARTESIAN_POINT ( 'NONE',  ( 12.12043670860943045, 17.64893014719963205, 125.0000000000000000 ) ) ;
#55 = CARTESIAN_POINT ( 'NONE',  ( -1.550196247974490849, -4.872089093361198664, 21.49418535539123454 ) ) ;
#56 = CARTESIAN_POINT ( 'NONE',  ( 10.58086043659775832, 5.074742140762412923, 20.39447267026856281 ) ) ;
#57 = CARTESIAN_POINT ( 'NONE',  ( -6.531397126930279740, -6.967306236461734414, 97.49437716547311084 ) ) ;
#58 = ORIENTED_EDGE ( 'NONE', *, *, #1796, .F. ) ;
#59 = CARTESIAN_POINT ( 'NONE',  ( 11.80080553807017552, 0.5470563108448206480, 21.23868256045012615 ) ) ;
#60 = CARTESIAN_POINT ( 'NONE',  ( -11.64491263673649435, -6.573928230204871603, 121.7453898605811133 ) ) ;
#61 = EDGE_CURVE ( 'NONE', #1990, #4792, #6017, .T. ) ;
#62 = LINE ( 'NONE', #980, #3343 ) ;
#63 = CARTESIAN_POINT ( 'NONE',  ( -16.00000000000000000, 0.8771390848696883902, 19.00000000000000000 ) ) ;
#64 = CARTESIAN_POINT ( 'NONE',  ( -13.94564602482087423, 3.607250835449486992, 20.17755884270325595 ) ) ;
#65 = CARTESIAN_POINT ( 'NONE',  ( 17.58033816002095406, 24.96247228545159302, 123.9219042649072691 ) ) ;
#66 = CARTESIAN_POINT ( 'NONE',  ( -7.060904049024064655, 6.838142886316615154, 18.99999999999999289 ) ) ;
#67 =( BOUNDED_CURVE ( )  B_SPLINE_CURVE ( 3, ( #6377, #3930, #3442, #5402 ),
 .UNSPECIFIED., .F., .T. ) 
 B_SPLINE_CURVE_WITH_KNOTS ( ( 4, 4 ),
 ( 1.639126238164246185, 1.645232982212301298 ),
 .UNSPECIFIED. ) 
 CURVE ( )  GEOMETRIC_REPRESENTATION_ITEM ( )  RATIONAL_B_SPLINE_CURVE ( ( 1.000000000000000000, 0.9999968923088419226, 0.9999968923088419226, 1.000000000000000000 ) ) 
 REPRESENTATION_ITEM ( '' )  );
#68 = CARTESIAN_POINT ( 'NONE',  ( -11.01846277276353092, -5.819505314583298450, 121.7820775796238024 ) ) ;
#69 = DIRECTION ( 'NONE',  ( 0.000000000000000000, 0.000000000000000000, -1.000000000000000000 ) ) ;
#70 = AXIS2_PLACEMENT_3D ( 'NONE', #2217, #2317, #282 ) ;
#71 = CARTESIAN_POINT ( 'NONE',  ( 11.86312269399362940, 17.73882814910952987, 120.7986556567357184 ) ) ;
#72 = CARTESIAN_POINT ( 'NONE',  ( -9.452881317555387852, 5.144038004284809951, 19.84539405840680359 ) ) ;
#73 = CARTESIAN_POINT ( 'NONE',  ( -13.59828781149436594, 4.247047161972851370, 15.00000000000000888 ) ) ;
#74 = CARTESIAN_POINT ( 'NONE',  ( -13.76821581828950158, 4.809925524185381995, 19.44185620915522605 ) ) ;
#75 = CARTESIAN_POINT ( 'NONE',  ( -11.36852581044377430, -4.668494298486259630, 7.761295548447311177 ) ) ;
#76 = ORIENTED_EDGE ( 'NONE', *, *, #2354, .F. ) ;
#77 = CARTESIAN_POINT ( 'NONE',  ( 12.99999999999999822, 3.000000000000000000, -5.026757405899497200E-16 ) ) ;
#78 = CARTESIAN_POINT ( 'NONE',  ( -3.273760386377905895, -13.99145063748610518, 121.7853550143396575 ) ) ;
#79 = AXIS2_PLACEMENT_3D ( 'NONE', #4441, #4413, #1954 ) ;
#80 = CARTESIAN_POINT ( 'NONE',  ( -1.850557981126628837, 4.356889681804124947, 19.93488526531543670 ) ) ;
#81 = CARTESIAN_POINT ( 'NONE',  ( 17.95145484292593707, 11.85817019721682364, 70.05120874106590634 ) ) ;
#82 = CARTESIAN_POINT ( 'NONE',  ( -12.94864439693918001, 4.097023251377986064, 21.22443524192311415 ) ) ;
#83 = CARTESIAN_POINT ( 'NONE',  ( 20.51018029957013056, 11.02712018956593276, 42.40200746962064926 ) ) ;
#84 = ORIENTED_EDGE ( 'NONE', *, *, #4384, .F. ) ;
#85 = CARTESIAN_POINT ( 'NONE',  ( 13.19275861291182750, 16.81622087330449133, 115.8311238661720921 ) ) ;
#86 = CARTESIAN_POINT ( 'NONE',  ( 9.810402154917770901, 4.719779157592920882, 21.04185371128652804 ) ) ;
#87 = CARTESIAN_POINT ( 'NONE',  ( -4.861819455026021863, -7.509352834772315077, 125.0000000000001990 ) ) ;
#88 = ORIENTED_EDGE ( 'NONE', *, *, #2930, .F. ) ;
#89 = CARTESIAN_POINT ( 'NONE',  ( -15.99999999999980993, 2.280622534272259916, 18.99999999999985434 ) ) ;
#90 = FACE_OUTER_BOUND ( 'NONE', #2388, .T. ) ;
#91 = CARTESIAN_POINT ( 'NONE',  ( 23.68908360444681094, 9.496688699164595349, 18.99999999999997868 ) ) ;
#92 = DIRECTION ( 'NONE',  ( 0.000000000000000000, 0.000000000000000000, -1.000000000000000000 ) ) ;
#93 = PLANE ( 'NONE',  #2407 ) ;
#94 = EDGE_LOOP ( 'NONE', ( #2998, #2080, #3862, #4272 ) ) ;
#95 = CARTESIAN_POINT ( 'NONE',  ( -14.30666362834198502, 3.817982759945505844, 19.69289454354430191 ) ) ;
#96 = CARTESIAN_POINT ( 'NONE',  ( 18.74051251888083414, -3.449584839594676211, 4.199655185528214041 ) ) ;
#97 = CARTESIAN_POINT ( 'NONE',  ( -9.385807384534903264, -9.212382555984346411, 121.7416231243896192 ) ) ;
#98 = CARTESIAN_POINT ( 'NONE',  ( 12.99999999999999822, 3.475312508194680738, 3.610394695806002030 ) ) ;
#99 = CARTESIAN_POINT ( 'NONE',  ( -10.65181914528748131, -5.386238158936087927, 121.8020897235528253 ) ) ;
#100 = CARTESIAN_POINT ( 'NONE',  ( 14.38428087343136852, 18.06247228545155536, 121.1807253621139182 ) ) ;
#101 = CARTESIAN_POINT ( 'NONE',  ( 11.00075834424355925, 18.42021770614426757, 121.3597933512443632 ) ) ;
#102 = CARTESIAN_POINT ( 'NONE',  ( -9.643428312011529613, 4.964490844041845818, 20.08925814958414335 ) ) ;
#103 = CARTESIAN_POINT ( 'NONE',  ( -12.89520146886836649, 4.957819491908406206, 15.00000000000000711 ) ) ;
#104 = CARTESIAN_POINT ( 'NONE',  ( -13.28150641002370769, 4.198217647606015568, 20.37285865022384357 ) ) ;
#105 = CARTESIAN_POINT ( 'NONE',  ( -13.46976651488303744, -7.091450637486104824, 124.1773881008268745 ) ) ;
#106 = ORIENTED_EDGE ( 'NONE', *, *, #4565, .T. ) ;
#107 = LINE ( 'NONE', #5079, #1430 ) ;
#108 = CARTESIAN_POINT ( 'NONE',  ( -1.867648486514678963, 4.042018161842026558, 20.49979039550634852 ) ) ;
#109 = CARTESIAN_POINT ( 'NONE',  ( 13.36796438602542381, 14.52332559651301480, 97.49437716547340926 ) ) ;
#110 = CARTESIAN_POINT ( 'NONE',  ( -13.20301712251252368, 4.630195490809103198, 19.84020949254738397 ) ) ;
#111 = CARTESIAN_POINT ( 'NONE',  ( 11.43295821710651516, 5.022045843736973936, 21.07419622488497524 ) ) ;
#112 = ORIENTED_EDGE ( 'NONE', *, *, #3028, .F. ) ;
#113 = CARTESIAN_POINT ( 'NONE',  ( 18.32973249861156972, 24.96247228545160013, 128.0519155325326892 ) ) ;
#114 = ADVANCED_FACE ( 'NONE', ( #5461 ), #3009, .F. ) ;
#115 = CARTESIAN_POINT ( 'NONE',  ( 20.29946476712515135, 3.000000000000007994, 13.04091272864830842 ) ) ;
#116 = CIRCLE ( 'NONE', #957, 335.2562613131897251 ) ;
#117 = AXIS2_PLACEMENT_3D ( 'NONE', #1823, #2270, #5650 ) ;
#118 = EDGE_CURVE ( 'NONE', #1967, #3681, #3525, .T. ) ;
#119 = CARTESIAN_POINT ( 'NONE',  ( 8.591099623223655612, 7.022189096559981358, 19.00000000000000000 ) ) ;
#120 = CARTESIAN_POINT ( 'NONE',  ( -0.4092075450972345596, -3.897355547823975641, 97.49437716547362243 ) ) ;
#121 = ORIENTED_EDGE ( 'NONE', *, *, #5396, .F. ) ;
#122 = CARTESIAN_POINT ( 'NONE',  ( -1.628657776224124110, -4.899048119878789187, 21.49553734125499105 ) ) ;
#123 = AXIS2_PLACEMENT_3D ( 'NONE', #239, #1795, #4149 ) ;
#124 = CARTESIAN_POINT ( 'NONE',  ( 22.91392438297394207, 2.860644611405711135, 15.97728060197923661 ) ) ;
#125 = CARTESIAN_POINT ( 'NONE',  ( 22.14789134261925696, 7.026417411531583390, 18.99999999999794298 ) ) ;
#126 = FACE_OUTER_BOUND ( 'NONE', #3634, .T. ) ;
#127 = CARTESIAN_POINT ( 'NONE',  ( 17.02115405295099393, 6.495931686582675724, 21.90708857194952230 ) ) ;
#128 = CARTESIAN_POINT ( 'NONE',  ( -50.00000000000000000, 2.500000000000000000, 13.90693813243275478 ) ) ;
#129 = ORIENTED_EDGE ( 'NONE', *, *, #3551, .T. ) ;
#130 = CARTESIAN_POINT ( 'NONE',  ( -14.31936598076915601, 3.791420081393214403, 19.69422124588953693 ) ) ;
#131 = CARTESIAN_POINT ( 'NONE',  ( -11.32570792203805432, 7.054136475455551114, 18.99999999999998579 ) ) ;
#132 = CARTESIAN_POINT ( 'NONE',  ( -11.11756391341578620, -5.938459865468407095, 121.7764707457778428 ) ) ;
#133 = CARTESIAN_POINT ( 'NONE',  ( 17.49034683601698958, 18.06247228545158734, 123.5737690240518418 ) ) ;
#134 = CARTESIAN_POINT ( 'NONE',  ( 15.00000000000000000, 4.299999999999999822, 2.004614623063062151 ) ) ;
#135 = CARTESIAN_POINT ( 'NONE',  ( -9.442190844095255997, 5.370721045445151276, 19.64127931866918075 ) ) ;
#136 = CARTESIAN_POINT ( 'NONE',  ( -13.67246835852279752, 0.8711935306279643410, 42.40200746962064215 ) ) ;
#137 = CARTESIAN_POINT ( 'NONE',  ( -13.27336818744398172, 4.030208212523497480, 20.65555902696513257 ) ) ;
#138 = CARTESIAN_POINT ( 'NONE',  ( -9.847174224737344161, -7.522717885799593773, 119.4959082149495657 ) ) ;
#139 = EDGE_LOOP ( 'NONE', ( #5470, #5856, #4107, #5965, #4057, #2658 ) ) ;
#140 = DIRECTION ( 'NONE',  ( -0.000000000000000000, 1.000000000000000000, -0.000000000000000000 ) ) ;
#141 = CARTESIAN_POINT ( 'NONE',  ( -8.860215211915502209, -11.00961733530479059, 121.7052125581154201 ) ) ;
#142 = ADVANCED_FACE ( 'NONE', ( #495 ), #4947, .T. ) ;
#143 = CARTESIAN_POINT ( 'NONE',  ( -1.860668619488704101, 4.170663162985948524, 20.20468589372533330 ) ) ;
#144 = CARTESIAN_POINT ( 'NONE',  ( 6.971968746585107013, 10.95198583049852381, 125.0000000000000000 ) ) ;
#145 = CARTESIAN_POINT ( 'NONE',  ( -13.12786643276161413, 4.456229238320319475, 20.08497797082316794 ) ) ;
#146 = DIRECTION ( 'NONE',  ( 0.000000000000000000, 0.000000000000000000, 1.000000000000000000 ) ) ;
#147 = VERTEX_POINT ( 'NONE', #4919 ) ;
#148 = CARTESIAN_POINT ( 'NONE',  ( 17.95503221306321251, 24.96247228545159658, 125.9869104641577451 ) ) ;
#149 = CARTESIAN_POINT ( 'NONE',  ( 12.79231287177798748, 16.97179312375866544, 119.0251312330913720 ) ) ;
#150 = CARTESIAN_POINT ( 'NONE',  ( 10.54695695041758974, 5.249910854265756655, 20.08577679347262190 ) ) ;
#151 = B_SPLINE_CURVE_WITH_KNOTS ( 'NONE', 3,
 ( #4394, #3938, #6355, #4447, #5918, #45, #2019, #1933, #5891, #1471, #3995, #1527, #3504, #5469 ),
 .UNSPECIFIED., .F., .F.,
 ( 4, 2, 2, 2, 2, 2, 4 ),
 ( -5.999999996707626073E-08, 0.0004744999111368575022, 0.0007117798667052697851, 0.0008304198444894764957, 0.0008897398333815812604, 0.0009193998278276334802, 0.0009490598222736858084 ),
 .UNSPECIFIED. ) ;
#152 = CARTESIAN_POINT ( 'NONE',  ( -11.88420081049561539, 4.487554077070828207, 21.19816844192337157 ) ) ;
#153 = CARTESIAN_POINT ( 'NONE',  ( -0.8833358673656747095, -3.870391787823728169, 125.0000000000000568 ) ) ;
#154 = VERTEX_POINT ( 'NONE', #4499 ) ;
#155 = CARTESIAN_POINT ( 'NONE',  ( -10.44801965658932019, 4.749951326780573524, 2.540845733246348992 ) ) ;
#156 = EDGE_CURVE ( 'NONE', #5260, #2577, #7, .T. ) ;
#158 = EDGE_CURVE ( 'NONE', #5424, #4577, #1272, .T. ) ;
#157 = PLANE ( 'NONE',  #3052 ) ;
#159 = CARTESIAN_POINT ( 'NONE',  ( 22.09174522390399176, 6.897919730531657301, 18.99999999999972289 ) ) ;
#160 = LINE ( 'NONE', #1162, #2503 ) ;
#161 = DIRECTION ( 'NONE',  ( 1.000000000000000000, 0.000000000000000000, 0.000000000000000000 ) ) ;
#162 = EDGE_CURVE ( 'NONE', #5491, #5054, #984, .T. ) ;
#163 = ORIENTED_EDGE ( 'NONE', *, *, #3816, .F. ) ;
#164 = CARTESIAN_POINT ( 'NONE',  ( -14.32557651787629638, 3.778104525847395756, 19.69488785010518583 ) ) ;
#165 = CARTESIAN_POINT ( 'NONE',  ( -15.21392210523405630, 5.477347530350919591, 19.00000000000001066 ) ) ;
#166 = EDGE_CURVE ( 'NONE', #4634, #3305, #1984, .T. ) ;
#167 = CARTESIAN_POINT ( 'NONE',  ( 21.83171184249239616, 7.147427084241162909, 21.05930808063053661 ) ) ;
#168 =( NAMED_UNIT ( * ) PLANE_ANGLE_UNIT ( ) SI_UNIT ( $, .RADIAN. ) );
#169 = CARTESIAN_POINT ( 'NONE',  ( -10.11017603844881130, 4.611668442163958659, 20.92012310287075749 ) ) ;
#170 = CARTESIAN_POINT ( 'NONE',  ( -12.15844381627232274, -5.679972652303561631, 97.49437716547346611 ) ) ;
#171 = CARTESIAN_POINT ( 'NONE',  ( -13.47668179742184869, 4.219318521422143142, 20.10913383787928055 ) ) ;
#172 = CARTESIAN_POINT ( 'NONE',  ( 20.90385746121794597, 24.96247228545162500, 122.9356600315429944 ) ) ;
#173 = ORIENTED_EDGE ( 'NONE', *, *, #3340, .T. ) ;
#174 = CARTESIAN_POINT ( 'NONE',  ( -12.34817671972461994, 2.662761188878668417, 13.31717193982369807 ) ) ;
#175 = CARTESIAN_POINT ( 'NONE',  ( 19.25672064626206392, 4.696178767820460287, 7.127216953484121653 ) ) ;
#176 = CARTESIAN_POINT ( 'NONE',  ( -9.267265119670671680, -9.200924796876714495, 121.7452700956970233 ) ) ;
#177 = CARTESIAN_POINT ( 'NONE',  ( 19.02082981858192312, 8.261501319861194403, 19.39212490263116706 ) ) ;
#178 = CARTESIAN_POINT ( 'NONE',  ( 20.37505272649958954, 5.526915733686642795, 18.99999999999999645 ) ) ;
#179 = CARTESIAN_POINT ( 'NONE',  ( -5.082502519733238522, 5.390305096499141690, 19.29164825379868731 ) ) ;
#180 = CARTESIAN_POINT ( 'NONE',  ( 16.76918856989967921, 11.11462823025509117, 70.05120874106592055 ) ) ;
#181 = CARTESIAN_POINT ( 'NONE',  ( -13.64910741877184641, 5.526939450034072721, 19.16475346438311433 ) ) ;
#182 = CARTESIAN_POINT ( 'NONE',  ( 13.39653104523215177, 17.20330027448528298, 115.8311238661720921 ) ) ;
#183 = ORIENTED_EDGE ( 'NONE', *, *, #1190, .F. ) ;
#184 = CARTESIAN_POINT ( 'NONE',  ( 18.70443868275849653, 24.96247228545160368, 130.1169195305652124 ) ) ;
#185 = VECTOR ( 'NONE', #1140, 1000.000000000000000 ) ;
#186 = CARTESIAN_POINT ( 'NONE',  ( 14.78801863186381560, 16.41103379770780180, 121.2697934251856395 ) ) ;
#187 = CARTESIAN_POINT ( 'NONE',  ( 10.34285158384288827, 6.304866836198191216, 19.21596511545124031 ) ) ;
#188 = CARTESIAN_POINT ( 'NONE',  ( -11.52068357060075421, 4.548803455989783195, 21.19631887459152253 ) ) ;
#189 = CARTESIAN_POINT ( 'NONE',  ( 2.301412186108130697, -1.476751841956178257, 70.05120874106582107 ) ) ;
#190 = ORIENTED_EDGE ( 'NONE', *, *, #6369, .T. ) ;
#191 = CARTESIAN_POINT ( 'NONE',  ( 20.38410732583066931, -9.573965526745718435, 13.52094453300079380 ) ) ;
#192 = DIRECTION ( 'NONE',  ( 0.000000000000000000, 0.000000000000000000, 1.000000000000000000 ) ) ;
#193 = CARTESIAN_POINT ( 'NONE',  ( 22.30249366480924422, 2.742197254564420206, 15.82298978254119426 ) ) ;
#194 = CARTESIAN_POINT ( 'NONE',  ( 24.23077758701177586, 8.643019851430286948, 18.99999999999996803 ) ) ;
#195 = DIRECTION ( 'NONE',  ( 1.000000000000000000, 0.000000000000000000, 0.000000000000000000 ) ) ;
#196 = CARTESIAN_POINT ( 'NONE',  ( 16.70401591813056896, 7.537119451883264709, 19.38314565493171315 ) ) ;
#197 = ADVANCED_FACE ( 'NONE', ( #5493 ), #1463, .T. ) ;
#198 = ORIENTED_EDGE ( 'NONE', *, *, #4437, .F. ) ;
#199 = CARTESIAN_POINT ( 'NONE',  ( -13.83944275176168048, 3.524585050226653582, 20.46980859599864289 ) ) ;
#200 = CARTESIAN_POINT ( 'NONE',  ( 24.23329026030595301, 6.389023768092860323, 18.99999999999998224 ) ) ;
#201 = FACE_OUTER_BOUND ( 'NONE', #3580, .T. ) ;
#202 = CARTESIAN_POINT ( 'NONE',  ( 7.560463241155287228, 11.08962846218391007, 119.9080749973278728 ) ) ;
#203 = CARTESIAN_POINT ( 'NONE',  ( 18.63649051178634508, 18.06247228545160155, 124.4149390439955596 ) ) ;
#204 = DIRECTION ( 'NONE',  ( 1.000000000000000000, 0.000000000000000000, -5.245060274264576558E-15 ) ) ;
#205 = CARTESIAN_POINT ( 'NONE',  ( -9.775232144405029189, 6.750805571494526092, 19.00000000000000000 ) ) ;
#206 = CARTESIAN_POINT ( 'NONE',  ( -9.980063112749315124, -6.913131947170912284, 115.8311238661720921 ) ) ;
#207 = CARTESIAN_POINT ( 'NONE',  ( -13.43720458305432786, 3.883641223687712696, 20.68008058231775337 ) ) ;
#208 = DIRECTION ( 'NONE',  ( 1.000000000000000000, 0.000000000000000000, 0.000000000000000000 ) ) ;
#209 = ORIENTED_EDGE ( 'NONE', *, *, #674, .F. ) ;
#210 = CARTESIAN_POINT ( 'NONE',  ( 20.81140680221137984, 11.58335287268515756, 44.44227096365034413 ) ) ;
#211 = CARTESIAN_POINT ( 'NONE',  ( -11.97272618813061840, -9.554836142161535761, 121.6485340351259339 ) ) ;
#212 = CARTESIAN_POINT ( 'NONE',  ( -50.00000000000000000, -4.749951326780577965, 1.468383512879778419 ) ) ;
#213 = CARTESIAN_POINT ( 'NONE',  ( 16.25186845340149944, 6.199985728046180533, 21.53434876094146233 ) ) ;
#214 = CARTESIAN_POINT ( 'NONE',  ( 18.91651784546370152, 8.575633641484397884, 19.23679936528891687 ) ) ;
#215 = CARTESIAN_POINT ( 'NONE',  ( 18.04428123822595964, 4.399788141700110344, 21.11302778778631861 ) ) ;
#216 = CARTESIAN_POINT ( 'NONE',  ( -3.559049736299309874, 3.961774466383558124, 21.07323139133379541 ) ) ;
#217 = CARTESIAN_POINT ( 'NONE',  ( 4.858787574195928549, 7.530126565425646845, 115.8311238661722626 ) ) ;
#218 = CARTESIAN_POINT ( 'NONE',  ( -13.69447273181186020, 5.503931560801781586, 19.16485055027916218 ) ) ;
#219 = CARTESIAN_POINT ( 'NONE',  ( 18.82198423840357293, 0.9745452535700532826, 4.661704267270449620 ) ) ;
#220 = ORIENTED_EDGE ( 'NONE', *, *, #3889, .T. ) ;
#221 = PLANE ( 'NONE',  #3115 ) ;
#222 = CARTESIAN_POINT ( 'NONE',  ( 22.18740769237526322, 18.06247228545163352, 122.4445273920965036 ) ) ;
#223 = B_SPLINE_SURFACE_WITH_KNOTS ( 'NONE', 3, 3, ( 
 ( #3029, #574, #1569, #1639, #3545, #85, #2162 ),
 ( #5576, #4069, #3483, #3125, #6054, #5477, #1087 ),
 ( #1058, #6023, #5448, #4962, #3612, #4608, #54 ),
 ( #4135, #2027, #4992, #3058, #2540, #5511, #1150 ),
 ( #4517, #1030, #2992, #3576, #1504, #605, #5544 ),
 ( #542, #1119, #3092, #636, #2601, #4578, #2126 ) ),
 .UNSPECIFIED., .F., .F., .F.,
 ( 4, 2, 4 ),
 ( 4, 1, 1, 1, 4 ),
 ( 0.000000000000000000, 0.5000000000000000000, 1.000000000000000000 ),
 ( 0.000000000000000000, 0.2507562843915204787, 0.5001003876810473647, 0.7500364868689362030, 1.000000000000000000 ),
 .UNSPECIFIED. ) ;
#224 = CARTESIAN_POINT ( 'NONE',  ( 6.524602931219910751, 4.454262974944898978, 20.33480309243745410 ) ) ;
#225 = CARTESIAN_POINT ( 'NONE',  ( -12.60664539194600486, 5.139676241434421478, 19.63182601906531843 ) ) ;
#226 = CARTESIAN_POINT ( 'NONE',  ( -1.389436865163332868, -4.305450371960893641, 115.8311238661720068 ) ) ;
#227 = ORIENTED_EDGE ( 'NONE', *, *, #1429, .F. ) ;
#228 = CARTESIAN_POINT ( 'NONE',  ( 19.90752541248207308, 6.849999999999995204, 10.81811419226828619 ) ) ;
#229 = CARTESIAN_POINT ( 'NONE',  ( 22.12430844580112677, 6.812100939509289077, 19.99267204095623640 ) ) ;
#230 = CARTESIAN_POINT ( 'NONE',  ( 23.12392211549427046, 2.881966011250105986, 16.00000000000000000 ) ) ;
#231 = CARTESIAN_POINT ( 'NONE',  ( 21.58952615242886353, 7.399186666347109309, 19.00000000000058265 ) ) ;
#232 = TOROIDAL_SURFACE ( 'NONE', #2196, 335.5000000000000000, 2.000000000000000888 ) ;
#233 = CARTESIAN_POINT ( 'NONE',  ( -16.00000000000023448, 0.8771390848702877996, 18.99999999999998579 ) ) ;
#234 = CARTESIAN_POINT ( 'NONE',  ( 17.79083148273799608, 6.786529261112598910, 20.84575589218747282 ) ) ;
#235 = ORIENTED_EDGE ( 'NONE', *, *, #378, .F. ) ;
#236 = AXIS2_PLACEMENT_3D ( 'NONE', #4557, #647, #2173 ) ;
#237 = AXIS2_PLACEMENT_3D ( 'NONE', #6198, #1846, #1778 ) ;
#238 = CARTESIAN_POINT ( 'NONE',  ( -13.69799651869070978, 3.307022122757762972, 21.41868211325363092 ) ) ;
#239 = CARTESIAN_POINT ( 'NONE',  ( -50.00000000000000000, -4.925609342360877996, 7.454877771199720726 ) ) ;
#240 = EDGE_CURVE ( 'NONE', #852, #4295, #950, .T. ) ;
#241 = CARTESIAN_POINT ( 'NONE',  ( -3.933006935277234106, -1.611633715161574498, 119.8430794377359376 ) ) ;
#242 = CARTESIAN_POINT ( 'NONE',  ( -8.271601328232661032, -10.93417138032343949, 121.7253311238885090 ) ) ;
#243 = DIRECTION ( 'NONE',  ( 0.000000000000000000, 1.000000000000000000, 0.000000000000000000 ) ) ;
#244 = CARTESIAN_POINT ( 'NONE',  ( -10.20271106244345738, 4.579666031513545121, 21.22030054695353840 ) ) ;
#245 = CARTESIAN_POINT ( 'NONE',  ( -13.07195197788189844, 1.658231505365161285, 15.00000000000000355 ) ) ;
#246 = CARTESIAN_POINT ( 'NONE',  ( -14.72452530673995952, 5.510939713510451199, 19.00000000000000000 ) ) ;
#247 = CARTESIAN_POINT ( 'NONE',  ( 19.36963010460614143, 18.06247228545160155, 130.4714591923205660 ) ) ;
#248 = ORIENTED_EDGE ( 'NONE', *, *, #4274, .T. ) ;
#249 = LINE ( 'NONE', #1287, #1748 ) ;
#250 = CARTESIAN_POINT ( 'NONE',  ( -10.47158717396693284, -10.87954544437861237, 121.6574387738816228 ) ) ;
#251 = CARTESIAN_POINT ( 'NONE',  ( 13.68546993257421818, 3.328598906539013580, 3.962194103316553750 ) ) ;
#252 = CARTESIAN_POINT ( 'NONE',  ( 15.46015431808923246, 5.971984001062169867, 21.51781741720513352 ) ) ;
#253 = EDGE_CURVE ( 'NONE', #4073, #6069, #916, .T. ) ;
#254 = CARTESIAN_POINT ( 'NONE',  ( 6.239438141023287088, -2.444175872721725984, 21.34915918577712901 ) ) ;
#255 = CARTESIAN_POINT ( 'NONE',  ( -3.350218251099327027, 6.437113343891795125, 19.00000000000000000 ) ) ;
#256 = CARTESIAN_POINT ( 'NONE',  ( -0.6139607835192910645, 1.808804658970731838, 115.8311238661721205 ) ) ;
#257 = EDGE_CURVE ( 'NONE', #6385, #805, #2976, .T. ) ;
#258 = CARTESIAN_POINT ( 'NONE',  ( -12.97493818775856234, 4.083785261604730543, 21.22489561794996504 ) ) ;
#259 = ORIENTED_EDGE ( 'NONE', *, *, #4085, .T. ) ;
#260 = CARTESIAN_POINT ( 'NONE',  ( -15.73713346431461879, -13.99145063748610518, 130.8505272687503691 ) ) ;
#261 = CARTESIAN_POINT ( 'NONE',  ( 10.14603318336688709, 12.79359438353249345, 121.6087247678147349 ) ) ;
#262 = CARTESIAN_POINT ( 'NONE',  ( 4.694285318849187760, 6.162574612275380836, 19.00000000000000000 ) ) ;
#263 = CARTESIAN_POINT ( 'NONE',  ( -12.46954563264277205, 4.349949889323065477, 20.91041304193373307 ) ) ;
#264 = CARTESIAN_POINT ( 'NONE',  ( 5.519299495439381253, 1.927632676097818187, 97.49437716547318189 ) ) ;
#265 = ORIENTED_EDGE ( 'NONE', *, *, #437, .T. ) ;
#266 = CARTESIAN_POINT ( 'NONE',  ( -12.45846114602129262, 2.499999999999987566, 13.84248013515440512 ) ) ;
#267 = CARTESIAN_POINT ( 'NONE',  ( -49.99999999999999289, 2.881966011250262749, 16.00000000000017764 ) ) ;
#268 = CARTESIAN_POINT ( 'NONE',  ( 14.65522915286082650, 5.784095250212299533, 21.13678653040711453 ) ) ;
#269 = CARTESIAN_POINT ( 'NONE',  ( 21.61457594645911229, 7.410072150351695974, 18.99999999999998224 ) ) ;
#270 = CARTESIAN_POINT ( 'NONE',  ( 19.43757827557828577, 24.96247228545161079, 128.1765454752462290 ) ) ;
#271 = CARTESIAN_POINT ( 'NONE',  ( 17.93635564919449266, 8.985447272686638343, 19.00000000000000000 ) ) ;
#272 = ORIENTED_EDGE ( 'NONE', *, *, #359, .F. ) ;
#273 = CARTESIAN_POINT ( 'NONE',  ( -15.56614664338246712, 4.451550635900137998, 19.00000000000000000 ) ) ;
#274 = ADVANCED_FACE ( 'NONE', ( #2169 ), #4142, .F. ) ;
#275 = LINE ( 'NONE', #6179, #5993 ) ;
#276 = CARTESIAN_POINT ( 'NONE',  ( 4.381226526250189046, 7.226354748837645836, 119.9873817575599872 ) ) ;
#277 = CARTESIAN_POINT ( 'NONE',  ( -0.4379199501284278817, -6.216827656740582242, 121.9724866579597489 ) ) ;
#278 = CARTESIAN_POINT ( 'NONE',  ( -12.66743079374536585, -7.091450637486104824, 131.4999999999999716 ) ) ;
#279 = CARTESIAN_POINT ( 'NONE',  ( -9.838104645935365156, 4.571084572229202614, 21.22823566180797172 ) ) ;
#280 = CARTESIAN_POINT ( 'NONE',  ( -10.24528018616268454, -8.468833706147897544, 115.8311238661721490 ) ) ;
#281 = CARTESIAN_POINT ( 'NONE',  ( -13.37348664941044163, 3.943367152741775516, 20.67003590711660266 ) ) ;
#282 = DIRECTION ( 'NONE',  ( 0.000000000000000000, 0.000000000000000000, -1.000000000000000000 ) ) ;
#283 = VERTEX_POINT ( 'NONE', #65 ) ;
#284 = AXIS2_PLACEMENT_3D ( 'NONE', #1125, #1614, #2134 ) ;
#285 = CARTESIAN_POINT ( 'NONE',  ( 14.93138721167590433, 17.43499722949039565, 121.2154543181306394 ) ) ;
#286 = CARTESIAN_POINT ( 'NONE',  ( -9.994658789360299167, -8.748639677626830036, 119.6484047989927149 ) ) ;
#287 = DIRECTION ( 'NONE',  ( -0.7313537016191670181, -0.6819983600625021403, 0.000000000000000000 ) ) ;
#288 = CARTESIAN_POINT ( 'NONE',  ( 18.39483666644462190, 5.109402950775781882, 2.239230008125900007 ) ) ;
#289 = CARTESIAN_POINT ( 'NONE',  ( 20.16781459339205540, 5.818632791716902730, 21.07519633984295382 ) ) ;
#290 = CARTESIAN_POINT ( 'NONE',  ( -6.044017987774055634, 4.205141263399289286, 21.32349128457731524 ) ) ;
#291 = CARTESIAN_POINT ( 'NONE',  ( 0.5689786308004760595, 3.181588455033995899, 97.49437716547343769 ) ) ;
#292 = CARTESIAN_POINT ( 'NONE',  ( -13.45042280293538006, 5.012733695558724278, 19.43471327454935960 ) ) ;
#293 = CARTESIAN_POINT ( 'NONE',  ( 6.956367960709675557, 6.887329101934185793, 119.6748503404756150 ) ) ;
#294 = VERTEX_POINT ( 'NONE', #4015 ) ;
#295 = LINE ( 'NONE', #2615, #1788 ) ;
#296 = CARTESIAN_POINT ( 'NONE',  ( 13.52216985426983875, 14.10887778468580578, 121.4263743131690916 ) ) ;
#297 =( BOUNDED_CURVE ( )  B_SPLINE_CURVE ( 3, ( #4651, #714, #5133, #4180 ),
 .UNSPECIFIED., .F., .T. ) 
 B_SPLINE_CURVE_WITH_KNOTS ( ( 4, 4 ),
 ( 0.9142375394804329591, 1.570796326794898112 ),
 .UNSPECIFIED. ) 
 CURVE ( )  GEOMETRIC_REPRESENTATION_ITEM ( )  RATIONAL_B_SPLINE_CURVE ( ( 1.000000000000000000, 0.9643989955806464565, 0.9643989955806464565, 1.000000000000000000 ) ) 
 REPRESENTATION_ITEM ( '' )  );
#298 = CARTESIAN_POINT ( 'NONE',  ( 4.025019716402397307, 4.622896889539072518, 19.76692854221358786 ) ) ;
#299 = VECTOR ( 'NONE', #1768, 1000.000000000000000 ) ;
#300 = CARTESIAN_POINT ( 'NONE',  ( -12.42597549222493036, 4.613993488588124414, 20.34440523449931959 ) ) ;
#301 = CARTESIAN_POINT ( 'NONE',  ( 10.30862890175774282, 4.407725539732525455, 70.05120874106575002 ) ) ;
#302 = EDGE_LOOP ( 'NONE', ( #1785, #595, #5439, #4935, #5207, #5087, #2208, #5587, #2020, #3433, #3372, #1029, #2062, #5727, #4001, #4100, #2371, #3113, #2571, #5610, #945, #2729, #4421, #993, #1619, #5453 ) ) ;
#303 = CARTESIAN_POINT ( 'NONE',  ( -16.00000000000000000, -8.000000000000001776, 16.50000000000000000 ) ) ;
#304 = FACE_OUTER_BOUND ( 'NONE', #4196, .T. ) ;
#305 = CARTESIAN_POINT ( 'NONE',  ( 20.80160209741707789, 10.33174758644817359, 18.99999999999999645 ) ) ;
#306 = CARTESIAN_POINT ( 'NONE',  ( -13.33008021533889220, -3.139190444955786585, 19.00000000000000000 ) ) ;
#307 = ORIENTED_EDGE ( 'NONE', *, *, #3105, .F. ) ;
#308 = CARTESIAN_POINT ( 'NONE',  ( -15.58750384642450015, 4.409742796965900880, 19.00000000000000000 ) ) ;
#309 = CARTESIAN_POINT ( 'NONE',  ( 24.31051037344072085, 8.383507771005955789, 19.00000000000002132 ) ) ;
#310 = CARTESIAN_POINT ( 'NONE',  ( 2.892158874309460170, 8.552172680889396972, 121.9089492534459680 ) ) ;
#311 = DIRECTION ( 'NONE',  ( 1.000000000000000000, 0.000000000000000000, 0.000000000000000000 ) ) ;
#312 = CARTESIAN_POINT ( 'NONE',  ( -12.12210142624615372, -7.402159126722751559, 121.7083594186174764 ) ) ;
#313 = CARTESIAN_POINT ( 'NONE',  ( 24.79999999999999005, -4.000000000000010658, 16.50000000000000000 ) ) ;
#314 = CARTESIAN_POINT ( 'NONE',  ( -9.826560874939518797, 4.971294511994572396, 20.08708509190084968 ) ) ;
#315 = CARTESIAN_POINT ( 'NONE',  ( -10.49421335603785010, -8.218720669364664388, 115.8311238661721205 ) ) ;
#316 = CARTESIAN_POINT ( 'NONE',  ( -14.65332929485720825, 5.573002157739892937, 19.00000000000000000 ) ) ;
#317 = CARTESIAN_POINT ( 'NONE',  ( 19.03063915331192746, 5.094974746830581935, 5.845045092764127759 ) ) ;
#318 = ORIENTED_EDGE ( 'NONE', *, *, #3130, .F. ) ;
#319 = CARTESIAN_POINT ( 'NONE',  ( 15.62312764110265384, 15.40185916438040259, 95.50464654161756073 ) ) ;
#320 = CARTESIAN_POINT ( 'NONE',  ( -9.757440220698740063, -8.919556372821521251, 119.7629693223668710 ) ) ;
#321 = CARTESIAN_POINT ( 'NONE',  ( 19.70608084859521014, -6.949951326780578142, 9.675665299435898703 ) ) ;
#322 = CARTESIAN_POINT ( 'NONE',  ( 20.40988560661909546, 12.01317233856210187, 44.75090629311715418 ) ) ;
#323 = CARTESIAN_POINT ( 'NONE',  ( 16.95726316564800484, 0.7771166272663064811, 19.00000000000000711 ) ) ;
#324 = CARTESIAN_POINT ( 'NONE',  ( -4.371518620013432610, 4.251464637352930787, 20.45276581920378689 ) ) ;
#325 = CARTESIAN_POINT ( 'NONE',  ( 0.4185318763298835343, 2.394425307606326214, 70.05120874106587792 ) ) ;
#326 = CARTESIAN_POINT ( 'NONE',  ( -13.68546820718851009, 5.508607540734401731, 19.16480236389105940 ) ) ;
#327 = CARTESIAN_POINT ( 'NONE',  ( -5.577892146887438507, -7.577857348469138721, 119.9919261609965702 ) ) ;
#328 = ORIENTED_EDGE ( 'NONE', *, *, #2932, .F. ) ;
#329 = CARTESIAN_POINT ( 'NONE',  ( 10.47868062958151647, 8.861174159512103188, 121.7178391605558971 ) ) ;
#330 = CARTESIAN_POINT ( 'NONE',  ( 3.927383130521696408, 5.750055473717715415, 19.06837067806984010 ) ) ;
#331 = CARTESIAN_POINT ( 'NONE',  ( -12.55117110399073610, 4.565168294766380086, 20.34681970639817550 ) ) ;
#332 = CARTESIAN_POINT ( 'NONE',  ( 9.644139422406951212, 7.296489282637743656, 97.49437716547348032 ) ) ;
#333 = ORIENTED_EDGE ( 'NONE', *, *, #3299, .T. ) ;
#334 = CARTESIAN_POINT ( 'NONE',  ( 9.173623976100854449, 24.96247228545149710, 121.1505995775081743 ) ) ;
#335 = CARTESIAN_POINT ( 'NONE',  ( -15.75250474325115135, -13.99145063748610518, 124.6729992850444830 ) ) ;
#336 = CARTESIAN_POINT ( 'NONE',  ( 13.85215975075933414, 5.591763279947307375, 21.83596883863534899 ) ) ;
#337 = CARTESIAN_POINT ( 'NONE',  ( -12.15337864774566867, -0.4032226178366743463, 18.99999999999957723 ) ) ;
#338 = ORIENTED_EDGE ( 'NONE', *, *, #449, .T. ) ;
#339 = PRODUCT ( '2nd stage turbine rotor', '2nd stage turbine rotor', '', ( #2345 ) ) ;
#340 = FACE_OUTER_BOUND ( 'NONE', #2234, .T. ) ;
#341 = CARTESIAN_POINT ( 'NONE',  ( 7.077173978530646004, 13.68035130125291943, 121.6869688900438007 ) ) ;
#342 = CARTESIAN_POINT ( 'NONE',  ( 15.41633647788227179, 24.96247228545156815, 122.3604953323680036 ) ) ;
#343 = CARTESIAN_POINT ( 'NONE',  ( -11.48184174397872503, -6.371700887022420545, 121.7554257001768292 ) ) ;
#344 = CARTESIAN_POINT ( 'NONE',  ( -10.57379075108872435, 6.763814031433801333, 19.00000000000000000 ) ) ;
#345 = CARTESIAN_POINT ( 'NONE',  ( -14.95312087303257087, 4.299124071010683501, 19.17835083297546461 ) ) ;
#346 = DIRECTION ( 'NONE',  ( -0.7313537016191670181, -0.6819983600625021403, 0.000000000000000000 ) ) ;
#347 = CARTESIAN_POINT ( 'NONE',  ( -14.67769216871490023, -7.091450637486104824, 124.5519457765457503 ) ) ;
#348 = DIRECTION ( 'NONE',  ( 1.000000000000000000, 0.000000000000000000, 0.000000000000000000 ) ) ;
#349 = CARTESIAN_POINT ( 'NONE',  ( -10.05692969118057789, -7.781527799437458093, 119.4815185835440587 ) ) ;
#350 = CARTESIAN_POINT ( 'NONE',  ( 20.49373062734375850, 18.06247228545161931, 124.1423387994885275 ) ) ;
#351 = AXIS2_PLACEMENT_3D ( 'NONE', #134, #2952, #3044 ) ;
#352 = CARTESIAN_POINT ( 'NONE',  ( 17.76607770524113405, 9.359040458770055082, -1.326639257469186317 ) ) ;
#353 = CARTESIAN_POINT ( 'NONE',  ( 23.47605843413511906, 5.316019763728258241, 18.99999999999994671 ) ) ;
#354 = CARTESIAN_POINT ( 'NONE',  ( -8.692591758945120262, 5.315719944126758634, 19.64702513879410617 ) ) ;
#355 = CARTESIAN_POINT ( 'NONE',  ( 2.218596789828958915, 3.821882340417820156, 24.15118135527036358 ) ) ;
#356 = CARTESIAN_POINT ( 'NONE',  ( -12.98557985243317248, 4.115929768457145421, 20.92239801189436221 ) ) ;
#357 = CARTESIAN_POINT ( 'NONE',  ( -9.330424480594906811, -9.002564434145011063, 119.9196257367680261 ) ) ;
#358 = ORIENTED_EDGE ( 'NONE', *, *, #5948, .T. ) ;
#359 = EDGE_CURVE ( 'NONE', #1746, #1652, #2639, .T. ) ;
#360 = CARTESIAN_POINT ( 'NONE',  ( 9.105493464656390756, 10.49785599829405669, 119.4805138250592478 ) ) ;
#361 = CARTESIAN_POINT ( 'NONE',  ( 4.895578386584971575, 4.167606886864952287, 20.62590280819605937 ) ) ;
#362 = CARTESIAN_POINT ( 'NONE',  ( -12.56643248976325289, 6.879772153114353195, 19.00000000000000000 ) ) ;
#363 = CARTESIAN_POINT ( 'NONE',  ( 15.36975162609722112, 8.698406602960426781, 70.05120874106594897 ) ) ;
#364 = ORIENTED_EDGE ( 'NONE', *, *, #3911, .T. ) ;
#365 = CYLINDRICAL_SURFACE ( 'NONE', #4964, 1.000000000000000888 ) ;
#366 = CARTESIAN_POINT ( 'NONE',  ( -16.12656864940511525, -13.99145063748610873, 124.1375027768604866 ) ) ;
#367 = CARTESIAN_POINT ( 'NONE',  ( 13.83168332247289456, 5.672095056723789774, 20.78126377950858483 ) ) ;
#368 = CARTESIAN_POINT ( 'NONE',  ( 20.70060582332843069, 10.30176250039519559, 19.00000000000001066 ) ) ;
#369 = CARTESIAN_POINT ( 'NONE',  ( -12.26126935632220238, -0.2604955116763123524, 18.99999999999748823 ) ) ;
#370 = VERTEX_POINT ( 'NONE', #3654 ) ;
#371 = EDGE_CURVE ( 'NONE', #6341, #6014, #67, .T. ) ;
#372 = CARTESIAN_POINT ( 'NONE',  ( -13.78926449961487144, 3.022596413528301884, 21.43954519969037520 ) ) ;
#373 = CARTESIAN_POINT ( 'NONE',  ( -12.16193554702508806, -13.99145063748610696, 123.1508594351117551 ) ) ;
#374 = CARTESIAN_POINT ( 'NONE',  ( -8.130119389334362623, -2.809112761968384220, 121.9079086460615144 ) ) ;
#375 = CARTESIAN_POINT ( 'NONE',  ( -10.38821740281768946, 4.706282523152638397, 20.61950196056215745 ) ) ;
#376 = CARTESIAN_POINT ( 'NONE',  ( -14.97160042149687342, 4.265900481406717404, 19.17877841273669759 ) ) ;
#377 = CARTESIAN_POINT ( 'NONE',  ( 19.08914378595944683, 5.426771006327832048, 6.176841352261376983 ) ) ;
#378 = EDGE_CURVE ( 'NONE', #3819, #3475, #4720, .T. ) ;
#379 = CARTESIAN_POINT ( 'NONE',  ( 20.34817671972461284, -2.662761188878668861, 13.31717193982370162 ) ) ;
#380 = CARTESIAN_POINT ( 'NONE',  ( -2.354809635013804581, 2.525224170653414646, -210.0000000000000000 ) ) ;
#381 = CARTESIAN_POINT ( 'NONE',  ( -10.08189201136619673, -7.813940660297618912, 119.4778578311905051 ) ) ;
#382 = FACE_OUTER_BOUND ( 'NONE', #3805, .T. ) ;
#383 = CARTESIAN_POINT ( 'NONE',  ( -12.66743079374536585, -7.091450637486104824, 131.4999999999999716 ) ) ;
#384 = CARTESIAN_POINT ( 'NONE',  ( 23.20214404868159264, 5.079068789858019350, 19.00000000000001421 ) ) ;
#385 = CARTESIAN_POINT ( 'NONE',  ( -7.390493450516542495, 6.563731015237232569, 19.00000000000000000 ) ) ;
#386 = CARTESIAN_POINT ( 'NONE',  ( -1.612851557654696011, 0.8623316474634065143, 115.8311238661721347 ) ) ;
#387 = CARTESIAN_POINT ( 'NONE',  ( -13.73361706177260011, 5.483101788073037497, 19.16509990589598189 ) ) ;
#388 = CARTESIAN_POINT ( 'NONE',  ( 21.71602579228268226, 7.924479109260286869, 21.88253857517593914 ) ) ;
#389 = EDGE_LOOP ( 'NONE', ( #2150, #1934, #4559, #2329 ) ) ;
#390 = CARTESIAN_POINT ( 'NONE',  ( 10.31471826700250105, 12.56754151965926347, 119.3503014351594089 ) ) ;
#391 = CARTESIAN_POINT ( 'NONE',  ( -0.1570404368994480493, 4.743970189775952306, 19.49676312391553523 ) ) ;
#392 = CARTESIAN_POINT ( 'NONE',  ( -13.47227183778775306, 5.297710671967609031, 19.27324523331752104 ) ) ;
#393 = CARTESIAN_POINT ( 'NONE',  ( 11.72350640866610760, 5.582274443612704751, 70.05120874106614792 ) ) ;
#394 = ORIENTED_EDGE ( 'NONE', *, *, #2342, .T. ) ;
#395 = LINE ( 'NONE', #2877, #2911 ) ;
#396 = CARTESIAN_POINT ( 'NONE',  ( 12.78576776694643158, 6.487906185013754268, 19.36760073551567984 ) ) ;
#397 = B_SPLINE_CURVE_WITH_KNOTS ( 'NONE', 3,
 ( #692, #3253, #2616, #3664, #4256, #1134, #5073, #800, #5212, #5627, #2652, #4628, #3702, #2757, #2179, #4223 ),
 .UNSPECIFIED., .F., .F.,
 ( 4, 2, 2, 2, 2, 2, 2, 4 ),
 ( -5.999999880373497942E-08, 0.0001398191236886202023, 0.0002796982473760441733, 0.0005594564947509194372, 0.0006993356184383556868, 0.0008392147421257918280, 0.0009790938658132280776, 0.001118972989500664544 ),
 .UNSPECIFIED. ) ;
#398 = CARTESIAN_POINT ( 'NONE',  ( -15.89879521659975836, 0.6648268352769333145, 18.99999999999999289 ) ) ;
#399 = ORIENTED_EDGE ( 'NONE', *, *, #403, .F. ) ;
#400 = CARTESIAN_POINT ( 'NONE',  ( -16.00000000000000000, 4.278704876181803840, 19.00000000000001421 ) ) ;
#401 = VECTOR ( 'NONE', #2711, 1000.000000000000000 ) ;
#402 = CARTESIAN_POINT ( 'NONE',  ( -12.38410732583066576, -9.573965526745718435, 13.52094453300079202 ) ) ;
#403 = EDGE_CURVE ( 'NONE', #5683, #4761, #297, .T. ) ;
#404 = DIRECTION ( 'NONE',  ( -0.000000000000000000, 0.5735764363510391650, 0.8191520442889966835 ) ) ;
#405 = CARTESIAN_POINT ( 'NONE',  ( -10.38883993471837464, 4.616313250909193755, 20.91466163643521270 ) ) ;
#406 = CARTESIAN_POINT ( 'NONE',  ( -14.93371288746693537, 4.332269936339947947, 19.17793612260287617 ) ) ;
#407 = DIRECTION ( 'NONE',  ( 0.000000000000000000, 0.000000000000000000, -1.000000000000000000 ) ) ;
#408 = CARTESIAN_POINT ( 'NONE',  ( 23.33853058486729282, -2.881966011250104653, 16.00000000000000000 ) ) ;
#409 = EDGE_CURVE ( 'NONE', #5046, #4583, #4213, .T. ) ;
#410 = LINE ( 'NONE', #4353, #5947 ) ;
#411 = CARTESIAN_POINT ( 'NONE',  ( -9.680635484363648402, -7.797336934546772014, 121.7685721918354318 ) ) ;
#412 = CARTESIAN_POINT ( 'NONE',  ( -10.44801965658932374, -4.749951326780575300, 2.540845733246349880 ) ) ;
#413 = CARTESIAN_POINT ( 'NONE',  ( -3.409991800312484056, 3.656768508095792569, -210.0000000000000284 ) ) ;
#414 = CARTESIAN_POINT ( 'NONE',  ( 20.49373062734375850, 18.06247228545161931, 124.1423387994885275 ) ) ;
#415 = CARTESIAN_POINT ( 'NONE',  ( -8.381436535410177413, 4.593887245352164861, 20.65558776061862289 ) ) ;
#416 = CARTESIAN_POINT ( 'NONE',  ( -6.300931267884369191, -4.579109869631080798, 124.9999999999999432 ) ) ;
#417 = CARTESIAN_POINT ( 'NONE',  ( -13.10615247371135972, 4.310265796471613342, 20.35711069187582822 ) ) ;
#418 = FACE_OUTER_BOUND ( 'NONE', #1274, .T. ) ;
#419 = ORIENTED_EDGE ( 'NONE', *, *, #6192, .F. ) ;
#420 = CARTESIAN_POINT ( 'NONE',  ( -6.829116850209284273, -8.273767797416196501, 119.9836717499959917 ) ) ;
#421 = CARTESIAN_POINT ( 'NONE',  ( 2.324642537798082387, 5.346763144933967205, 19.19541043144618797 ) ) ;
#422 = CARTESIAN_POINT ( 'NONE',  ( -12.88281191194118414, 4.266687416259958177, 20.62400838720818186 ) ) ;
#423 = CARTESIAN_POINT ( 'NONE',  ( 19.03704168801071717, 9.451998308543824834, 42.40200746962074163 ) ) ;
#424 = EDGE_LOOP ( 'NONE', ( #5503, #5476, #3020, #5820, #2334 ) ) ;
#425 = CARTESIAN_POINT ( 'NONE',  ( 20.22801959809661554, 18.06247228545161221, 120.9152045066234251 ) ) ;
#426 = CARTESIAN_POINT ( 'NONE',  ( 13.00227880151665616, 5.578514544238489137, 20.42949169756048278 ) ) ;
#427 = CARTESIAN_POINT ( 'NONE',  ( -12.73926470737629835, 0.08911499186609617151, 21.68167964616302967 ) ) ;
#428 = CARTESIAN_POINT ( 'NONE',  ( -10.76209175932924289, -5.061718561837456498, 70.05120874106596318 ) ) ;
#429 = ORIENTED_EDGE ( 'NONE', *, *, #5082, .F. ) ;
#430 = CARTESIAN_POINT ( 'NONE',  ( -16.00000000000000000, 4.144706333136352505, 19.00000000000001421 ) ) ;
#431 = CARTESIAN_POINT ( 'NONE',  ( 17.05761026634764121, 24.96247228545158592, 123.0273686011711334 ) ) ;
#432 = CARTESIAN_POINT ( 'NONE',  ( 14.66963863414406255, 24.96247228545156105, 122.3432227058252266 ) ) ;
#433 = CARTESIAN_POINT ( 'NONE',  ( -10.76932510486535577, 6.460413183727021114, 19.05565795957473796 ) ) ;
#434 = CARTESIAN_POINT ( 'NONE',  ( -14.39473588285245498, 4.140739542631725278, 19.46439126546357912 ) ) ;
#435 = ORIENTED_EDGE ( 'NONE', *, *, #3332, .T. ) ;
#436 = CARTESIAN_POINT ( 'NONE',  ( 15.00000000000000000, -3.475312508194680738, 3.610394695806004250 ) ) ;
#437 = EDGE_CURVE ( 'NONE', #1972, #4427, #5786, .T. ) ;
#438 = CARTESIAN_POINT ( 'NONE',  ( -11.73947842565133648, -6.696451742845216160, 121.7393670483153301 ) ) ;
#439 = LINE ( 'NONE', #3354, #2082 ) ;
#440 = VECTOR ( 'NONE', #5478, 1000.000000000000000 ) ;
#441 = VECTOR ( 'NONE', #5882, 1000.000000000000000 ) ;
#442 = CARTESIAN_POINT ( 'NONE',  ( -10.66504289757859247, -3.283141051426096357, 3.771645694303322305 ) ) ;
#443 = CARTESIAN_POINT ( 'NONE',  ( -7.756915962480651849, 6.915373132553438218, 19.00000000000000000 ) ) ;
#444 = CARTESIAN_POINT ( 'NONE',  ( -6.778320657340561439, -0.2869627340162948514, 70.05120874106599160 ) ) ;
#445 = CARTESIAN_POINT ( 'NONE',  ( -13.96017038480820638, 5.683568575448123106, 19.05645626415649119 ) ) ;
#446 = CARTESIAN_POINT ( 'NONE',  ( -17.66490630932229067, -7.091450637486104824, 123.5721021329598415 ) ) ;
#447 = ORIENTED_EDGE ( 'NONE', *, *, #6209, .T. ) ;
#448 = VECTOR ( 'NONE', #161, 1000.000000000000000 ) ;
#449 = EDGE_CURVE ( 'NONE', #2513, #578, #4491, .T. ) ;
#450 = CARTESIAN_POINT ( 'NONE',  ( -6.809484339204121994, -8.443675967825445383, 121.8267115979732012 ) ) ;
#451 = PRODUCT_DEFINITION_FORMATION_WITH_SPECIFIED_SOURCE ( 'ANY', '', #339, .NOT_KNOWN. ) ;
#452 = ADVANCED_FACE ( 'NONE', ( #1268 ), #4688, .T. ) ;
#453 = CARTESIAN_POINT ( 'NONE',  ( 0.6822842344079038668, 4.491361037860721162, 19.73467609038653237 ) ) ;
#454 = CARTESIAN_POINT ( 'NONE',  ( -13.29566780495693123, 6.006116360592471892, 19.05585527611502883 ) ) ;
#455 = CARTESIAN_POINT ( 'NONE',  ( 21.52389544432910995, 7.627769332918550305, 24.15118135527027832 ) ) ;
#456 = ORIENTED_EDGE ( 'NONE', *, *, #4077, .T. ) ;
#457 = FACE_OUTER_BOUND ( 'NONE', #4613, .T. ) ;
#458 = VECTOR ( 'NONE', #1438, 1000.000000000000000 ) ;
#459 = CARTESIAN_POINT ( 'NONE',  ( 21.24601729060725930, -2.499999999999998668, 15.16049901510627329 ) ) ;
#460 = CARTESIAN_POINT ( 'NONE',  ( 1.288737334490831721, -4.393462238097320949, 21.44219845713261208 ) ) ;
#461 = CARTESIAN_POINT ( 'NONE',  ( -9.373659071576016188, -8.606735810936276820, 115.8311238661720495 ) ) ;
#462 = VERTEX_POINT ( 'NONE', #2235 ) ;
#463 = CARTESIAN_POINT ( 'NONE',  ( 21.35953198929971819, 8.168398996939988166, 20.34800081101884217 ) ) ;
#464 = CARTESIAN_POINT ( 'NONE',  ( 12.45403613032225287, 17.92736466938975681, 121.3139410704222456 ) ) ;
#465 = FACE_OUTER_BOUND ( 'NONE', #2780, .T. ) ;
#466 = CARTESIAN_POINT ( 'NONE',  ( 11.00647504713650982, 24.96247228545152197, 122.5587932075019921 ) ) ;
#467 = CARTESIAN_POINT ( 'NONE',  ( -10.29701778942212620, 4.580999576606962442, 21.21821877018697933 ) ) ;
#468 = EDGE_CURVE ( 'NONE', #6205, #484, #3007, .T. ) ;
#469 = CARTESIAN_POINT ( 'NONE',  ( -13.61705947767805469, 3.474521726683335920, 21.37780265246773936 ) ) ;
#470 = CARTESIAN_POINT ( 'NONE',  ( -15.33853058486728749, -9.573965526745718435, 15.99999999999999645 ) ) ;
#471 = LINE ( 'NONE', #4827, #6283 ) ;
#472 = CARTESIAN_POINT ( 'NONE',  ( 20.73756072528546923, 24.96247228545161789, 122.9474638126957160 ) ) ;
#473 = CARTESIAN_POINT ( 'NONE',  ( -49.99999999999999289, -2.881966011250262749, 16.00000000000017764 ) ) ;
#474 = CARTESIAN_POINT ( 'NONE',  ( -7.517719845332588413, 5.418900480445365986, 19.44786149225286565 ) ) ;
#475 = CARTESIAN_POINT ( 'NONE',  ( -7.690025204405360526, -6.080185242055280881, 125.0000000000000853 ) ) ;
#476 = CARTESIAN_POINT ( 'NONE',  ( -14.03443713336722531, 5.639426310101987028, 19.05661740789235381 ) ) ;
#477 = LINE ( 'NONE', #6326, #5709 ) ;
#478 = VERTEX_POINT ( 'NONE', #3242 ) ;
#479 = CARTESIAN_POINT ( 'NONE',  ( -15.80893198836662350, -13.99145063748610696, 124.5158006932963985 ) ) ;
#480 = CARTESIAN_POINT ( 'NONE',  ( -5.699762310864769255, -7.648117876468738530, 119.9908522617649993 ) ) ;
#481 = CARTESIAN_POINT ( 'NONE',  ( -0.1710911421488030826, 3.843695160956950740, 20.83238383308730590 ) ) ;
#482 = CARTESIAN_POINT ( 'NONE',  ( -12.91653680948585681, 4.250362057148117323, 20.62460874553338996 ) ) ;
#483 = CARTESIAN_POINT ( 'NONE',  ( 15.05658606659789989, 15.11653810397366726, 97.49437716547349453 ) ) ;
#484 = VERTEX_POINT ( 'NONE', #334 ) ;
#485 = CARTESIAN_POINT ( 'NONE',  ( 13.73814380186270334, 16.65972484151987132, 121.0424556863502090 ) ) ;
#486 = CARTESIAN_POINT ( 'NONE',  ( -11.84841922025614203, -4.376450331211090727, 19.00000000000000711 ) ) ;
#487 = CARTESIAN_POINT ( 'NONE',  ( -10.17428705771066966, -7.519776441551552892, 97.49437716547330979 ) ) ;
#488 = VERTEX_POINT ( 'NONE', #228 ) ;
#489 = CARTESIAN_POINT ( 'NONE',  ( -16.00000000000000000, 1.146896131939613594, 18.99999999999998579 ) ) ;
#490 = DIRECTION ( 'NONE',  ( 1.000000000000000000, 0.000000000000000000, -0.000000000000000000 ) ) ;
#491 = DIRECTION ( 'NONE',  ( -0.000000000000000000, 1.000000000000000000, 6.938893903907233308E-16 ) ) ;
#492 =( BOUNDED_CURVE ( )  B_SPLINE_CURVE ( 3, ( #583, #2462, #2008, #3954 ),
 .UNSPECIFIED., .F., .F. ) 
 B_SPLINE_CURVE_WITH_KNOTS ( ( 4, 4 ),
 ( 1.570796326794901443, 2.227355114109342171 ),
 .UNSPECIFIED. ) 
 CURVE ( )  GEOMETRIC_REPRESENTATION_ITEM ( )  RATIONAL_B_SPLINE_CURVE ( ( 1.000000000000000000, 0.9643989955806491210, 0.9643989955806491210, 1.000000000000000000 ) ) 
 REPRESENTATION_ITEM ( '' )  );
#493 = CARTESIAN_POINT ( 'NONE',  ( -10.94018789316869977, 5.627236532529281909, 19.43007645905632685 ) ) ;
#494 = CARTESIAN_POINT ( 'NONE',  ( -15.83529640223191670, 4.622885787200736729, 19.00000000000000000 ) ) ;
#495 = FACE_OUTER_BOUND ( 'NONE', #5919, .T. ) ;
#496 = AXIS2_PLACEMENT_3D ( 'NONE', #3962, #2827, #4920 ) ;
#497 = CARTESIAN_POINT ( 'NONE',  ( -13.87989334875721426, -13.99145063748610518, 124.6773615710613257 ) ) ;
#498 = LINE ( 'NONE', #1409, #2717 ) ;
#499 = LINE ( 'NONE', #10, #2817 ) ;
#500 = CARTESIAN_POINT ( 'NONE',  ( -8.824754818716103344, 6.108671725984539336, 19.16695874060382465 ) ) ;
#501 = CARTESIAN_POINT ( 'NONE',  ( -11.48470571313842292, 4.167092085999628992, 24.15118135527027832 ) ) ;
#502 = CARTESIAN_POINT ( 'NONE',  ( -13.60589027226846959, 4.922226757225709015, 19.43795619426538224 ) ) ;
#503 = CARTESIAN_POINT ( 'NONE',  ( -13.92582857123471030, -2.646903867288724843, 15.65460756704754175 ) ) ;
#504 = ORIENTED_EDGE ( 'NONE', *, *, #3693, .T. ) ;
#505 = CARTESIAN_POINT ( 'NONE',  ( 15.10342325699723887, 17.47574833667360750, 121.2054930018723269 ) ) ;
#506 = CARTESIAN_POINT ( 'NONE',  ( -3.994256344430106243, -6.612319083300666200, 121.9171159120346175 ) ) ;
#507 = CARTESIAN_POINT ( 'NONE',  ( 1.513521837461861752, 5.007390388712543938, 19.32034346490521770 ) ) ;
#508 = CARTESIAN_POINT ( 'NONE',  ( -12.94277149408725514, 4.392523886991200222, 20.35381230399943320 ) ) ;
#509 = CARTESIAN_POINT ( 'NONE',  ( 15.36446161570442115, 15.65710785339583389, 97.49437716547349453 ) ) ;
#510 = ORIENTED_EDGE ( 'NONE', *, *, #6279, .F. ) ;
#511 = DIRECTION ( 'NONE',  ( 0.000000000000000000, -0.7660444431189820103, -0.6427876096865344779 ) ) ;
#512 = CARTESIAN_POINT ( 'NONE',  ( -11.33608626170361333, -4.449242833974791367, 7.577321725440657296 ) ) ;
#513 = EDGE_CURVE ( 'NONE', #3777, #4025, #5724, .T. ) ;
#514 = CARTESIAN_POINT ( 'NONE',  ( -5.214387508966399132, -7.159097035966439648, 19.00000000000001066 ) ) ;
#515 = EDGE_CURVE ( 'NONE', #2026, #3267, #2961, .T. ) ;
#516 = CARTESIAN_POINT ( 'NONE',  ( -7.326118726526544833, -8.125972416983765712, 115.8311238661719926 ) ) ;
#517 = ORIENTED_EDGE ( 'NONE', *, *, #1968, .F. ) ;
#518 = CARTESIAN_POINT ( 'NONE',  ( -9.823172079893737418, -2.739770311899135002, 21.66708150698232060 ) ) ;
#519 = EDGE_CURVE ( 'NONE', #1211, #4719, #6343, .T. ) ;
#520 = DIRECTION ( 'NONE',  ( 1.000000000000000000, 0.000000000000000000, 0.000000000000000000 ) ) ;
#521 = CARTESIAN_POINT ( 'NONE',  ( -9.479531150448767818, -9.009392832872588741, 119.8802044810921217 ) ) ;
#522 = EDGE_CURVE ( 'NONE', #1746, #5046, #5684, .T. ) ;
#523 = CARTESIAN_POINT ( 'NONE',  ( -10.95435220396931442, 6.173091030435035265, 19.16309891676481314 ) ) ;
#524 = CARTESIAN_POINT ( 'NONE',  ( -15.01515129687635408, 4.182080416818917179, 19.17985935090050020 ) ) ;
#525 = CARTESIAN_POINT ( 'NONE',  ( -5.839833617300095092, -13.99145063748610873, 123.2191080625916442 ) ) ;
#526 = CARTESIAN_POINT ( 'NONE',  ( 21.83168564831800040, 7.147554717459502882, 21.05994175971162718 ) ) ;
#527 = LINE ( 'NONE', #2495, #458 ) ;
#528 =( BOUNDED_CURVE ( )  B_SPLINE_CURVE ( 3, ( #6337, #4845, #425, #5420 ),
 .UNSPECIFIED., .F., .F. ) 
 B_SPLINE_CURVE_WITH_KNOTS ( ( 4, 4 ),
 ( 4.606578467618002826, 4.642670832060645125 ),
 .UNSPECIFIED. ) 
 CURVE ( )  GEOMETRIC_REPRESENTATION_ITEM ( )  RATIONAL_B_SPLINE_CURVE ( ( 1.000000000000000000, 0.9998914480484210054, 0.9998914480484210054, 1.000000000000000000 ) ) 
 REPRESENTATION_ITEM ( '' )  );
#529 = FACE_OUTER_BOUND ( 'NONE', #4250, .T. ) ;
#530 = CARTESIAN_POINT ( 'NONE',  ( -9.242634401269301136, 5.585421827268436168, 19.43814281314857695 ) ) ;
#531 = CARTESIAN_POINT ( 'NONE',  ( -7.641471549007476938, 4.120809580531237692, 24.15118135527024990 ) ) ;
#532 = CARTESIAN_POINT ( 'NONE',  ( -14.50320309639814909, 5.689880939006741301, 19.00000000000000000 ) ) ;
#533 = CARTESIAN_POINT ( 'NONE',  ( -14.50054598776359605, -2.790019306531116072, 15.88835865603518194 ) ) ;
#534 = VERTEX_POINT ( 'NONE', #303 ) ;
#535 = CARTESIAN_POINT ( 'NONE',  ( -12.93124719067585104, 4.108531293762088588, 21.20230488912934064 ) ) ;
#536 = VECTOR ( 'NONE', #3231, 1000.000000000000000 ) ;
#537 = CARTESIAN_POINT ( 'NONE',  ( -2.221818830584481042, 5.118834590413660734, 19.30387625399069051 ) ) ;
#538 = CARTESIAN_POINT ( 'NONE',  ( -13.42943597054665084, 5.023697069895000311, 19.43448014034601101 ) ) ;
#539 = CARTESIAN_POINT ( 'NONE',  ( 21.18865719440906403, 7.326914307057137421, 24.15118135527027476 ) ) ;
#540 = ORIENTED_EDGE ( 'NONE', *, *, #1530, .T. ) ;
#541 = ADVANCED_FACE ( 'NONE', ( #3792 ), #3306, .T. ) ;
#542 = CARTESIAN_POINT ( 'NONE',  ( 21.72352641887598423, 6.600084789494685467, 15.00000000000000711 ) ) ;
#543 = CARTESIAN_POINT ( 'NONE',  ( 21.83173610432852030, 7.147448078811377670, 21.05930758899748767 ) ) ;
#544 = VECTOR ( 'NONE', #4566, 1000.000000000000000 ) ;
#545 = CARTESIAN_POINT ( 'NONE',  ( -3.777798256892618056, -7.348781050176040885, 18.99999999999998934 ) ) ;
#546 = CARTESIAN_POINT ( 'NONE',  ( 11.30572500580600526, 5.633503117815009453, 19.83381965006250525 ) ) ;
#547 = CARTESIAN_POINT ( 'NONE',  ( -7.126073638316221093, -8.986459290205621286, 124.9999999999999147 ) ) ;
#548 = VERTEX_POINT ( 'NONE', #1335 ) ;
#549 = CARTESIAN_POINT ( 'NONE',  ( -13.48263953086933498, 1.417413824383023879, 21.68252620888836901 ) ) ;
#550 = CARTESIAN_POINT ( 'NONE',  ( -9.639981321895964683, -7.276690360730750484, 119.5093032300534048 ) ) ;
#551 = CARTESIAN_POINT ( 'NONE',  ( 23.45706798045922881, 5.299715047781317523, 19.00000000000000711 ) ) ;
#552 = DIRECTION ( 'NONE',  ( 0.000000000000000000, -0.000000000000000000, -1.000000000000000000 ) ) ;
#553 = DIRECTION ( 'NONE',  ( 0.000000000000000000, 0.000000000000000000, -1.000000000000000000 ) ) ;
#554 = ORIENTED_EDGE ( 'NONE', *, *, #833, .F. ) ;
#555 = CARTESIAN_POINT ( 'NONE',  ( -12.04581346601740144, 5.296046023516345791, 19.62855951471049920 ) ) ;
#556 = CARTESIAN_POINT ( 'NONE',  ( -15.26522611280807062, 4.340913466448140134, 19.06134950577069986 ) ) ;
#557 = DIRECTION ( 'NONE',  ( 0.000000000000000000, 0.000000000000000000, -1.000000000000000000 ) ) ;
#558 = CARTESIAN_POINT ( 'NONE',  ( -16.00000000000000000, 4.278704876181099515, 19.00000000000000000 ) ) ;
#559 = CARTESIAN_POINT ( 'NONE',  ( -11.05153594150575103, -5.859121971821025454, 121.7802173497425713 ) ) ;
#560 = CARTESIAN_POINT ( 'NONE',  ( -17.20341264995425234, -13.99145063748610873, 123.7675566951560739 ) ) ;
#561 = DIRECTION ( 'NONE',  ( -0.6819983600625022513, 0.7313537016191670181, -1.485617761692451402E-16 ) ) ;
#562 = ADVANCED_FACE ( 'NONE', ( #853 ), #1678, .T. ) ;
#563 = CARTESIAN_POINT ( 'NONE',  ( -9.474868604455055632, 4.677919969626499253, 20.63515431157419755 ) ) ;
#564 = CARTESIAN_POINT ( 'NONE',  ( -13.02232195377813895, 4.887997367185060504, 15.00000000000000355 ) ) ;
#565 = CARTESIAN_POINT ( 'NONE',  ( -14.17975044579571531, 5.545500541298915564, 19.05695785255252517 ) ) ;
#566 = DIRECTION ( 'NONE',  ( -0.6819983600625022513, 0.7313537016191670181, -1.485617761692451402E-16 ) ) ;
#567 = ORIENTED_EDGE ( 'NONE', *, *, #6074, .F. ) ;
#568 = CARTESIAN_POINT ( 'NONE',  ( 19.03063915331192746, 5.094974746830581935, 5.845045092764127759 ) ) ;
#569 = CARTESIAN_POINT ( 'NONE',  ( -1.022172125250560892, 3.996809375529051689, 20.51578443350087255 ) ) ;
#570 = CARTESIAN_POINT ( 'NONE',  ( 10.54527014898534176, 6.951114722198190599, 42.40200746962075584 ) ) ;
#571 = CARTESIAN_POINT ( 'NONE',  ( -13.92215062718842056, 6.048174938317570692, 19.00000000000000000 ) ) ;
#572 = CARTESIAN_POINT ( 'NONE',  ( 15.44709418298955050, 15.80643174633222792, 97.49437716547349453 ) ) ;
#573 = ORIENTED_EDGE ( 'NONE', *, *, #6330, .F. ) ;
#574 = CARTESIAN_POINT ( 'NONE',  ( 21.70869627619648412, 7.794598013298359440, 24.15118135527027476 ) ) ;
#575 = CARTESIAN_POINT ( 'NONE',  ( 23.40443015322055587, 18.06247228545165129, 122.1984373017320422 ) ) ;
#576 = CARTESIAN_POINT ( 'NONE',  ( 10.62193504335055216, 4.862665637274191432, 21.05807452227746523 ) ) ;
#577 = CARTESIAN_POINT ( 'NONE',  ( -10.75635561054004974, -7.492019935157479438, 97.49437716547346611 ) ) ;
#578 = VERTEX_POINT ( 'NONE', #5236 ) ;
#579 = AXIS2_PLACEMENT_3D ( 'NONE', #6028, #4585, #681 ) ;
#580 = CARTESIAN_POINT ( 'NONE',  ( -13.79907030517279942, 2.414645235796815115, 19.30186324084627714 ) ) ;
#581 = DIRECTION ( 'NONE',  ( -0.7313537016191670181, -0.6819983600625021403, 0.000000000000000000 ) ) ;
#582 = CARTESIAN_POINT ( 'NONE',  ( 21.89919299497312366, 7.622637544213884730, 19.00000000000654410 ) ) ;
#583 = CARTESIAN_POINT ( 'NONE',  ( 12.99999999999999822, 4.202752579821934731, 3.000000000000001776 ) ) ;
#584 = CARTESIAN_POINT ( 'NONE',  ( 1.837706978356719922, -6.838194555176017708, 19.00000000000000355 ) ) ;
#585 = VERTEX_POINT ( 'NONE', #4754 ) ;
#586 = CARTESIAN_POINT ( 'NONE',  ( -14.10495205886504344, 3.707942097945425175, 19.91254740779755750 ) ) ;
#587 = CARTESIAN_POINT ( 'NONE',  ( 7.100242815677128227, 6.780319222997264639, 18.99999999999998934 ) ) ;
#588 = CARTESIAN_POINT ( 'NONE',  ( -10.85250942523806472, -5.621942255396594312, 121.7912745710820417 ) ) ;
#589 = CARTESIAN_POINT ( 'NONE',  ( 17.95907842493939910, 18.06247228545159444, 123.6781965466070403 ) ) ;
#590 = FACE_OUTER_BOUND ( 'NONE', #2451, .T. ) ;
#591 = CARTESIAN_POINT ( 'NONE',  ( -8.930632505493314000, 4.641554699129395445, 20.64512446422810399 ) ) ;
#592 = CARTESIAN_POINT ( 'NONE',  ( -9.446196155680208761, -8.196708638503507061, 125.0000000000000000 ) ) ;
#593 = CARTESIAN_POINT ( 'NONE',  ( -13.31842743601293222, 4.170581439535860468, 20.37673236764057805 ) ) ;
#594 = CARTESIAN_POINT ( 'NONE',  ( -2.134418665307272978, 0.1200779104289401156, 119.9136091895929468 ) ) ;
#595 = ORIENTED_EDGE ( 'NONE', *, *, #162, .F. ) ;
#596 = LINE ( 'NONE', #5504, #1334 ) ;
#597 = VECTOR ( 'NONE', #771, 999.9999999999998863 ) ;
#598 = CARTESIAN_POINT ( 'NONE',  ( 18.54186385913653012, 7.122833077446905747, 20.50618709497004133 ) ) ;
#599 = B_SPLINE_CURVE_WITH_KNOTS ( 'NONE', 3,
 ( #3203, #4652, #3581, #5060, #4143, #4075, #3691, #1613, #2133, #752 ),
 .UNSPECIFIED., .F., .F.,
 ( 4, 2, 2, 2, 4 ),
 ( 0.000000000000000000, 0.2500000000000000000, 0.5000000000000000000, 0.7500000000000000000, 1.000000000000000000 ),
 .UNSPECIFIED. ) ;
#600 = CARTESIAN_POINT ( 'NONE',  ( -2.238759083793731897, 4.845471630447527822, 19.48247924642253892 ) ) ;
#601 = CARTESIAN_POINT ( 'NONE',  ( 16.63995404078883666, 9.832733505572553767, 42.40200746962060663 ) ) ;
#602 = CARTESIAN_POINT ( 'NONE',  ( -12.96175935549618607, 4.090431767114494299, 21.22466815453840283 ) ) ;
#603 = DIRECTION ( 'NONE',  ( 0.000000000000000000, 0.000000000000000000, -1.000000000000000000 ) ) ;
#604 = ORIENTED_EDGE ( 'NONE', *, *, #2381, .F. ) ;
#605 = CARTESIAN_POINT ( 'NONE',  ( 12.81964623115801416, 17.22906202518295160, 115.8311238661720921 ) ) ;
#606 = CARTESIAN_POINT ( 'NONE',  ( 12.58277536230361981, 17.24596801844030480, 121.3383167096797877 ) ) ;
#607 = CARTESIAN_POINT ( 'NONE',  ( 9.739874509387002277, 5.111368591632780678, 20.07635345974428631 ) ) ;
#608 = CARTESIAN_POINT ( 'NONE',  ( -6.012378956221178683, -5.597523701297876464, 42.40200746962047162 ) ) ;
#609 = VERTEX_POINT ( 'NONE', #6245 ) ;
#610 = CARTESIAN_POINT ( 'NONE',  ( -11.20373526316177681, -1.710397401900882075, 21.68682661193457051 ) ) ;
#611 = DIRECTION ( 'NONE',  ( -0.6819983600625022513, 0.7313537016191670181, -1.485617761692451402E-16 ) ) ;
#612 = CARTESIAN_POINT ( 'NONE',  ( 21.62940185702002083, 7.636231525727462000, 18.99999999999710454 ) ) ;
#613 = CARTESIAN_POINT ( 'NONE',  ( -15.94958594319161094, 0.7664250389939174513, 19.00000000000000000 ) ) ;
#614 = CARTESIAN_POINT ( 'NONE',  ( 17.17349389441548269, 8.741613006359205684, 19.00000000000000000 ) ) ;
#615 = DIRECTION ( 'NONE',  ( -1.000000000000000000, 0.000000000000000000, -0.000000000000000000 ) ) ;
#616 = ORIENTED_EDGE ( 'NONE', *, *, #5413, .F. ) ;
#617 = CARTESIAN_POINT ( 'NONE',  ( -13.63536554291978575, 3.440483635531415896, 21.38941353620834818 ) ) ;
#618 = DIRECTION ( 'NONE',  ( 1.000000000000000000, 0.000000000000000000, 0.000000000000000000 ) ) ;
#619 = CARTESIAN_POINT ( 'NONE',  ( -9.278848214445282849, -11.04533036066762897, 121.6910698874723948 ) ) ;
#620 = CARTESIAN_POINT ( 'NONE',  ( 17.58544915430229238, 24.96247228545159658, 120.6665614525241921 ) ) ;
#621 = DIRECTION ( 'NONE',  ( -0.7313537016191671292, -0.6819983600625021403, 0.000000000000000000 ) ) ;
#622 = CARTESIAN_POINT ( 'NONE',  ( -9.461789150154757522, 4.955173961826966789, 20.09146372212003229 ) ) ;
#623 = CARTESIAN_POINT ( 'NONE',  ( -9.627839074834405153, -8.461531412515032713, 125.0000000000000000 ) ) ;
#624 = CARTESIAN_POINT ( 'NONE',  ( -13.17184235295082395, 3.962280418199433552, 21.25608906264442410 ) ) ;
#625 = CARTESIAN_POINT ( 'NONE',  ( -50.00000000000000000, 6.849999999999995204, 10.81811419226828619 ) ) ;
#626 = ORIENTED_EDGE ( 'NONE', *, *, #4623, .F. ) ;
#627 = DIRECTION ( 'NONE',  ( 0.000000000000000000, -0.7660444431189771253, 0.6427876096865403621 ) ) ;
#628 = CARTESIAN_POINT ( 'NONE',  ( -9.015836561207663635, -8.974876265752349980, 119.9181836847943146 ) ) ;
#629 = CARTESIAN_POINT ( 'NONE',  ( -1.878899334538480126, 3.834294718459279938, 21.43698405063273071 ) ) ;
#630 = CARTESIAN_POINT ( 'NONE',  ( 11.86750386148231229, 12.99918407780304896, 97.49437716547357979 ) ) ;
#631 = ADVANCED_FACE ( 'NONE', ( #4787 ), #365, .F. ) ;
#632 = CARTESIAN_POINT ( 'NONE',  ( -13.32309267692385468, 4.823466278931664242, 19.63740453835245603 ) ) ;
#633 = EDGE_CURVE ( 'NONE', #805, #6213, #1882, .T. ) ;
#634 = CARTESIAN_POINT ( 'NONE',  ( 14.79209741530438826, -3.475312508194680738, 3.610394695806004250 ) ) ;
#635 = ORIENTED_EDGE ( 'NONE', *, *, #6364, .T. ) ;
#636 = CARTESIAN_POINT ( 'NONE',  ( 18.53580620740235574, 12.23985375177874957, 70.05120874106590634 ) ) ;
#637 = CARTESIAN_POINT ( 'NONE',  ( 12.65370455917904025, 17.38019293783308328, 121.3292116149067539 ) ) ;
#638 = ADVANCED_FACE ( 'NONE', ( #4874 ), #4456, .T. ) ;
#639 = CIRCLE ( 'NONE', #1466, 2.500000000000000888 ) ;
#640 = CARTESIAN_POINT ( 'NONE',  ( 7.808958295762876034, 6.896465166822388859, 19.00000000000000000 ) ) ;
#641 = CARTESIAN_POINT ( 'NONE',  ( 5.016864929851614363, -2.098538768017772060, 42.40200746962064215 ) ) ;
#642 = VERTEX_POINT ( 'NONE', #939 ) ;
#643 = FACE_OUTER_BOUND ( 'NONE', #3082, .T. ) ;
#644 = AXIS2_PLACEMENT_3D ( 'NONE', #2238, #4112, #3174 ) ;
#645 = DIRECTION ( 'NONE',  ( -0.7313537016191670181, -0.6819983600625021403, 0.000000000000000000 ) ) ;
#646 = CARTESIAN_POINT ( 'NONE',  ( 23.65899434923019840, 5.493765204286678916, 19.00000000000000711 ) ) ;
#647 = DIRECTION ( 'NONE',  ( 0.000000000000000000, -1.000000000000000000, 0.000000000000000000 ) ) ;
#648 = CARTESIAN_POINT ( 'NONE',  ( 21.83168564831800040, 7.147554717459502882, 21.05994175971162718 ) ) ;
#649 = ORIENTED_EDGE ( 'NONE', *, *, #3766, .F. ) ;
#650 = CARTESIAN_POINT ( 'NONE',  ( -13.64450527091734244, 3.422928215214992242, 21.39325645969607237 ) ) ;
#651 = CYLINDRICAL_SURFACE ( 'NONE', #2087, 1.000000000000000888 ) ;
#652 = CARTESIAN_POINT ( 'NONE',  ( -9.316933273851361719, -11.04757504855331085, 121.6898004959317348 ) ) ;
#653 = CARTESIAN_POINT ( 'NONE',  ( -10.51657658096594083, -5.230388492532348721, 121.8091160402407951 ) ) ;
#654 = CYLINDRICAL_SURFACE ( 'NONE', #6321, 0.7000000000000002887 ) ;
#655 = EDGE_CURVE ( 'NONE', #5030, #4068, #395, .T. ) ;
#656 =( LENGTH_UNIT ( ) NAMED_UNIT ( * ) SI_UNIT ( .MILLI., .METRE. ) );
#657 = CARTESIAN_POINT ( 'NONE',  ( -9.974328234580893238, 6.756216677632722600, 19.00000000000000000 ) ) ;
#658 = CARTESIAN_POINT ( 'NONE',  ( -13.90061814350077007, 0.6502951550040720896, 42.40200746962064215 ) ) ;
#659 = CARTESIAN_POINT ( 'NONE',  ( -14.21321324663326813, 5.163739861289625921, 19.16868755231476840 ) ) ;
#660 = CARTESIAN_POINT ( 'NONE',  ( 11.87802089549754392, 16.76655904509075157, 119.6553846195834296 ) ) ;
#661 = VERTEX_POINT ( 'NONE', #2452 ) ;
#662 = CARTESIAN_POINT ( 'NONE',  ( -12.89977496635397891, 4.124185830805203956, 21.20170489374572398 ) ) ;
#663 = CARTESIAN_POINT ( 'NONE',  ( -8.857485496960451954, -8.955849292603415890, 119.9193824920897384 ) ) ;
#664 = CARTESIAN_POINT ( 'NONE',  ( 20.15046141097923638, 7.444646285336760094, 21.61431323507804692 ) ) ;
#665 = VECTOR ( 'NONE', #1594, 1000.000000000000227 ) ;
#666 = CARTESIAN_POINT ( 'NONE',  ( -12.23521021088618177, -4.087757874485096643, 18.99999999999999289 ) ) ;
#667 = CARTESIAN_POINT ( 'NONE',  ( -1.383847411172771880, 5.367879803895528212, 19.18541372488612140 ) ) ;
#668 = CARTESIAN_POINT ( 'NONE',  ( 10.34222742526295136, 11.49942195014084412, 97.49437716547342347 ) ) ;
#669 = CARTESIAN_POINT ( 'NONE',  ( -13.41471870329797511, 5.031153450430554841, 19.43442563547262480 ) ) ;
#670 = CARTESIAN_POINT ( 'NONE',  ( 12.29860967767662672, 17.77060831128476792, 125.0000000000000000 ) ) ;
#671 = VERTEX_POINT ( 'NONE', #3978 ) ;
#672 = CARTESIAN_POINT ( 'NONE',  ( -15.33853058486728749, 2.881966011250262749, 15.99999999999999645 ) ) ;
#673 = CARTESIAN_POINT ( 'NONE',  ( 20.31893931958760291, 2.808702478859951501, 13.15135840397382516 ) ) ;
#674 = EDGE_CURVE ( 'NONE', #904, #4621, #2940, .T. ) ;
#675 = CARTESIAN_POINT ( 'NONE',  ( 9.606108467649768556, 5.854075485977981330, 19.35454996534019401 ) ) ;
#676 = CARTESIAN_POINT ( 'NONE',  ( -11.80745866310383718, 4.772653479562433354, 20.33745198032674395 ) ) ;
#677 = CARTESIAN_POINT ( 'NONE',  ( -2.232139335820570114, -5.011437066490419312, 115.8311238661723053 ) ) ;
#678 = ORIENTED_EDGE ( 'NONE', *, *, #4898, .T. ) ;
#679 = CARTESIAN_POINT ( 'NONE',  ( -16.00000000000000000, -9.573965526745718435, 19.00000000000000000 ) ) ;
#680 = DIRECTION ( 'NONE',  ( 1.000000000000000000, 0.000000000000000000, 0.000000000000000000 ) ) ;
#681 = DIRECTION ( 'NONE',  ( 1.000000000000000000, 0.000000000000000000, -0.000000000000000000 ) ) ;
#682 = CARTESIAN_POINT ( 'NONE',  ( 22.15801231860679721, 7.071573151199822327, 18.99999999999941735 ) ) ;
#683 = CARTESIAN_POINT ( 'NONE',  ( -17.20341264995425234, -13.99145063748610873, 123.7675566951560739 ) ) ;
#684 = CARTESIAN_POINT ( 'NONE',  ( 17.80621300347219815, 6.738033359279752332, 21.92435276221271678 ) ) ;
#685 = B_SPLINE_CURVE_WITH_KNOTS ( 'NONE', 3,
 ( #543, #4103, #3577, #3649 ),
 .UNSPECIFIED., .F., .F.,
 ( 4, 4 ),
 ( 0.000000000000000000, 6.450504669712941285E-07 ),
 .UNSPECIFIED. ) ;
#686 = LINE ( 'NONE', #1546, #3236 ) ;
#687 = ORIENTED_EDGE ( 'NONE', *, *, #5731, .T. ) ;
#688 = CARTESIAN_POINT ( 'NONE',  ( -14.01384472472785525, 3.440342622486349367, 20.19422897582655807 ) ) ;
#689 = CARTESIAN_POINT ( 'NONE',  ( 18.70443868275849653, 24.96247228545160368, 130.1169195305652124 ) ) ;
#690 = CARTESIAN_POINT ( 'NONE',  ( 0.5175393879723040325, 2.839459092317105693, 121.9930221135550994 ) ) ;
#691 = CARTESIAN_POINT ( 'NONE',  ( 13.38184318817471663, 24.96247228545155039, 120.9300213754128350 ) ) ;
#692 = CARTESIAN_POINT ( 'NONE',  ( 12.29426976275055239, 17.33056204646942788, 119.6209802687134811 ) ) ;
#693 = CARTESIAN_POINT ( 'NONE',  ( -9.576314371521924329, 6.744739325374970562, 19.00000000000000000 ) ) ;
#694 = CARTESIAN_POINT ( 'NONE',  ( -14.17459663092931521, 0.07663878760749669172, 42.40200746962063505 ) ) ;
#695 = CARTESIAN_POINT ( 'NONE',  ( -14.27546088682143477, 5.112125336593964064, 19.16923805259376934 ) ) ;
#696 = LINE ( 'NONE', #2657, #5854 ) ;
#697 = EDGE_LOOP ( 'NONE', ( #5751, #235, #5037, #2361, #318, #3589 ) ) ;
#698 = DIRECTION ( 'NONE',  ( 0.000000000000000000, 0.000000000000000000, -1.000000000000000000 ) ) ;
#699 = CARTESIAN_POINT ( 'NONE',  ( -9.834692956173793021, -9.000628557045518008, 121.7373120547319871 ) ) ;
#700 = CARTESIAN_POINT ( 'NONE',  ( 20.00538767953433350, 5.274170347978460960, 18.99999999999999645 ) ) ;
#701 = CARTESIAN_POINT ( 'NONE',  ( -5.979070988521288932, 4.762350994083881517, 19.88391904618476502 ) ) ;
#702 = CARTESIAN_POINT ( 'NONE',  ( 8.730133495936692967, 4.714089899267375650, 24.15118135527024279 ) ) ;
#703 = CARTESIAN_POINT ( 'NONE',  ( -13.55279231869016066, 5.257224550710918543, 19.27343608970409150 ) ) ;
#704 = DIRECTION ( 'NONE',  ( -0.000000000000000000, 1.000000000000000000, 0.000000000000000000 ) ) ;
#705 = ORIENTED_EDGE ( 'NONE', *, *, #4364, .T. ) ;
#706 = LINE ( 'NONE', #4713, #5480 ) ;
#707 = AXIS2_PLACEMENT_3D ( 'NONE', #3635, #5565, #2117 ) ;
#708 = PRODUCT_DEFINITION ( 'UNKNOWN', '', #451, #2397 ) ;
#709 = CARTESIAN_POINT ( 'NONE',  ( 21.10860099629033471, 18.06247228545162642, 123.0737604614788410 ) ) ;
#710 = CARTESIAN_POINT ( 'NONE',  ( 5.632460595995977037, 5.004456362493235666, 19.53601602829830952 ) ) ;
#711 = CARTESIAN_POINT ( 'NONE',  ( -12.37087336998363263, 6.922294489905570281, 19.00000000000000000 ) ) ;
#712 = CARTESIAN_POINT ( 'NONE',  ( 2.644365297851098084, 0.6572752393334546639, 125.0000000000000284 ) ) ;
#713 = ORIENTED_EDGE ( 'NONE', *, *, #468, .T. ) ;
#714 = CARTESIAN_POINT ( 'NONE',  ( 13.07185911835534320, -3.685705855882361437, 3.433853715359119985 ) ) ;
#715 = CARTESIAN_POINT ( 'NONE',  ( 22.79819530646350145, 6.039690178757262551, 19.20007217609114392 ) ) ;
#716 = CARTESIAN_POINT ( 'NONE',  ( 13.41732870741606298, 7.304492305321416801, 19.07688151358683371 ) ) ;
#717 = CARTESIAN_POINT ( 'NONE',  ( -16.00000000000000000, 9.000000000000000000, 16.50000000000000000 ) ) ;
#718 = CARTESIAN_POINT ( 'NONE',  ( 22.02619398267318118, 7.524539197190047268, 18.99999999999529976 ) ) ;
#719 = EDGE_CURVE ( 'NONE', #3916, #283, #2307, .T. ) ;
#720 = CARTESIAN_POINT ( 'NONE',  ( 17.48075199987335537, 7.768452289729093074, 19.38616983439696995 ) ) ;
#721 = ORIENTED_EDGE ( 'NONE', *, *, #655, .T. ) ;
#722 = CARTESIAN_POINT ( 'NONE',  ( -13.69337305285655582, 3.347993564278389567, 21.09116573176872933 ) ) ;
#723 = EDGE_CURVE ( 'NONE', #2420, #3849, #987, .T. ) ;
#724 = CARTESIAN_POINT ( 'NONE',  ( -15.33853058486728749, -2.500000000000000444, 13.00000000000000178 ) ) ;
#725 = EDGE_CURVE ( 'NONE', #4577, #5668, #528, .T. ) ;
#726 = CARTESIAN_POINT ( 'NONE',  ( -6.231218913814312366, -1.039760389296777277, 121.9584867494232441 ) ) ;
#727 = CARTESIAN_POINT ( 'NONE',  ( -12.22841213084455525, -7.792693953703233589, 121.6937472587457449 ) ) ;
#728 = CARTESIAN_POINT ( 'NONE',  ( -16.00000000000000000, 8.999999999999996447, 19.00000000000000000 ) ) ;
#729 = CARTESIAN_POINT ( 'NONE',  ( -9.927915501053352187, 4.573889429598081868, 21.22627653369658773 ) ) ;
#730 = CARTESIAN_POINT ( 'NONE',  ( -9.651081464451316094, -8.985198455418709429, 125.0000000000000000 ) ) ;
#731 = CARTESIAN_POINT ( 'NONE',  ( -13.34162768258849852, 3.973230117268808037, 20.66501356951602730 ) ) ;
#732 = CARTESIAN_POINT ( 'NONE',  ( -3.139582836689960299, -0.8584954051258923968, 119.8779844054785002 ) ) ;
#733 = ORIENTED_EDGE ( 'NONE', *, *, #3893, .F. ) ;
#734 = CARTESIAN_POINT ( 'NONE',  ( 12.99999999999999822, -4.299999999999999822, 2.004614623063062151 ) ) ;
#735 = CARTESIAN_POINT ( 'NONE',  ( -9.465302072169841097, -9.199892333107600351, 121.7400347650140446 ) ) ;
#736 = DIRECTION ( 'NONE',  ( -0.6819983600625022513, 0.7313537016191670181, -1.485617761692451402E-16 ) ) ;
#737 = CARTESIAN_POINT ( 'NONE',  ( 13.75488779704038578, 1.407334153551259792, 19.00000000000332889 ) ) ;
#738 = CARTESIAN_POINT ( 'NONE',  ( -3.560173515340989692, 3.947943891680003148, 21.39111522400758147 ) ) ;
#739 = CARTESIAN_POINT ( 'NONE',  ( -2.075440383072034489, -0.1309037258230134892, 125.0000000000000568 ) ) ;
#740 = CARTESIAN_POINT ( 'NONE',  ( -13.43434807426256761, 5.021203496832783664, 19.43449805795461671 ) ) ;
#741 = CARTESIAN_POINT ( 'NONE',  ( 21.93789770413871310, 8.002518425813210712, 24.15118135527022858 ) ) ;
#742 = ORIENTED_EDGE ( 'NONE', *, *, #371, .T. ) ;
#743 = CARTESIAN_POINT ( 'NONE',  ( -50.00000000000000000, -4.696178767820459399, 7.127216953484122541 ) ) ;
#744 = CARTESIAN_POINT ( 'NONE',  ( 12.08714587652047356, 15.67933353212560732, 119.1240947119287341 ) ) ;
#745 =( BOUNDED_CURVE ( )  B_SPLINE_CURVE ( 3, ( #4086, #620, #691, #4980 ),
 .UNSPECIFIED., .F., .T. ) 
 B_SPLINE_CURVE_WITH_KNOTS ( ( 4, 4 ),
 ( 4.612960477066497589, 4.640841420202388434 ),
 .UNSPECIFIED. ) 
 CURVE ( )  GEOMETRIC_REPRESENTATION_ITEM ( )  RATIONAL_B_SPLINE_CURVE ( ( 1.000000000000000000, 0.9999352221332246105, 0.9999352221332246105, 1.000000000000000000 ) ) 
 REPRESENTATION_ITEM ( '' )  );
#746 = CARTESIAN_POINT ( 'NONE',  ( 7.072034577325763571, 6.446384615488958580, 19.00000000000000000 ) ) ;
#747 = EDGE_CURVE ( 'NONE', #3247, #5388, #3582, .T. ) ;
#748 = CARTESIAN_POINT ( 'NONE',  ( -12.82844212430684472, 5.296236990390660537, 19.43141346562006433 ) ) ;
#749 = CARTESIAN_POINT ( 'NONE',  ( 3.624503133822238432, 2.159129217087933927, 125.0000000000001990 ) ) ;
#750 = ORIENTED_EDGE ( 'NONE', *, *, #1583, .T. ) ;
#751 = CARTESIAN_POINT ( 'NONE',  ( 21.49039696202813587, 24.96247228545162855, 122.8938180865221312 ) ) ;
#752 = CARTESIAN_POINT ( 'NONE',  ( -16.00000000000000000, 0.8771390848696883902, 19.00000000000000000 ) ) ;
#753 = CARTESIAN_POINT ( 'NONE',  ( 13.05747422400594715, 5.347005590382602591, 21.46637851798413621 ) ) ;
#754 = CARTESIAN_POINT ( 'NONE',  ( 21.57503261080706025, 7.397983605714009592, 19.00000000000025224 ) ) ;
#755 = AXIS2_PLACEMENT_3D ( 'NONE', #3711, #2829, #3260 ) ;
#756 = CIRCLE ( 'NONE', #5068, 335.5000000000000000 ) ;
#757 = CARTESIAN_POINT ( 'NONE',  ( 15.00000000000000000, -9.573965526745718435, 2.999999999999999112 ) ) ;
#758 = ORIENTED_EDGE ( 'NONE', *, *, #1883, .F. ) ;
#759 = CARTESIAN_POINT ( 'NONE',  ( -15.87083354701313276, 4.555257315929602591, 19.00000000000000000 ) ) ;
#760 = CARTESIAN_POINT ( 'NONE',  ( 23.57821566828095072, 5.405685486390278349, 19.00000000000000000 ) ) ;
#761 = CARTESIAN_POINT ( 'NONE',  ( 2.732083933619565475, 5.381855940613639255, 121.9527141897600018 ) ) ;
#762 = ADVANCED_FACE ( 'NONE', ( #457 ), #232, .F. ) ;
#763 = CARTESIAN_POINT ( 'NONE',  ( -7.531144469218370219, -2.252811863622812272, 121.9262653532462224 ) ) ;
#764 = SURFACE_SIDE_STYLE ('',( #3214 ) ) ;
#765 = CARTESIAN_POINT ( 'NONE',  ( -10.19739968425863275, 4.982214700098353433, 20.08268668179004734 ) ) ;
#766 = CARTESIAN_POINT ( 'NONE',  ( -14.02768529640444406, -1.099432394462973805, 42.40200746962064215 ) ) ;
#767 = CARTESIAN_POINT ( 'NONE',  ( -13.36158743569205853, 3.804328055257694796, 21.29298798083795674 ) ) ;
#768 = CARTESIAN_POINT ( 'NONE',  ( 13.29291633083205326, -3.385147520319935932, 3.711207688485947731 ) ) ;
#769 = ORIENTED_EDGE ( 'NONE', *, *, #1691, .T. ) ;
#770 = AXIS2_PLACEMENT_3D ( 'NONE', #4415, #3528, #4017 ) ;
#771 = DIRECTION ( 'NONE',  ( 0.000000000000000000, 0.7660444431189821213, -0.6427876096865344779 ) ) ;
#772 = CARTESIAN_POINT ( 'NONE',  ( -10.12621409564395414, -8.570233592931893796, 119.5682245809944533 ) ) ;
#773 = CARTESIAN_POINT ( 'NONE',  ( -13.76678478148160245, 1.998290512432014054, 21.64669223950111387 ) ) ;
#774 = CYLINDRICAL_SURFACE ( 'NONE', #5383, 2.999999999999999112 ) ;
#775 = EDGE_CURVE ( 'NONE', #3767, #3681, #2482, .T. ) ;
#776 = CARTESIAN_POINT ( 'NONE',  ( 4.580275220622169741, -3.199093310235800125, 21.38109784998201590 ) ) ;
#777 = CARTESIAN_POINT ( 'NONE',  ( -3.376990151887517833, 6.120033103172589861, 19.00000000000000000 ) ) ;
#778 = CARTESIAN_POINT ( 'NONE',  ( 6.336179594487775901, 5.358562207734268057, 42.40200746962073453 ) ) ;
#779 = CARTESIAN_POINT ( 'NONE',  ( -13.15670732661188325, 4.441363037338629027, 20.08548874106144666 ) ) ;
#780 = CARTESIAN_POINT ( 'NONE',  ( -0.7232103141436789784, -3.718473837289937745, 119.9873414306385513 ) ) ;
#781 = ORIENTED_EDGE ( 'NONE', *, *, #4187, .F. ) ;
#782 = CARTESIAN_POINT ( 'NONE',  ( 24.79999999999999361, 2.881966011250104653, 16.00000000000000000 ) ) ;
#783 = CARTESIAN_POINT ( 'NONE',  ( 4.868436331286133623, 3.817426172665333350, 121.9440774176317603 ) ) ;
#784 = CARTESIAN_POINT ( 'NONE',  ( 4.790336351359815836, 5.210635670679200082, 19.33447385038543942 ) ) ;
#785 = CARTESIAN_POINT ( 'NONE',  ( -12.26069579683310096, 4.521383974405638995, 20.61061998266052697 ) ) ;
#786 = CARTESIAN_POINT ( 'NONE',  ( 5.008971909420458779, 3.302446105435627999, 115.8311238661718932 ) ) ;
#787 = EDGE_LOOP ( 'NONE', ( #510, #4185, #3063, #5869 ) ) ;
#788 = CARTESIAN_POINT ( 'NONE',  ( -11.70608084859520837, 6.949951326780577254, 9.675665299435893374 ) ) ;
#789 = DIRECTION ( 'NONE',  ( 1.000000000000000000, 0.000000000000000000, 0.000000000000000000 ) ) ;
#790 = CARTESIAN_POINT ( 'NONE',  ( 21.00658387574983266, 10.38081398660566279, 18.99999999999999289 ) ) ;
#791 = B_SPLINE_CURVE_WITH_KNOTS ( 'NONE', 3,
 ( #2262, #5611, #3196, #4240, #2229, #1675 ),
 .UNSPECIFIED., .F., .F.,
 ( 4, 2, 4 ),
 ( 0.000000000000000000, 0.002161477422293125138, 0.004322954844586250275 ),
 .UNSPECIFIED. ) ;
#792 = CARTESIAN_POINT ( 'NONE',  ( -14.43859503894075758, -1.845380614350461190, 19.00000000000000000 ) ) ;
#793 = CARTESIAN_POINT ( 'NONE',  ( 16.23609510242978970, 6.253830013885599115, 21.88982438168632427 ) ) ;
#794 = ORIENTED_EDGE ( 'NONE', *, *, #1329, .T. ) ;
#795 = CARTESIAN_POINT ( 'NONE',  ( -13.84404186738153975, 3.514322970929779633, 20.47113111779200523 ) ) ;
#796 = CARTESIAN_POINT ( 'NONE',  ( 24.03115657551620288, 8.999999999999998224, 19.00000000000000000 ) ) ;
#797 = CARTESIAN_POINT ( 'NONE',  ( -6.533191079439846227, -1.322761539265972175, 121.9516632775439007 ) ) ;
#798 = LINE ( 'NONE', #5851, #5808 ) ;
#799 = CARTESIAN_POINT ( 'NONE',  ( -7.111625922736686256, -10.61587386078720385, 121.7670319960548682 ) ) ;
#800 = CARTESIAN_POINT ( 'NONE',  ( 12.68302697770803356, 17.38279306329184948, 119.1901719497570298 ) ) ;
#801 = CARTESIAN_POINT ( 'NONE',  ( -9.907976702256208412, 5.390438209464739394, 19.63797025651799899 ) ) ;
#802 = CARTESIAN_POINT ( 'NONE',  ( -11.85538529938976104, -7.045282556887748626, 97.49437716547346611 ) ) ;
#803 = CARTESIAN_POINT ( 'NONE',  ( -14.44329992007683217, 4.527057758764176931, 19.28788997213152712 ) ) ;
#804 = CARTESIAN_POINT ( 'NONE',  ( 19.21902358064496497, 5.001503505445727527, 6.913426270597010870 ) ) ;
#805 = VERTEX_POINT ( 'NONE', #672 ) ;
#806 = CIRCLE ( 'NONE', #4208, 0.6999999999999992895 ) ;
#807 = CARTESIAN_POINT ( 'NONE',  ( 14.89243155458496837, 16.78936711713388519, 121.2474242991032440 ) ) ;
#808 = EDGE_CURVE ( 'NONE', #4025, #3681, #2572, .T. ) ;
#809 = CARTESIAN_POINT ( 'NONE',  ( -10.10173113441779869, -7.841479828922302886, 119.4741330539708599 ) ) ;
#810 = DIRECTION ( 'NONE',  ( 1.000000000000000000, 0.000000000000000000, 0.000000000000000000 ) ) ;
#811 = CARTESIAN_POINT ( 'NONE',  ( 19.81289185238377115, 5.146509768341211100, 18.99999999999999289 ) ) ;
#812 = CARTESIAN_POINT ( 'NONE',  ( -5.861148178139433895, 5.772684186623171954, 19.17375636670008987 ) ) ;
#813 = CARTESIAN_POINT ( 'NONE',  ( -0.4797695743148514547, 1.642850327471556682, 125.0000000000000284 ) ) ;
#814 = CARTESIAN_POINT ( 'NONE',  ( -12.99064662207953091, 4.113244581880056927, 20.92288257866511714 ) ) ;
#815 = CARTESIAN_POINT ( 'NONE',  ( -6.539109801329230365, -8.124337494710964336, 119.9853894617587997 ) ) ;
#816 = EDGE_LOOP ( 'NONE', ( #1735, #5174, #3149, #860 ) ) ;
#817 = ADVANCED_FACE ( 'NONE', ( #5055 ), #2633, .T. ) ;
#818 = CARTESIAN_POINT ( 'NONE',  ( 8.953793343232055335, 10.69742441675694344, 121.7127436559462410 ) ) ;
#819 = CARTESIAN_POINT ( 'NONE',  ( 5.733274655941952069, 4.129486539189453076, 20.95899224172710973 ) ) ;
#820 = CARTESIAN_POINT ( 'NONE',  ( -12.62271511803578683, 4.387297519882292995, 20.61863402489151653 ) ) ;
#821 = CARTESIAN_POINT ( 'NONE',  ( 14.20602319512756573, 5.131505612719502452, 42.40200746962073453 ) ) ;
#822 = ORIENTED_EDGE ( 'NONE', *, *, #3345, .T. ) ;
#823 = VECTOR ( 'NONE', #1559, 1000.000000000000000 ) ;
#824 = CARTESIAN_POINT ( 'NONE',  ( -12.40821241741630310, 2.532300186554369059, 13.64629439848003223 ) ) ;
#825 = CARTESIAN_POINT ( 'NONE',  ( -16.00337474810968175, -13.99145063748610518, 124.2469604894624240 ) ) ;
#826 = CARTESIAN_POINT ( 'NONE',  ( -13.33682992703005077, 1.568070762313893196, 19.00000000000065370 ) ) ;
#827 = EDGE_LOOP ( 'NONE', ( #4899, #1858, #112, #3403, #2184, #2486, #84, #5766 ) ) ;
#828 = DIRECTION ( 'NONE',  ( 0.000000000000000000, 0.7071067811865457964, 0.7071067811865492381 ) ) ;
#829 = CARTESIAN_POINT ( 'NONE',  ( 8.506879782225352571, 12.55541604762655084, 121.6749044235383082 ) ) ;
#830 = CARTESIAN_POINT ( 'NONE',  ( 13.54085891606379732, 19.33785074669519943, 121.1959986612173026 ) ) ;
#831 = CARTESIAN_POINT ( 'NONE',  ( -3.969761700099230683, 1.117544115097518054, 121.9971174578437569 ) ) ;
#832 = CARTESIAN_POINT ( 'NONE',  ( -10.16994797015066077, 7.063771255781212233, 19.00000000000000000 ) ) ;
#833 = EDGE_CURVE ( 'NONE', #283, #5266, #4631, .T. ) ;
#834 = CARTESIAN_POINT ( 'NONE',  ( -14.56275970114120533, 4.838756206785637559, 19.17223693619380853 ) ) ;
#835 = CARTESIAN_POINT ( 'NONE',  ( -50.00000000000000000, 4.299999999999999822, 2.004614623063062151 ) ) ;
#836 = ORIENTED_EDGE ( 'NONE', *, *, #4580, .T. ) ;
#837 = DIRECTION ( 'NONE',  ( 1.000000000000000000, 0.000000000000000000, 0.000000000000000000 ) ) ;
#838 = CARTESIAN_POINT ( 'NONE',  ( -9.975301298456354715, -8.249521259340543367, 121.7517015288143654 ) ) ;
#839 = FACE_OUTER_BOUND ( 'NONE', #5892, .T. ) ;
#840 = CARTESIAN_POINT ( 'NONE',  ( 12.29426976275055239, 17.33056204646942788, 119.6209802687134811 ) ) ;
#841 = CARTESIAN_POINT ( 'NONE',  ( 21.20061416509586394, 3.534743656869849815, 19.00000000000000000 ) ) ;
#842 = CARTESIAN_POINT ( 'NONE',  ( -2.145300878802502975, 6.353480030310319826, 19.00000000000000000 ) ) ;
#843 = CARTESIAN_POINT ( 'NONE',  ( -2.400126576923855115, 3.093709393971229904, 42.40200746962041478 ) ) ;
#844 = CARTESIAN_POINT ( 'NONE',  ( -13.95518219100797630, 6.031573291960060423, 19.00000000000000000 ) ) ;
#845 = CARTESIAN_POINT ( 'NONE',  ( -8.413330426274669094, -8.882101054950108932, 119.9295156080377183 ) ) ;
#846 = ORIENTED_EDGE ( 'NONE', *, *, #855, .F. ) ;
#847 = CARTESIAN_POINT ( 'NONE',  ( 3.912239365920937129, -1.342531517869093527, 121.9952477924801002 ) ) ;
#848 = ADVANCED_FACE ( 'NONE', ( #4034 ), #223, .T. ) ;
#849 = CARTESIAN_POINT ( 'NONE',  ( 7.024035332684642086, 6.785299455229157672, 19.00000000000000000 ) ) ;
#850 = CARTESIAN_POINT ( 'NONE',  ( -12.45714145549240293, 4.317244323486164603, 21.21154607527485680 ) ) ;
#851 = CARTESIAN_POINT ( 'NONE',  ( 10.57621698356117257, 8.586614727120149837, 97.49437716547339505 ) ) ;
#852 = VERTEX_POINT ( 'NONE', #4102 ) ;
#853 = FACE_OUTER_BOUND ( 'NONE', #1194, .T. ) ;
#854 = CARTESIAN_POINT ( 'NONE',  ( 14.64254292233618315, 16.13965081095349063, 121.2890147431830314 ) ) ;
#855 = EDGE_CURVE ( 'NONE', #4838, #5789, #2509, .T. ) ;
#856 = CARTESIAN_POINT ( 'NONE',  ( 21.43094808797346573, 7.958692458822533844, 21.97683943103800175 ) ) ;
#857 = UNCERTAINTY_MEASURE_WITH_UNIT (LENGTH_MEASURE( 1.000000000000000082E-05 ), #656, 'distance_accuracy_value', 'NONE');
#858 = EDGE_CURVE ( 'NONE', #6304, #2647, #791, .T. ) ;
#859 = CARTESIAN_POINT ( 'NONE',  ( -14.84548703785959844, -1.246099443491325065, 19.00000000000000711 ) ) ;
#860 = ORIENTED_EDGE ( 'NONE', *, *, #6330, .T. ) ;
#861 = CARTESIAN_POINT ( 'NONE',  ( 21.07692029591462557, 8.999999999999998224, 19.39858166588685151 ) ) ;
#862 = CARTESIAN_POINT ( 'NONE',  ( -12.86137262454746022, -13.99145063748610696, 123.4296670513394361 ) ) ;
#863 = CARTESIAN_POINT ( 'NONE',  ( -0.5550962520271447431, 4.634192565961739341, 121.9925807973816063 ) ) ;
#864 = CARTESIAN_POINT ( 'NONE',  ( -10.18170506328815250, 6.172239361009607350, 19.16439660743493079 ) ) ;
#865 = CARTESIAN_POINT ( 'NONE',  ( -14.28456777406946010, 3.864489872943082105, 19.68954443010925104 ) ) ;
#866 = CARTESIAN_POINT ( 'NONE',  ( 13.40860186927839237, -3.343250385581524764, 3.809957988012044439 ) ) ;
#867 = FACE_OUTER_BOUND ( 'NONE', #787, .T. ) ;
#868 = CYLINDRICAL_SURFACE ( 'NONE', #5138, 1.499999999999999556 ) ;
#869 = CARTESIAN_POINT ( 'NONE',  ( -9.949866784487760185, -7.648145826543487402, 119.4891310884547835 ) ) ;
#870 = CARTESIAN_POINT ( 'NONE',  ( 19.19321598046441579, 24.96247228545160368, 130.0845070964534784 ) ) ;
#871 = CIRCLE ( 'NONE', #1473, 332.0000000000000000 ) ;
#872 = CARTESIAN_POINT ( 'NONE',  ( 21.79094325922886455, 3.950887604187993229, 18.99999999999998224 ) ) ;
#873 = CARTESIAN_POINT ( 'NONE',  ( -8.016204615315912108, 4.467660497371784167, 20.96456372609531016 ) ) ;
#874 = CARTESIAN_POINT ( 'NONE',  ( 2.269696726264136100, 4.483702757886552703, 97.49437716547379296 ) ) ;
#875 = CARTESIAN_POINT ( 'NONE',  ( -13.25672548828960018, 4.602029490393698907, 19.84135438120946304 ) ) ;
#876 = CARTESIAN_POINT ( 'NONE',  ( -8.057161938247933364, -8.792569907347740354, 119.9446143616338532 ) ) ;
#877 = ORIENTED_EDGE ( 'NONE', *, *, #3430, .F. ) ;
#878 = CARTESIAN_POINT ( 'NONE',  ( 6.667697548330338009, 2.653125375398741603, 121.9336063889734021 ) ) ;
#879 = CARTESIAN_POINT ( 'NONE',  ( 0.6795780973530876068, 5.000602128096826249, 19.31662298246298448 ) ) ;
#880 = CARTESIAN_POINT ( 'NONE',  ( -12.76582431063994783, 5.602862187307338537, 19.27094778061015035 ) ) ;
#881 = CARTESIAN_POINT ( 'NONE',  ( 10.88647098278573466, 12.74843236452736583, 115.8311238661719358 ) ) ;
#882 = ORIENTED_EDGE ( 'NONE', *, *, #5686, .F. ) ;
#883 = CARTESIAN_POINT ( 'NONE',  ( -19.70398534195685158, -7.091450637486104824, 122.9441474005094221 ) ) ;
#884 = CARTESIAN_POINT ( 'NONE',  ( 21.58511763862910016, 7.401106166802447817, 19.00000000000005329 ) ) ;
#885 = CARTESIAN_POINT ( 'NONE',  ( -11.81285922206421724, -0.8120843563146582511, 19.00000000000041922 ) ) ;
#886 = EDGE_LOOP ( 'NONE', ( #3311, #419, #4400, #4115 ) ) ;
#887 = CARTESIAN_POINT ( 'NONE',  ( -15.99999999999995914, 3.727224734053919963, 18.99999999999998224 ) ) ;
#888 = CARTESIAN_POINT ( 'NONE',  ( 12.08370526528756450, 17.04580158714704652, 119.6395700395466122 ) ) ;
#889 = CARTESIAN_POINT ( 'NONE',  ( 10.78130627416763154, 18.58293192188649812, 121.3628660685151459 ) ) ;
#890 = CARTESIAN_POINT ( 'NONE',  ( -9.997559817693659312, -8.761587050208898830, 119.6503817078997685 ) ) ;
#891 = CARTESIAN_POINT ( 'NONE',  ( -10.91391627593933045, 4.614798960820067464, 20.90524019440786674 ) ) ;
#892 = CARTESIAN_POINT ( 'NONE',  ( -14.20692244586894581, 4.008828464610749265, 19.68025238198504212 ) ) ;
#893 = CARTESIAN_POINT ( 'NONE',  ( -12.29946476712515846, -3.000000000000009770, 13.04091272864831019 ) ) ;
#894 = ORIENTED_EDGE ( 'NONE', *, *, #4941, .T. ) ;
#895 = DIRECTION ( 'NONE',  ( -0.000000000000000000, 0.7660444431189820103, 0.6427876096865344779 ) ) ;
#896 = CARTESIAN_POINT ( 'NONE',  ( -10.07784168978473538, -7.808491756806898998, 119.4786414282121427 ) ) ;
#897 = DIRECTION ( 'NONE',  ( 0.000000000000000000, 0.000000000000000000, -1.000000000000000000 ) ) ;
#898 = CARTESIAN_POINT ( 'NONE',  ( 13.14957854081568023, 16.89636621436451946, 112.2449067616887106 ) ) ;
#899 = CARTESIAN_POINT ( 'NONE',  ( -10.00000000000000533, -2.999999999999997335, -2.782510253040274150E-15 ) ) ;
#900 = CARTESIAN_POINT ( 'NONE',  ( -7.910428164828040565, 5.466088939435634231, 19.44547909312162659 ) ) ;
#901 = CARTESIAN_POINT ( 'NONE',  ( -6.368247814055721712, 4.784307629538478324, 15.00000000000001954 ) ) ;
#902 = CARTESIAN_POINT ( 'NONE',  ( -13.98624419152340437, 6.015619463114193266, 19.00000000000000000 ) ) ;
#903 = DIRECTION ( 'NONE',  ( 1.000000000000000000, 0.000000000000000000, 0.000000000000000000 ) ) ;
#904 = VERTEX_POINT ( 'NONE', #5678 ) ;
#905 = CARTESIAN_POINT ( 'NONE',  ( -7.297687595883328271, -8.502519009001842321, 119.9759253426394707 ) ) ;
#906 = CARTESIAN_POINT ( 'NONE',  ( 2.399891304800533032, 3.818128737713425203, 21.55306094529150229 ) ) ;
#907 = CARTESIAN_POINT ( 'NONE',  ( -13.94426638378589622, 6.376417821102273287, 19.00000000000000000 ) ) ;
#908 = CARTESIAN_POINT ( 'NONE',  ( 18.45529674248796326, 5.267749837868882068, 24.15118135527023213 ) ) ;
#909 = ORIENTED_EDGE ( 'NONE', *, *, #1485, .T. ) ;
#910 = CARTESIAN_POINT ( 'NONE',  ( 14.21707132596838186, 16.41955719140326053, 121.2528956266522044 ) ) ;
#911 = VECTOR ( 'NONE', #3741, 1000.000000000000000 ) ;
#912 = CARTESIAN_POINT ( 'NONE',  ( -13.08031542714499196, 1.067423610542533874, 19.00000000000083134 ) ) ;
#913 = EDGE_CURVE ( 'NONE', #2957, #147, #6240, .T. ) ;
#914 = CARTESIAN_POINT ( 'NONE',  ( -13.77555536656405977, -1.526950432730991958, 42.40200746962066347 ) ) ;
#915 = EDGE_LOOP ( 'NONE', ( #5931, #1961, #2802, #6163 ) ) ;
#916 =( BOUNDED_CURVE ( )  B_SPLINE_CURVE ( 3, ( #2039, #5938, #5431, #1070 ),
 .UNSPECIFIED., .F., .T. ) 
 B_SPLINE_CURVE_WITH_KNOTS ( ( 4, 4 ),
 ( 1.659173676050306412, 1.676129158245488027 ),
 .UNSPECIFIED. ) 
 CURVE ( )  GEOMETRIC_REPRESENTATION_ITEM ( )  RATIONAL_B_SPLINE_CURVE ( ( 1.000000000000000000, 0.9999760427787824923, 0.9999760427787824923, 1.000000000000000000 ) ) 
 REPRESENTATION_ITEM ( '' )  );
#917 = CARTESIAN_POINT ( 'NONE',  ( -13.77322417295385293, 3.087502450162818324, 21.43299131036922489 ) ) ;
#918 = CARTESIAN_POINT ( 'NONE',  ( 22.05113174370723073, 6.850725944403925460, 18.99999999999995026 ) ) ;
#919 = CARTESIAN_POINT ( 'NONE',  ( -50.00000000000000000, -6.949951326780578142, 9.675665299435898703 ) ) ;
#920 = CARTESIAN_POINT ( 'NONE',  ( -50.00000000000000000, 8.999999999999998224, 19.00000000000000000 ) ) ;
#921 = EDGE_CURVE ( 'NONE', #2903, #671, #3390, .T. ) ;
#922 = CARTESIAN_POINT ( 'NONE',  ( -10.38907832177594059, 4.581861184986369295, 21.21625267651280566 ) ) ;
#923 = CARTESIAN_POINT ( 'NONE',  ( -13.91524458311821100, 3.672870146452631435, 20.16835605821201582 ) ) ;
#924 = CARTESIAN_POINT ( 'NONE',  ( -13.63030079343239365, -7.091450637486103048, 124.1722278989332864 ) ) ;
#925 = FACE_OUTER_BOUND ( 'NONE', #827, .T. ) ;
#926 = CARTESIAN_POINT ( 'NONE',  ( -9.496581672432336418, -7.574849766337909962, 121.7791312658561935 ) ) ;
#927 = CARTESIAN_POINT ( 'NONE',  ( 20.60047981878300760, 10.26860294461406475, 19.00000000000000000 ) ) ;
#928 = EDGE_CURVE ( 'NONE', #5030, #1879, #706, .T. ) ;
#929 = CARTESIAN_POINT ( 'NONE',  ( -7.603991771924078158, 4.642593519927748602, 20.39387521008358917 ) ) ;
#930 = CARTESIAN_POINT ( 'NONE',  ( -10.38633180369905418, 4.222804680776616415, 24.15118135527027832 ) ) ;
#931 = CARTESIAN_POINT ( 'NONE',  ( -13.16539843188107817, 4.275949200752386048, 20.36212503921623096 ) ) ;
#932 = DIRECTION ( 'NONE',  ( 0.1237240302064844671, -0.7016738431598615877, -0.7016738431598651404 ) ) ;
#933 = VERTEX_POINT ( 'NONE', #1188 ) ;
#934 = CARTESIAN_POINT ( 'NONE',  ( -5.856679668058985655, -7.740802547484253004, 119.9895538376152615 ) ) ;
#935 = CARTESIAN_POINT ( 'NONE',  ( 3.252447979923801746, 3.850483788275762542, 21.24227200826559780 ) ) ;
#936 = CARTESIAN_POINT ( 'NONE',  ( -12.84430380370201874, 4.185870901836156399, 20.91983123187660354 ) ) ;
#937 = CARTESIAN_POINT ( 'NONE',  ( 21.55795583498820989, 7.658375590994237925, 24.15118135527030674 ) ) ;
#938 = VERTEX_POINT ( 'NONE', #1223 ) ;
#939 = CARTESIAN_POINT ( 'NONE',  ( 18.74051251888083414, -3.449584839594676211, 4.199655185528214041 ) ) ;
#940 = CARTESIAN_POINT ( 'NONE',  ( 12.23967693129590906, 5.208280608743117490, 21.79820324730782488 ) ) ;
#941 = DIRECTION ( 'NONE',  ( -0.1006236861255500048, 0.8149944846435532853, 0.5706652817467484651 ) ) ;
#942 = EDGE_CURVE ( 'NONE', #4179, #22, #5161, .T. ) ;
#943 = CARTESIAN_POINT ( 'NONE',  ( 0.06350283462564978998, -7.201723456407330026, 18.99999999999999289 ) ) ;
#944 = CARTESIAN_POINT ( 'NONE',  ( -9.351242680726317147, -9.413799938327821692, 125.0000000000000284 ) ) ;
#945 = ORIENTED_EDGE ( 'NONE', *, *, #2273, .T. ) ;
#946 = CARTESIAN_POINT ( 'NONE',  ( -13.82286949567765433, 3.078191573438480599, 19.19756852369204481 ) ) ;
#947 = CARTESIAN_POINT ( 'NONE',  ( 11.96832818588606884, 17.25760925489378650, 121.3662321443570420 ) ) ;
#948 = CARTESIAN_POINT ( 'NONE',  ( 20.38410732583066931, 2.577498541357487571, 13.52094453300079380 ) ) ;
#949 = CARTESIAN_POINT ( 'NONE',  ( 10.70698448283217452, 9.241581094825681575, 121.7025956959435149 ) ) ;
#950 =( BOUNDED_CURVE ( )  B_SPLINE_CURVE ( 3, ( #3989, #525, #3040, #3468 ),
 .UNSPECIFIED., .F., .F. ) 
 B_SPLINE_CURVE_WITH_KNOTS ( ( 4, 4 ),
 ( 4.748188000197741232, 4.765080546247727256 ),
 .UNSPECIFIED. ) 
 CURVE ( )  GEOMETRIC_REPRESENTATION_ITEM ( )  RATIONAL_B_SPLINE_CURVE ( ( 1.000000000000000000, 0.9999762202986988147, 0.9999762202986988147, 1.000000000000000000 ) ) 
 REPRESENTATION_ITEM ( '' )  );
#951 = CARTESIAN_POINT ( 'NONE',  ( -10.38725122130436240, 4.845916568433016103, 20.34997356313111538 ) ) ;
#952 = CARTESIAN_POINT ( 'NONE',  ( -13.70541936325185084, 3.769062682569730871, 20.43040557672471991 ) ) ;
#953 = ORIENTED_EDGE ( 'NONE', *, *, #1983, .T. ) ;
#954 = CARTESIAN_POINT ( 'NONE',  ( 19.25672064626206392, 4.696178767820460287, 7.127216953484121653 ) ) ;
#955 = CARTESIAN_POINT ( 'NONE',  ( 20.57470806166326582, 24.96247228545161434, 122.9777815530856486 ) ) ;
#956 = EDGE_CURVE ( 'NONE', #1790, #976, #756, .T. ) ;
#957 = AXIS2_PLACEMENT_3D ( 'NONE', #4672, #3745, #4329 ) ;
#958 = VECTOR ( 'NONE', #2436, 1000.000000000000000 ) ;
#959 = FACE_OUTER_BOUND ( 'NONE', #6199, .T. ) ;
#960 = CARTESIAN_POINT ( 'NONE',  ( -6.852942670109463563, 4.332189696253566424, 20.99190438170879958 ) ) ;
#961 = CARTESIAN_POINT ( 'NONE',  ( -10.70427879191858800, 5.376339330749678069, 14.99999999999999822 ) ) ;
#962 = CARTESIAN_POINT ( 'NONE',  ( -13.74176912465711453, 5.149626256673385249, 19.27562825945048886 ) ) ;
#963 = CARTESIAN_POINT ( 'NONE',  ( -50.00000000000000000, -4.000000000000010658, 16.50000000000000000 ) ) ;
#964 = ORIENTED_EDGE ( 'NONE', *, *, #4101, .F. ) ;
#965 = AXIS2_PLACEMENT_3D ( 'NONE', #724, #2684, #3735 ) ;
#966 = CARTESIAN_POINT ( 'NONE',  ( -7.167623312540917446, 4.343764966704555697, 21.27121007638836403 ) ) ;
#967 = CIRCLE ( 'NONE', #2496, 333.5000000000000000 ) ;
#968 = CARTESIAN_POINT ( 'NONE',  ( -8.413611344128714364, -8.880696409612530928, 119.9296022956099677 ) ) ;
#969 = CARTESIAN_POINT ( 'NONE',  ( -0.1721313339566470646, 3.777046640959919266, 21.15770807466311965 ) ) ;
#970 = CARTESIAN_POINT ( 'NONE',  ( -12.88967113460762270, 5.029435662084072334, 19.63423910956564455 ) ) ;
#971 = CARTESIAN_POINT ( 'NONE',  ( 18.68312565653028656, 11.77275781310322955, 70.05120874106577844 ) ) ;
#972 = ORIENTED_EDGE ( 'NONE', *, *, #5374, .F. ) ;
#973 = CARTESIAN_POINT ( 'NONE',  ( 13.49601443201810902, 16.77660955224815353, 120.8688890477260429 ) ) ;
#974 = CARTESIAN_POINT ( 'NONE',  ( -2.359324821636799907, -4.892938471864214378, 19.00000000000416733 ) ) ;
#975 = CARTESIAN_POINT ( 'NONE',  ( -10.48264529933634748, -4.452179196111508475, 42.40200746962061373 ) ) ;
#976 = VERTEX_POINT ( 'NONE', #2668 ) ;
#977 = CARTESIAN_POINT ( 'NONE',  ( -10.87264090853181209, -1.985594014230979587, 21.68376890203345653 ) ) ;
#978 = CARTESIAN_POINT ( 'NONE',  ( 21.84272335305814394, 7.159959673817050785, 21.06996568023387084 ) ) ;
#979 = CARTESIAN_POINT ( 'NONE',  ( 11.59117832245383717, 16.37895630545169467, 119.6774521428665849 ) ) ;
#980 = CARTESIAN_POINT ( 'NONE',  ( -16.00000000000000000, -9.573965526745718435, 19.00000000000000000 ) ) ;
#981 = CARTESIAN_POINT ( 'NONE',  ( -10.21618939270407722, -8.068614737298496209, 119.4609563134134049 ) ) ;
#982 = CARTESIAN_POINT ( 'NONE',  ( -11.71678588317542946, 6.419971532651345569, 19.05526898941861091 ) ) ;
#983 = CARTESIAN_POINT ( 'NONE',  ( -15.09588270331687276, 4.633332027962858035, 19.06015989609329964 ) ) ;
#984 = LINE ( 'NONE', #191, #441 ) ;
#985 = CARTESIAN_POINT ( 'NONE',  ( 14.75666142808126224, 3.420510199924617023, 3.656379292463023400 ) ) ;
#986 = DIRECTION ( 'NONE',  ( 1.000000000000000000, 0.000000000000000000, 0.000000000000000000 ) ) ;
#987 =( BOUNDED_CURVE ( )  B_SPLINE_CURVE ( 3, ( #883, #4342, #6305, #3856 ),
 .UNSPECIFIED., .F., .F. ) 
 B_SPLINE_CURVE_WITH_KNOTS ( ( 4, 4 ),
 ( 4.770133030073021807, 4.782210227089617405 ),
 .UNSPECIFIED. ) 
 CURVE ( )  GEOMETRIC_REPRESENTATION_ITEM ( )  RATIONAL_B_SPLINE_CURVE ( ( 1.000000000000000000, 0.9999878451462871354, 0.9999878451462871354, 1.000000000000000000 ) ) 
 REPRESENTATION_ITEM ( '' )  );
#988 = CARTESIAN_POINT ( 'NONE',  ( -66.89984848717527655, 71.74130422303811372, -210.0000000000000284 ) ) ;
#989 = CARTESIAN_POINT ( 'NONE',  ( -8.782144986065400616, 6.699161986993986240, 19.00000000000000000 ) ) ;
#990 = CARTESIAN_POINT ( 'NONE',  ( -8.034415203235264258, 2.396371151896723894, 42.40200746962060663 ) ) ;
#991 = CARTESIAN_POINT ( 'NONE',  ( -13.09710123161062079, 4.155003046681268408, 20.63376503168923293 ) ) ;
#992 = CARTESIAN_POINT ( 'NONE',  ( -17.10680524022872717, -7.091450637486103936, 124.1118307250892059 ) ) ;
#993 = ORIENTED_EDGE ( 'NONE', *, *, #2641, .T. ) ;
#994 = CARTESIAN_POINT ( 'NONE',  ( -11.20575879450896117, 4.577052595906578425, 21.17862245895716455 ) ) ;
#995 = CARTESIAN_POINT ( 'NONE',  ( -8.152109465632786822, -9.002672129362856879, 121.7804900572873947 ) ) ;
#996 = CARTESIAN_POINT ( 'NONE',  ( -0.1480229663359493297, 5.321749271135655768, 19.18873355791714985 ) ) ;
#997 = CARTESIAN_POINT ( 'NONE',  ( -12.93130728259875539, 4.105681117301057448, 21.22411213925325058 ) ) ;
#998 = ADVANCED_FACE ( 'NONE', ( #4645 ), #221, .T. ) ;
#999 = CARTESIAN_POINT ( 'NONE',  ( 20.80726156023683870, 11.36883011802339460, 42.40200746962066347 ) ) ;
#1000 = ORIENTED_EDGE ( 'NONE', *, *, #2814, .T. ) ;
#1001 = CARTESIAN_POINT ( 'NONE',  ( 19.08914378595944683, -5.426771006327830271, 6.176841352261378759 ) ) ;
#1002 = CARTESIAN_POINT ( 'NONE',  ( 20.38410732583066931, -2.577498541357488460, 13.52094453300079380 ) ) ;
#1003 = EDGE_CURVE ( 'NONE', #2591, #3247, #2195, .T. ) ;
#1004 = CARTESIAN_POINT ( 'NONE',  ( 1.300845546033554845, -4.448671760222614679, 18.99999999999664979 ) ) ;
#1005 = CARTESIAN_POINT ( 'NONE',  ( -10.50058079755007689, -2.515683320865472528, 24.15118135527031029 ) ) ;
#1006 = VERTEX_POINT ( 'NONE', #782 ) ;
#1007 = CARTESIAN_POINT ( 'NONE',  ( -12.86215191433283067, 0.2784921900515273663, 21.67968558036393034 ) ) ;
#1008 = B_SPLINE_CURVE_WITH_KNOTS ( 'NONE', 3,
 ( #2433, #521, #5824, #1487, #890, #4409, #3927, #981, #2853, #2945 ),
 .UNSPECIFIED., .F., .F.,
 ( 4, 2, 2, 2, 4 ),
 ( -5.783916107106738215E-08, 0.0004630848523163059115, 0.0009262275437936828880, 0.001389370235271059810, 0.001852512926748436841 ),
 .UNSPECIFIED. ) ;
#1009 = CARTESIAN_POINT ( 'NONE',  ( -50.00000000000000000, 3.000000000000000000, -5.026757405899497200E-16 ) ) ;
#1010 = CARTESIAN_POINT ( 'NONE',  ( 20.39082452488272423, 2.987863413050094064, 19.00000000000000355 ) ) ;
#1011 = CARTESIAN_POINT ( 'NONE',  ( -11.33070921989588165, 6.164741141537460223, 19.16256085424929267 ) ) ;
#1012 = CARTESIAN_POINT ( 'NONE',  ( -15.82323434284064412, 4.645327979685127673, 19.00000000000000000 ) ) ;
#1013 = DIRECTION ( 'NONE',  ( -0.6819983600625022513, 0.7313537016191670181, -1.485617761692451402E-16 ) ) ;
#1014 = AXIS2_PLACEMENT_3D ( 'NONE', #2793, #2185, #1251 ) ;
#1015 = CARTESIAN_POINT ( 'NONE',  ( -14.81532762073123699, 5.842238370680198578, 18.99999999999999645 ) ) ;
#1016 = FACE_OUTER_BOUND ( 'NONE', #3005, .T. ) ;
#1017 = EDGE_CURVE ( 'NONE', #1314, #484, #745, .T. ) ;
#1018 = CARTESIAN_POINT ( 'NONE',  ( 12.13660055739219601, 17.50676145260691641, 120.4118952526475965 ) ) ;
#1019 = CARTESIAN_POINT ( 'NONE',  ( -9.212063747199849217, 6.134687920202307687, 19.16619448468291509 ) ) ;
#1020 = CARTESIAN_POINT ( 'NONE',  ( -11.18313632620320419, -1.898086248457937275, 70.05120874106584949 ) ) ;
#1021 = CARTESIAN_POINT ( 'NONE',  ( -13.23905828983736477, 4.057774337410550380, 20.65090199468829724 ) ) ;
#1022 = DIRECTION ( 'NONE',  ( -1.000000000000000000, 0.000000000000000000, -0.000000000000000000 ) ) ;
#1023 = ORIENTED_EDGE ( 'NONE', *, *, #1398, .F. ) ;
#1024 = CARTESIAN_POINT ( 'NONE',  ( 14.79209741530436517, 3.475312508194681627, 3.610394695806003362 ) ) ;
#1025 = CARTESIAN_POINT ( 'NONE',  ( -8.585251131517221523, -9.099767217359435278, 121.7667039094403947 ) ) ;
#1026 = CARTESIAN_POINT ( 'NONE',  ( -1.029276627888526141, 3.800508029033704993, 21.13631682623921293 ) ) ;
#1027 = CARTESIAN_POINT ( 'NONE',  ( -13.18677110329810631, 5.744146948788113605, 19.16393467188598621 ) ) ;
#1028 = CARTESIAN_POINT ( 'NONE',  ( 12.05024281457538926, 17.28611041044688434, 124.9999999999999147 ) ) ;
#1029 = ORIENTED_EDGE ( 'NONE', *, *, #1977, .T. ) ;
#1030 = CARTESIAN_POINT ( 'NONE',  ( 21.50464541175275457, 8.458543266294404006, 24.15118135527027476 ) ) ;
#1031 = CARTESIAN_POINT ( 'NONE',  ( -9.343957165987138325, -5.851421411907591796, 19.00000000000000000 ) ) ;
#1032 = CARTESIAN_POINT ( 'NONE',  ( 9.817442528581024064, 4.680689011913527153, 21.39441285688018013 ) ) ;
#1033 = CARTESIAN_POINT ( 'NONE',  ( -6.651575008165088398, -8.724706597091925531, 125.0000000000000568 ) ) ;
#1034 = EDGE_LOOP ( 'NONE', ( #649, #687, #3544, #1612 ) ) ;
#1035 = CARTESIAN_POINT ( 'NONE',  ( 8.047645087414718290, -1.531972720033964563, 21.31375512224321866 ) ) ;
#1036 = CARTESIAN_POINT ( 'NONE',  ( -11.34980854059336508, -6.215107108133747893, 121.7631167544194710 ) ) ;
#1037 = CARTESIAN_POINT ( 'NONE',  ( 22.07932435748679723, 6.877990634452987528, 18.99999999999879563 ) ) ;
#1038 = EDGE_CURVE ( 'NONE', #6213, #4352, #295, .T. ) ;
#1039 = PLANE ( 'NONE',  #6229 ) ;
#1040 = CARTESIAN_POINT ( 'NONE',  ( 21.95121538396481853, 7.500395452728594314, 21.39381998901696846 ) ) ;
#1041 = CARTESIAN_POINT ( 'NONE',  ( -11.93680909630577425, 4.750720786211583224, 20.33786436503956452 ) ) ;
#1042 = CARTESIAN_POINT ( 'NONE',  ( -13.62421715037901038, 3.461400487578254914, 21.38254592731439985 ) ) ;
#1043 = DIRECTION ( 'NONE',  ( 1.000000000000000000, 0.000000000000000000, 0.000000000000000000 ) ) ;
#1044 = CARTESIAN_POINT ( 'NONE',  ( -13.89586376534088785, 6.401645932202201017, 19.00000000000000355 ) ) ;
#1045 = DIRECTION ( 'NONE',  ( 0.3888788758080878316, 0.9212888906039398140, -1.317411884627776545E-13 ) ) ;
#1046 = DIRECTION ( 'NONE',  ( -0.6819983600625022513, 0.7313537016191670181, -1.485617761692451402E-16 ) ) ;
#1047 = CARTESIAN_POINT ( 'NONE',  ( -8.920681734498399962, 4.779416594745471869, 20.37180688595309519 ) ) ;
#1048 = CARTESIAN_POINT ( 'NONE',  ( -13.36579802360473757, 4.590784707740914961, 15.00000000000000355 ) ) ;
#1049 = CARTESIAN_POINT ( 'NONE',  ( -13.13941637095553006, 3.985159874495933341, 21.25033309059686815 ) ) ;
#1050 = ORIENTED_EDGE ( 'NONE', *, *, #3848, .T. ) ;
#1051 = CARTESIAN_POINT ( 'NONE',  ( 18.70923453950042159, 3.272198603780080539, 4.022268949713618369 ) ) ;
#1052 = AXIS2_PLACEMENT_3D ( 'NONE', #3957, #5308, #2886 ) ;
#1053 = CARTESIAN_POINT ( 'NONE',  ( -1.760846257912768165, 6.008415309485420686, 19.00000000000000000 ) ) ;
#1054 = AXIS2_PLACEMENT_3D ( 'NONE', #757, #3658, #1128 ) ;
#1055 = CARTESIAN_POINT ( 'NONE',  ( -12.97238659018422524, 4.122603219288680343, 20.92219059463119635 ) ) ;
#1056 = CARTESIAN_POINT ( 'NONE',  ( 21.07491314082687239, 11.67669912706043789, 42.40200746962054978 ) ) ;
#1057 = ORIENTED_EDGE ( 'NONE', *, *, #6364, .F. ) ;
#1058 = CARTESIAN_POINT ( 'NONE',  ( 22.26915172400603637, 6.230850277589135899, 15.00000000000000711 ) ) ;
#1059 = CARTESIAN_POINT ( 'NONE',  ( 12.56073877256014626, 16.54193107286124587, 119.0579137704646939 ) ) ;
#1060 = CARTESIAN_POINT ( 'NONE',  ( 9.000823234505046955, 4.565578831810275240, 21.72049434282746105 ) ) ;
#1061 = CARTESIAN_POINT ( 'NONE',  ( -4.926750086503838943, -4.545600684189325946, 70.05120874106539475 ) ) ;
#1062 = ORIENTED_EDGE ( 'NONE', *, *, #2996, .T. ) ;
#1063 = CARTESIAN_POINT ( 'NONE',  ( -13.28502128198124943, 1.030769848805474842, 21.67995847436833756 ) ) ;
#1064 = CARTESIAN_POINT ( 'NONE',  ( -9.584890828341318780, -7.210887434684900121, 119.5123756407792825 ) ) ;
#1065 = CARTESIAN_POINT ( 'NONE',  ( 21.85769326075615382, 7.178659020344277053, 21.08552094805894583 ) ) ;
#1066 = CARTESIAN_POINT ( 'NONE',  ( 20.40836610728021228, 2.532093400705494268, 13.64701320472827994 ) ) ;
#1067 = CARTESIAN_POINT ( 'NONE',  ( -12.26387465170847868, -4.065388474174252309, 19.00000000000000355 ) ) ;
#1068 = ORIENTED_EDGE ( 'NONE', *, *, #5720, .T. ) ;
#1069 = CARTESIAN_POINT ( 'NONE',  ( -14.98913718569353115, 4.232623510322210514, 19.17921978981042841 ) ) ;
#1070 = CARTESIAN_POINT ( 'NONE',  ( 31.09986358972318143, 18.06247228545173300, 121.6516177853469713 ) ) ;
#1071 = CARTESIAN_POINT ( 'NONE',  ( -13.70652471287467478, 1.856635896159331445, 21.67762491706050199 ) ) ;
#1072 = CARTESIAN_POINT ( 'NONE',  ( -10.91904752571609905, -5.700828668020180068, 121.7876235486294973 ) ) ;
#1073 = CARTESIAN_POINT ( 'NONE',  ( 14.64746098042681055, 18.06247228545164774, 121.2002114418540515 ) ) ;
#1074 = CARTESIAN_POINT ( 'NONE',  ( 11.21752369223668033, 18.25516352278749466, 121.3000785960604588 ) ) ;
#1075 = CARTESIAN_POINT ( 'NONE',  ( -9.658482935699389316, 4.565474857491443217, 21.23215391803073260 ) ) ;
#1076 = CARTESIAN_POINT ( 'NONE',  ( -10.42389285628207851, -7.452560394612872230, 115.8311238661720921 ) ) ;
#1077 = CARTESIAN_POINT ( 'NONE',  ( -13.41797972576636866, 4.501417402048150329, 19.84924706737971434 ) ) ;
#1078 = CARTESIAN_POINT ( 'NONE',  ( 5.405576496404190578, 8.448041277599932286, 119.9693166237687905 ) ) ;
#1079 = VERTEX_POINT ( 'NONE', #1551 ) ;
#1080 = FACE_OUTER_BOUND ( 'NONE', #2604, .T. ) ;
#1081 = CARTESIAN_POINT ( 'NONE',  ( -13.83929369865499126, 2.345281769083589651, 21.54534609753968510 ) ) ;
#1082 = CARTESIAN_POINT ( 'NONE',  ( -1.810668062102150477, 5.091335444712638214, 19.30566099701512428 ) ) ;
#1083 = CARTESIAN_POINT ( 'NONE',  ( 15.11638627693480430, 6.268630920476490509, 24.15118135527028898 ) ) ;
#1084 = CARTESIAN_POINT ( 'NONE',  ( -13.54269809049680084, 5.262333261543102658, 19.27341321547480035 ) ) ;
#1085 = DIRECTION ( 'NONE',  ( -0.6819983600625022513, 0.7313537016191670181, -1.485617761692451402E-16 ) ) ;
#1086 = VERTEX_POINT ( 'NONE', #4592 ) ;
#1087 = CARTESIAN_POINT ( 'NONE',  ( 12.16215463694814503, 17.50442070491014235, 125.0000000000000000 ) ) ;
#1088 = CARTESIAN_POINT ( 'NONE',  ( 9.771608474336607841, 4.935172643491628541, 20.38265968041161358 ) ) ;
#1089 = CARTESIAN_POINT ( 'NONE',  ( -3.189386609564696329, -6.141024882763488790, 125.0000000000002274 ) ) ;
#1090 = ORIENTED_EDGE ( 'NONE', *, *, #4321, .T. ) ;
#1091 = CARTESIAN_POINT ( 'NONE',  ( 18.37021628360670533, 4.612369403395913281, 21.10649035906999060 ) ) ;
#1092 = CARTESIAN_POINT ( 'NONE',  ( -10.63660999587733968, 3.475312508194681183, 3.610394695806002474 ) ) ;
#1093 = CARTESIAN_POINT ( 'NONE',  ( 23.53919361677931832, 5.374352339966905312, 19.00000000000001421 ) ) ;
#1094 = CARTESIAN_POINT ( 'NONE',  ( -15.97538103415012678, 0.8214159592040163327, 18.99999999999998579 ) ) ;
#1095 = CARTESIAN_POINT ( 'NONE',  ( 0.4277837229045948209, -7.138432872186543321, 19.00000000000000000 ) ) ;
#1096 = ORIENTED_EDGE ( 'NONE', *, *, #4101, .T. ) ;
#1097 = CARTESIAN_POINT ( 'NONE',  ( -15.02407339200457770, 4.164539779496110761, 19.18003804458574990 ) ) ;
#1098 = CARTESIAN_POINT ( 'NONE',  ( 18.63660999587733613, -3.475312508194680738, 3.610394695806004250 ) ) ;
#1099 = CARTESIAN_POINT ( 'NONE',  ( -9.266155412641598588, -11.04450200853885278, 121.6914948738133120 ) ) ;
#1100 = CARTESIAN_POINT ( 'NONE',  ( -8.595172879738402827, -6.066257504672397438, 119.5780319628668167 ) ) ;
#1101 = LINE ( 'NONE', #1624, #3435 ) ;
#1102 = CIRCLE ( 'NONE', #4516, 334.5000000000000568 ) ;
#1103 = CARTESIAN_POINT ( 'NONE',  ( -11.21902358064496497, 5.001503505445727527, 6.913426270597010870 ) ) ;
#1104 = CARTESIAN_POINT ( 'NONE',  ( -8.961073634754908923, 7.018404623078630777, 19.00000000000000000 ) ) ;
#1105 = CARTESIAN_POINT ( 'NONE',  ( -11.87212727978287141, -2.091214163917141100, 70.05120874106592055 ) ) ;
#1106 = CARTESIAN_POINT ( 'NONE',  ( -13.35817000563709023, 4.313191661914377306, 20.09935897635548230 ) ) ;
#1107 = CARTESIAN_POINT ( 'NONE',  ( 13.99999999999999822, -9.573965526745718435, 4.000000000000000000 ) ) ;
#1108 = ORIENTED_EDGE ( 'NONE', *, *, #4860, .T. ) ;
#1109 = CARTESIAN_POINT ( 'NONE',  ( 11.77608818150482151, 7.287211402057962140, 19.00000000000000000 ) ) ;
#1110 = EDGE_CURVE ( 'NONE', #4124, #3611, #5009, .T. ) ;
#1111 = CARTESIAN_POINT ( 'NONE',  ( 22.30760609408713790, 8.999999999999998224, 19.33101760736767005 ) ) ;
#1112 = CARTESIAN_POINT ( 'NONE',  ( -20.06677489291575256, -13.99145063748610518, 121.1155172141363465 ) ) ;
#1113 = CARTESIAN_POINT ( 'NONE',  ( 18.34429539611885573, 7.730538532000078789, 19.61645830436155435 ) ) ;
#1114 = CARTESIAN_POINT ( 'NONE',  ( -1.026789196914483782, 3.869356495790518213, 20.81355947651577765 ) ) ;
#1115 = CARTESIAN_POINT ( 'NONE',  ( 13.19612780518918171, 8.914346938868799697, 70.05120874106587792 ) ) ;
#1116 = CARTESIAN_POINT ( 'NONE',  ( -13.06568188576184930, 4.331595761609616346, 20.35546054134068328 ) ) ;
#1117 = CARTESIAN_POINT ( 'NONE',  ( 21.17844849116148964, 11.79560893041146841, 42.40200746962045031 ) ) ;
#1118 = ORIENTED_EDGE ( 'NONE', *, *, #5304, .F. ) ;
#1119 = CARTESIAN_POINT ( 'NONE',  ( 21.34292865215067536, 8.400812594659468502, 24.15118135527027476 ) ) ;
#1120 = CARTESIAN_POINT ( 'NONE',  ( 12.72464624143344558, 17.51442036857598694, 121.3200538868738647 ) ) ;
#1121 = CARTESIAN_POINT ( 'NONE',  ( 10.92622294218755563, 7.458505053395002804, 19.00000000000000000 ) ) ;
#1122 = CARTESIAN_POINT ( 'NONE',  ( -0.7852251571712817180, -4.806173773336923638, 24.15118135527027476 ) ) ;
#1123 = ORIENTED_EDGE ( 'NONE', *, *, #1983, .F. ) ;
#1124 = DIRECTION ( 'NONE',  ( -0.000000000000000000, 1.000000000000000000, 0.000000000000000000 ) ) ;
#1125 = CARTESIAN_POINT ( 'NONE',  ( -3.750990980343718473, 4.022445358905363477, -210.0000000000000284 ) ) ;
#1126 = CARTESIAN_POINT ( 'NONE',  ( 23.90517677163614962, 9.228398804948540146, 18.99999999999996803 ) ) ;
#1127 = ADVANCED_FACE ( 'NONE', ( #2178 ), #2651, .T. ) ;
#1128 = DIRECTION ( 'NONE',  ( 0.000000000000000000, 0.000000000000000000, -1.000000000000000000 ) ) ;
#1129 = CARTESIAN_POINT ( 'NONE',  ( -9.403170426004935578, -5.848531762432284786, 18.99999999999999645 ) ) ;
#1130 = ORIENTED_EDGE ( 'NONE', *, *, #1968, .T. ) ;
#1131 = CARTESIAN_POINT ( 'NONE',  ( -15.79839392305227364, 4.689879181727094171, 19.00000000000000000 ) ) ;
#1132 = CARTESIAN_POINT ( 'NONE',  ( -14.37196002377933191, 6.152634574076370377, 19.00000000000001066 ) ) ;
#1133 = CARTESIAN_POINT ( 'NONE',  ( 12.99999999999999822, -4.749951326780577965, 1.468383512879778419 ) ) ;
#1134 = CARTESIAN_POINT ( 'NONE',  ( 12.53381461764964833, 17.42839376487996006, 119.3626712719852350 ) ) ;
#1135 = CARTESIAN_POINT ( 'NONE',  ( -9.867261968719335030, 7.058144139377422022, 19.00000000000000000 ) ) ;
#1136 = CARTESIAN_POINT ( 'NONE',  ( -13.60379891150584797, 3.188779975162874258, 24.15118135527027121 ) ) ;
#1137 = CARTESIAN_POINT ( 'NONE',  ( -13.87282037995331230, 4.727257870309502508, 19.44463656265707030 ) ) ;
#1138 = CARTESIAN_POINT ( 'NONE',  ( 0.7876997664719687098, 3.149852037074936550, 119.9826594690723596 ) ) ;
#1139 = EDGE_LOOP ( 'NONE', ( #2097, #198, #4712, #3361 ) ) ;
#1140 = DIRECTION ( 'NONE',  ( 0.000000000000000000, 1.000000000000000000, 0.000000000000000000 ) ) ;
#1141 = CARTESIAN_POINT ( 'NONE',  ( -9.264795702894263130, -8.997402002952160416, 119.9190695802761013 ) ) ;
#1142 = CARTESIAN_POINT ( 'NONE',  ( 19.33989014058693456, 9.835280060939281199, 19.00000000000000000 ) ) ;
#1143 = CARTESIAN_POINT ( 'NONE',  ( -4.775206210176158095, -4.697542825210372364, 21.56016801543619721 ) ) ;
#1144 = CARTESIAN_POINT ( 'NONE',  ( -1.002441377842676840, 4.540954066784795629, 19.71821701655601089 ) ) ;
#1145 = CARTESIAN_POINT ( 'NONE',  ( 18.61945637599401593, 10.89754707029794289, 42.40200746962067058 ) ) ;
#1146 =( BOUNDED_CURVE ( )  B_SPLINE_CURVE ( 3, ( #5944, #5438, #3907, #3388 ),
 .UNSPECIFIED., .F., .F. ) 
 B_SPLINE_CURVE_WITH_KNOTS ( ( 4, 4 ),
 ( 0.6981317007977335676, 2.617993877991502405 ),
 .UNSPECIFIED. ) 
 CURVE ( )  GEOMETRIC_REPRESENTATION_ITEM ( )  RATIONAL_B_SPLINE_CURVE ( ( 1.000000000000000000, 0.7157176242340290706, 0.7157176242340290706, 1.000000000000000000 ) ) 
 REPRESENTATION_ITEM ( '' )  );
#1147 = CARTESIAN_POINT ( 'NONE',  ( -12.95489587246072105, 4.131414903708515496, 20.92190623862039089 ) ) ;
#1148 = CARTESIAN_POINT ( 'NONE',  ( 21.28198384149610689, 11.91451873376250070, 42.40200746962035794 ) ) ;
#1149 = VERTEX_POINT ( 'NONE', #560 ) ;
#1150 = CARTESIAN_POINT ( 'NONE',  ( 11.89288168043465532, 17.78379357932545801, 125.0000000000000000 ) ) ;
#1151 = CARTESIAN_POINT ( 'NONE',  ( 12.93423503827100873, 17.23788612941463683, 119.0055138825116074 ) ) ;
#1152 = AXIS2_PLACEMENT_3D ( 'NONE', #4469, #1013, #2012 ) ;
#1153 = CARTESIAN_POINT ( 'NONE',  ( 8.704758861150128979, 6.340414797510044664, 19.07269148989790963 ) ) ;
#1154 = CARTESIAN_POINT ( 'NONE',  ( -12.14167029000625320, 5.775606343439398493, 19.26950482912522844 ) ) ;
#1155 = CARTESIAN_POINT ( 'NONE',  ( 0.4369349617059861690, -4.585589790606886318, 42.40200746962062084 ) ) ;
#1156 = ORIENTED_EDGE ( 'NONE', *, *, #1880, .F. ) ;
#1157 = DIRECTION ( 'NONE',  ( 0.000000000000000000, 1.239088197126290275E-15, -1.000000000000000000 ) ) ;
#1158 = VECTOR ( 'NONE', #3562, 1000.000000000000000 ) ;
#1159 = DIRECTION ( 'NONE',  ( -0.6819983600625022513, 0.7313537016191671292, -1.485617761692451402E-16 ) ) ;
#1160 = CARTESIAN_POINT ( 'NONE',  ( 23.87837723049665684, 5.752078183687054924, 19.00000000000000711 ) ) ;
#1161 = B_SPLINE_CURVE_WITH_KNOTS ( 'NONE', 3,
 ( #5409, #4954, #4864, #3420, #503, #5836, #533, #2956, #5354, #2419 ),
 .UNSPECIFIED., .F., .F.,
 ( 4, 2, 2, 2, 4 ),
 ( 0.01266321782170408937, 0.01330222193533448644, 0.01394122604896488350, 0.01458023016259528057, 0.01521923427622567764 ),
 .UNSPECIFIED. ) ;
#1162 = CARTESIAN_POINT ( 'NONE',  ( -50.00000000000000000, 3.000000000000007994, 13.04091272864830664 ) ) ;
#1163 = CARTESIAN_POINT ( 'NONE',  ( 8.040348692659293306, -4.338790785176277254, 19.00000000000000000 ) ) ;
#1164 = ORIENTED_EDGE ( 'NONE', *, *, #409, .T. ) ;
#1165 = CARTESIAN_POINT ( 'NONE',  ( -15.37747122212718232, 4.109034992667567110, 19.06210984311943690 ) ) ;
#1166 = CARTESIAN_POINT ( 'NONE',  ( 24.18990185144596339, 8.702556955577890108, 19.00000000000003197 ) ) ;
#1167 = AXIS2_PLACEMENT_3D ( 'NONE', #963, #2444, #1022 ) ;
#1168 = CARTESIAN_POINT ( 'NONE',  ( -9.374586833259007435, -9.213212042015445746, 121.7418833835882310 ) ) ;
#1169 = CARTESIAN_POINT ( 'NONE',  ( 2.740770204913858699, 5.335147279217646421, 119.9942368631996317 ) ) ;
#1170 = CARTESIAN_POINT ( 'NONE',  ( 18.62182985291712356, 18.06247228545160510, 124.3337694617378872 ) ) ;
#1171 = CARTESIAN_POINT ( 'NONE',  ( -9.889056941540808054, 6.165393532113800035, 19.16493314649054369 ) ) ;
#1172 = CARTESIAN_POINT ( 'NONE',  ( -10.34497335637578175, -7.352332975571876261, 115.8311238661721347 ) ) ;
#1173 = CARTESIAN_POINT ( 'NONE',  ( -14.07007261188987535, 4.548888404366174143, 19.45057780038371220 ) ) ;
#1174 = CARTESIAN_POINT ( 'NONE',  ( -14.93604570052268343, -7.091450637486104824, 128.1765454752462290 ) ) ;
#1175 = ORIENTED_EDGE ( 'NONE', *, *, #3499, .T. ) ;
#1176 = CARTESIAN_POINT ( 'NONE',  ( -12.38410732583066576, 2.577498541357488460, 13.52094453300079202 ) ) ;
#1177 = CARTESIAN_POINT ( 'NONE',  ( -10.02594633354570952, -8.417728318267259979, 121.7483355276246897 ) ) ;
#1178 = PLANE ( 'NONE',  #5697 ) ;
#1179 = CARTESIAN_POINT ( 'NONE',  ( 16.00996503220526179, 7.024025501425916751, 19.60229742955559828 ) ) ;
#1180 = CARTESIAN_POINT ( 'NONE',  ( -9.363776817825820942, -9.212000608258950507, 121.7422249472452336 ) ) ;
#1181 = CARTESIAN_POINT ( 'NONE',  ( 20.80168566066310021, 8.045499952224743012, 20.20032430856543115 ) ) ;
#1182 = CARTESIAN_POINT ( 'NONE',  ( 19.80494012732225073, 5.566125145618434189, 21.08050037594036041 ) ) ;
#1183 = CARTESIAN_POINT ( 'NONE',  ( -4.182852631749194749, 6.196305584285240364, 19.00000000000000000 ) ) ;
#1184 = CARTESIAN_POINT ( 'NONE',  ( 19.92846253188971062, 11.62775330102568994, 42.40200746962066347 ) ) ;
#1185 = CARTESIAN_POINT ( 'NONE',  ( -13.82282910056490799, 5.757550431979868932, 19.05617422794858840 ) ) ;
#1186 = CARTESIAN_POINT ( 'NONE',  ( 19.36852581044376009, -4.668494298486260519, 7.761295548447312953 ) ) ;
#1187 = ORIENTED_EDGE ( 'NONE', *, *, #2460, .F. ) ;
#1188 = CARTESIAN_POINT ( 'NONE',  ( -12.47890417151547204, -2.500000000000000444, 13.90693813243276011 ) ) ;
#1189 = CARTESIAN_POINT ( 'NONE',  ( 20.52108467385652091, 18.06247228545162642, 123.9882612462324971 ) ) ;
#1190 = EDGE_CURVE ( 'NONE', #4644, #3337, #2593, .T. ) ;
#1191 = CARTESIAN_POINT ( 'NONE',  ( 4.085270897113346678, 3.929067377186877597, 21.59721746389981689 ) ) ;
#1192 = CARTESIAN_POINT ( 'NONE',  ( -11.63041639588680454, 5.595700100360151197, 19.42786507543680585 ) ) ;
#1193 = CARTESIAN_POINT ( 'NONE',  ( -2.395273374863031268, -5.409464734736192604, 124.9999999999998863 ) ) ;
#1194 = EDGE_LOOP ( 'NONE', ( #3057, #1479, #1261, #1175 ) ) ;
#1195 = CARTESIAN_POINT ( 'NONE',  ( -12.47890417151429965, 2.499999999996692868, 13.90693813243287913 ) ) ;
#1196 = CARTESIAN_POINT ( 'NONE',  ( 12.69776048119995515, 17.19622796594502034, 121.3432342636712491 ) ) ;
#1197 = EDGE_CURVE ( 'NONE', #4906, #4483, #4564, .T. ) ;
#1198 = DIRECTION ( 'NONE',  ( 0.000000000000000000, 1.239088197126292050E-15, 1.000000000000000000 ) ) ;
#1199 = CARTESIAN_POINT ( 'NONE',  ( 21.92622947141404666, 7.623221470068230587, 21.52709995532804044 ) ) ;
#1200 = CARTESIAN_POINT ( 'NONE',  ( -12.40836610728018385, -2.532093400705532016, 13.64701320472815738 ) ) ;
#1201 = CARTESIAN_POINT ( 'NONE',  ( 17.71033861106525364, 7.041365553814298295, 20.16666566406626870 ) ) ;
#1202 = VERTEX_POINT ( 'NONE', #3530 ) ;
#1203 = CARTESIAN_POINT ( 'NONE',  ( -14.14870597341460723, 3.611362862781925198, 19.91948854794113544 ) ) ;
#1204 = DIRECTION ( 'NONE',  ( 0.000000000000000000, 0.6427876096865403621, -0.7660444431189771253 ) ) ;
#1205 = CARTESIAN_POINT ( 'NONE',  ( -8.048481589695715144, -2.732325449853078680, 121.9105701623689981 ) ) ;
#1206 = CARTESIAN_POINT ( 'NONE',  ( -9.577973258629320696, -11.05099253235133183, 121.6813912743931212 ) ) ;
#1207 = CARTESIAN_POINT ( 'NONE',  ( -9.986319130674084832, 6.168018707727648042, 19.16475578568100246 ) ) ;
#1208 = CARTESIAN_POINT ( 'NONE',  ( -9.712503229792469384, -8.587734764121295328, 115.8311238661720921 ) ) ;
#1209 = CARTESIAN_POINT ( 'NONE',  ( -13.46278498138986990, 4.046977522566463925, 20.39305169515947114 ) ) ;
#1210 = CARTESIAN_POINT ( 'NONE',  ( 8.059396467958281463, 11.72545248312662913, 119.8866654073742950 ) ) ;
#1211 = VERTEX_POINT ( 'NONE', #3107 ) ;
#1212 = DIRECTION ( 'NONE',  ( 1.000000000000000000, 0.000000000000000000, 0.000000000000000000 ) ) ;
#1213 = CARTESIAN_POINT ( 'NONE',  ( -9.999378255435960483, -8.747061216557137087, 121.7409794400776661 ) ) ;
#1214 = CARTESIAN_POINT ( 'NONE',  ( -13.71862150502144573, 1.885072081004354416, 21.67141539590284438 ) ) ;
#1215 = EDGE_CURVE ( 'NONE', #6014, #976, #5171, .T. ) ;
#1216 = CARTESIAN_POINT ( 'NONE',  ( 20.03407632154664952, 7.787790851006300308, 20.19198648701663856 ) ) ;
#1217 = CARTESIAN_POINT ( 'NONE',  ( 19.03532718238785293, 5.049749645987069435, 21.09419428527310814 ) ) ;
#1218 = CARTESIAN_POINT ( 'NONE',  ( -2.719946125673550430, 3.888833304806455171, 21.41403189634934634 ) ) ;
#1219 = CARTESIAN_POINT ( 'NONE',  ( 14.85148756580848151, 16.06558027363776375, 97.49437716547349453 ) ) ;
#1220 = CARTESIAN_POINT ( 'NONE',  ( -12.98999029734876665, 4.113694455894973956, 20.92246615696476653 ) ) ;
#1221 = DIRECTION ( 'NONE',  ( 0.1126197424618101961, 0.7611709911701149966, 0.6386982979536897087 ) ) ;
#1222 = VERTEX_POINT ( 'NONE', #6038 ) ;
#1223 = CARTESIAN_POINT ( 'NONE',  ( 19.21902358064496497, 5.001503505445727527, 6.913426270597010870 ) ) ;
#1224 = VECTOR ( 'NONE', #5829, 1000.000000000000000 ) ;
#1225 = CARTESIAN_POINT ( 'NONE',  ( 13.32256063186505379, 13.75735484536275521, 121.4488584001869782 ) ) ;
#1226 = B_SPLINE_CURVE_WITH_KNOTS ( 'NONE', 3,
 ( #2541, #4070, #4993, #5512 ),
 .UNSPECIFIED., .F., .F.,
 ( 4, 4 ),
 ( 0.02233859749087803090, 0.02864544116835254783 ),
 .UNSPECIFIED. ) ;
#1227 = CARTESIAN_POINT ( 'NONE',  ( 6.365840262665107829, 5.688565268137530495, 19.20592445616933830 ) ) ;
#1228 = CARTESIAN_POINT ( 'NONE',  ( -12.49681416581245408, 6.585528979876650091, 19.00000000000000000 ) ) ;
#1229 = CARTESIAN_POINT ( 'NONE',  ( -4.607546535633842311, -4.820276632201433209, 24.15118135527024634 ) ) ;
#1230 = ORIENTED_EDGE ( 'NONE', *, *, #2524, .T. ) ;
#1231 = CARTESIAN_POINT ( 'NONE',  ( -12.39501974775439486, 2.551603570887278849, 13.58283195306503011 ) ) ;
#1232 = CARTESIAN_POINT ( 'NONE',  ( -50.00000000000000000, -6.849999999999996092, 10.81811419226829152 ) ) ;
#1233 = CARTESIAN_POINT ( 'NONE',  ( 13.32996397458997073, 7.648745452756960717, 19.00000000000000000 ) ) ;
#1234 = CARTESIAN_POINT ( 'NONE',  ( 20.39501974775440729, -2.551603570887249983, 13.58283195306510471 ) ) ;
#1235 = CARTESIAN_POINT ( 'NONE',  ( 21.57014551762292598, 7.398399409256747106, 18.99999999999882050 ) ) ;
#1236 = CARTESIAN_POINT ( 'NONE',  ( -15.90051953417933106, 0.6681939591519907573, 19.00000000000000000 ) ) ;
#1237 = ORIENTED_EDGE ( 'NONE', *, *, #775, .T. ) ;
#1238 = CARTESIAN_POINT ( 'NONE',  ( -13.72743822244515677, 3.454436826741292155, 20.76141965388440624 ) ) ;
#1239 = B_SPLINE_CURVE_WITH_KNOTS ( 'NONE', 3,
 ( #5963, #3520, #1200, #2644, #2581, #5064 ),
 .UNSPECIFIED., .F., .F.,
 ( 4, 2, 4 ),
 ( 0.001171247951537588566, 0.001374225707002326878, 0.001577203462467065189 ),
 .UNSPECIFIED. ) ;
#1240 = B_SPLINE_CURVE_WITH_KNOTS ( 'NONE', 3,
 ( #1313, #1867, #5184, #2825, #4260, #2249, #866, #768, #3837, #4228 ),
 .UNSPECIFIED., .F., .F.,
 ( 4, 2, 2, 2, 4 ),
 ( 0.003704121421772328324, 0.003940981757084251712, 0.004177842092396175100, 0.004414702427708098488, 0.004651562763020021876 ),
 .UNSPECIFIED. ) ;
#1241 = CARTESIAN_POINT ( 'NONE',  ( 18.82198423840356227, -0.9745452535700540597, 4.661704267270443403 ) ) ;
#1242 = EDGE_CURVE ( 'NONE', #3285, #6356, #1101, .T. ) ;
#1243 = CARTESIAN_POINT ( 'NONE',  ( -9.821119885942863448, -4.468260052922190084, 121.8426080318062361 ) ) ;
#1244 = CARTESIAN_POINT ( 'NONE',  ( -4.253716605825629493, -9.130663455357382219, 121.8696111970097888 ) ) ;
#1245 = CARTESIAN_POINT ( 'NONE',  ( 14.38428087343136852, 18.06247228545155536, 123.7194174133286708 ) ) ;
#1246 = CARTESIAN_POINT ( 'NONE',  ( -10.10081907318894956, 5.169018015741425387, 19.83934667580591693 ) ) ;
#1247 = CARTESIAN_POINT ( 'NONE',  ( -13.52596983958943433, 2.619392535236322317, 15.00000000000000711 ) ) ;
#1248 = CARTESIAN_POINT ( 'NONE',  ( -13.48481046924178450, 3.700925276004756626, 21.00963564264323935 ) ) ;
#1249 = CARTESIAN_POINT ( 'NONE',  ( -50.00000000000000000, 2.881966011250104653, 16.00000000000000000 ) ) ;
#1250 = ORIENTED_EDGE ( 'NONE', *, *, #2966, .T. ) ;
#1251 = DIRECTION ( 'NONE',  ( 0.7313537016191670181, 0.6819983600625021403, 0.000000000000000000 ) ) ;
#1252 = CARTESIAN_POINT ( 'NONE',  ( -11.02155271845984075, -10.60278441921470005, 121.6476548552784323 ) ) ;
#1253 = CARTESIAN_POINT ( 'NONE',  ( 18.94883606557160860, 24.96247228545160368, 130.1007837609975297 ) ) ;
#1254 = CARTESIAN_POINT ( 'NONE',  ( 15.92727983638777722, 7.305786614037436344, 19.38012147546645636 ) ) ;
#1255 = CARTESIAN_POINT ( 'NONE',  ( -66.89984848717527655, 71.74130422303811372, -210.0000000000000284 ) ) ;
#1256 = CARTESIAN_POINT ( 'NONE',  ( 20.60220322450807373, 3.129582950505438443, 18.99999999999998934 ) ) ;
#1257 = CARTESIAN_POINT ( 'NONE',  ( -5.051456084402325963, 5.680940155368370270, 19.17582517316712298 ) ) ;
#1258 = CARTESIAN_POINT ( 'NONE',  ( -4.767978916647611420, -0.4084873968592770965, 97.49437716547369348 ) ) ;
#1259 = CARTESIAN_POINT ( 'NONE',  ( -13.03095121319451266, 4.192882165538728501, 20.62666872318304101 ) ) ;
#1260 = CARTESIAN_POINT ( 'NONE',  ( 21.49014306083276082, 7.980434967391090595, 21.98602207070225489 ) ) ;
#1261 = ORIENTED_EDGE ( 'NONE', *, *, #3164, .F. ) ;
#1262 = DIRECTION ( 'NONE',  ( 1.000000000000000000, 0.000000000000000000, 0.000000000000000000 ) ) ;
#1263 = CARTESIAN_POINT ( 'NONE',  ( 12.35416288494752024, 16.81360389825381318, 121.3672403757175431 ) ) ;
#1264 = CARTESIAN_POINT ( 'NONE',  ( 7.354706092253705307, 4.450487140493050831, 20.66975407033660161 ) ) ;
#1265 = CARTESIAN_POINT ( 'NONE',  ( -12.95438848781495622, 6.774266349234514983, 19.00000000000000000 ) ) ;
#1266 = CARTESIAN_POINT ( 'NONE',  ( -0.5744415049763915704, -3.564480590153226824, 115.8311238661721205 ) ) ;
#1267 = VERTEX_POINT ( 'NONE', #5558 ) ;
#1268 = FACE_OUTER_BOUND ( 'NONE', #4489, .T. ) ;
#1269 = CARTESIAN_POINT ( 'NONE',  ( 12.43064713057082038, 17.44283893456840318, 119.4875974737629036 ) ) ;
#1270 = CARTESIAN_POINT ( 'NONE',  ( 21.61296735935124502, 7.408885136447990405, 19.00000000000004619 ) ) ;
#1271 = VECTOR ( 'NONE', #4831, 999.9999999999998863 ) ;
#1272 = CIRCLE ( 'NONE', #1152, 332.0000000000000000 ) ;
#1273 = CARTESIAN_POINT ( 'NONE',  ( -13.18170873279445132, 1.261574057218626921, 18.99999999999876010 ) ) ;
#1274 = EDGE_LOOP ( 'NONE', ( #2985, #4477, #5642, #5280, #3908 ) ) ;
#1275 = AXIS2_PLACEMENT_3D ( 'NONE', #1892, #1861, #3833 ) ;
#1276 = CARTESIAN_POINT ( 'NONE',  ( -14.83683849676887156, 3.864694952669893269, 19.30159937496276612 ) ) ;
#1277 = CARTESIAN_POINT ( 'NONE',  ( 14.81883977949336106, 24.96247228545156460, 122.3341104970083677 ) ) ;
#1278 = CARTESIAN_POINT ( 'NONE',  ( -5.330073940829143986, -0.1859985682296020071, 121.9758580999356496 ) ) ;
#1279 = CARTESIAN_POINT ( 'NONE',  ( -11.86595823329451882, -9.743037510974303927, 121.6462088668970694 ) ) ;
#1280 = CARTESIAN_POINT ( 'NONE',  ( 12.99999999999999822, -3.000000000000000000, -6.505213034913026604E-16 ) ) ;
#1281 = CARTESIAN_POINT ( 'NONE',  ( -10.00211339908369190, 5.393272073735813521, 19.63730759339352261 ) ) ;
#1282 = CARTESIAN_POINT ( 'NONE',  ( -13.60932148539595943, 1.234678787417474943, 24.15118135527027832 ) ) ;
#1283 = CARTESIAN_POINT ( 'NONE',  ( -14.84891320494855727, 5.811552496379325916, 19.00000000000000000 ) ) ;
#1284 = CYLINDRICAL_SURFACE ( 'NONE', #70, 0.4000000000000001887 ) ;
#1285 = ORIENTED_EDGE ( 'NONE', *, *, #2524, .F. ) ;
#1286 = AXIS2_PLACEMENT_3D ( 'NONE', #1808, #736, #2694 ) ;
#1287 = CARTESIAN_POINT ( 'NONE',  ( -50.00000000000000000, 4.749951326780573524, 2.540845733246348992 ) ) ;
#1288 = CARTESIAN_POINT ( 'NONE',  ( -10.15580517691092410, -7.935877742257780199, 119.4665468565910800 ) ) ;
#1289 = CYLINDRICAL_SURFACE ( 'NONE', #755, 341.4999999999999432 ) ;
#1290 = CARTESIAN_POINT ( 'NONE',  ( -15.33853058486728749, -9.573965526745718435, 13.00000000000000178 ) ) ;
#1291 = CARTESIAN_POINT ( 'NONE',  ( 15.72944279616270435, 0.01439120739293322203, 19.00000000000000711 ) ) ;
#1292 = CARTESIAN_POINT ( 'NONE',  ( -5.926056749775195698, 5.216624025157093669, 19.45783269540216054 ) ) ;
#1293 = CARTESIAN_POINT ( 'NONE',  ( 3.926569639436500836, 3.977621325196136315, 70.05120874106587792 ) ) ;
#1294 = CARTESIAN_POINT ( 'NONE',  ( -13.69066905560952385, 5.505974022052877892, 19.16480914018232085 ) ) ;
#1295 = CARTESIAN_POINT ( 'NONE',  ( -4.047889443109592200, -6.546575472837137255, 120.0011213357335151 ) ) ;
#1296 = ORIENTED_EDGE ( 'NONE', *, *, #3445, .T. ) ;
#1297 = CARTESIAN_POINT ( 'NONE',  ( 4.389247870047519484, -0.6923579951363976193, 121.9896536969290253 ) ) ;
#1298 = CARTESIAN_POINT ( 'NONE',  ( 6.239112369606409025, 6.674133743635926486, 19.00000000000000000 ) ) ;
#1299 = CARTESIAN_POINT ( 'NONE',  ( -12.66787440224678285, 4.872874913127832386, 19.83465166301089866 ) ) ;
#1300 = CARTESIAN_POINT ( 'NONE',  ( 15.25341713746531269, 3.114249311908046103, 24.15118135527029253 ) ) ;
#1301 = ORIENTED_EDGE ( 'NONE', *, *, #4364, .F. ) ;
#1302 = CARTESIAN_POINT ( 'NONE',  ( -11.90752541248207130, 6.849999999999995204, 10.81811419226828619 ) ) ;
#1303 = EDGE_CURVE ( 'NONE', #3611, #6299, #2556, .T. ) ;
#1304 = CARTESIAN_POINT ( 'NONE',  ( -11.30718854980581511, -1.614999518565227943, 21.68763059514721547 ) ) ;
#1305 = VERTEX_POINT ( 'NONE', #167 ) ;
#1306 = CARTESIAN_POINT ( 'NONE',  ( -13.72023180666986697, 3.255343024370105809, 21.40683803672676078 ) ) ;
#1307 = B_SPLINE_CURVE_WITH_KNOTS ( 'NONE', 3,
 ( #4599, #3114, #2154, #4127, #6123, #3023, #1081, #3538, #773, #1214 ),
 .UNSPECIFIED., .F., .F.,
 ( 4, 2, 2, 2, 4 ),
 ( 0.000000000000000000, 0.0003729394538854086160, 0.0007458789077708172319, 0.001118818361656225956, 0.001491757815541634464 ),
 .UNSPECIFIED. ) ;
#1308 = CARTESIAN_POINT ( 'NONE',  ( 8.590252796204572050, 12.40285642376388253, 119.8640788128336396 ) ) ;
#1309 = CARTESIAN_POINT ( 'NONE',  ( 14.19041057155096475, 18.92638864059048132, 121.1823717443385817 ) ) ;
#1310 = CARTESIAN_POINT ( 'NONE',  ( 3.786012030900921310, -1.509994212892130205, 121.9963716230761008 ) ) ;
#1311 = CARTESIAN_POINT ( 'NONE',  ( -10.17796126218292230, 6.456125051871005383, 19.05601613496153135 ) ) ;
#1312 = CARTESIAN_POINT ( 'NONE',  ( -14.14695608365257407, 4.840802215116542406, 19.28172578662261571 ) ) ;
#1313 = CARTESIAN_POINT ( 'NONE',  ( 13.99999999999999822, -3.341173369522269176, 4.000000000000000000 ) ) ;
#1314 = VERTEX_POINT ( 'NONE', #5464 ) ;
#1315 = CARTESIAN_POINT ( 'NONE',  ( 23.44953580769365331, 5.293122136954679924, 19.00000000000000000 ) ) ;
#1316 = CARTESIAN_POINT ( 'NONE',  ( -11.63358159247220591, -10.06298157653333014, 121.6439760645403538 ) ) ;
#1317 = CARTESIAN_POINT ( 'NONE',  ( 18.70443868275849653, 24.96247228545160368, 130.1169195305652124 ) ) ;
#1318 = EDGE_CURVE ( 'NONE', #3229, #5515, #639, .T. ) ;
#1319 = CARTESIAN_POINT ( 'NONE',  ( 24.79999999999999005, -4.000000000000009770, 16.50000000000000000 ) ) ;
#1320 = CARTESIAN_POINT ( 'NONE',  ( 17.42222509742498104, 3.618360048174591004, 18.99999999999663913 ) ) ;
#1321 = CARTESIAN_POINT ( 'NONE',  ( -2.611808155589453229, 5.446792844844378756, 19.18216038851900151 ) ) ;
#1322 = CARTESIAN_POINT ( 'NONE',  ( -0.9609917548708849511, 3.950718761983754490, 15.00000000000001066 ) ) ;
#1323 = ADVANCED_FACE ( 'NONE', ( #5072 ), #654, .T. ) ;
#1324 = CARTESIAN_POINT ( 'NONE',  ( -13.96541391583174629, 6.026318799916427160, 19.00000000000000000 ) ) ;
#1325 = CARTESIAN_POINT ( 'NONE',  ( -7.366302355039568539, -8.533624766029991093, 119.9740937213591820 ) ) ;
#1326 = ORIENTED_EDGE ( 'NONE', *, *, #1883, .T. ) ;
#1327 = B_SPLINE_CURVE_WITH_KNOTS ( 'NONE', 3,
 ( #1949, #4465, #4943, #5876 ),
 .UNSPECIFIED., .F., .F.,
 ( 4, 4 ),
 ( 0.02836879448213983079, 0.03476043171467332188 ),
 .UNSPECIFIED. ) ;
#1328 = CARTESIAN_POINT ( 'NONE',  ( 2.301853585660603940, -0.1545017674061472390, 119.9214613839786097 ) ) ;
#1329 = EDGE_CURVE ( 'NONE', #5668, #1211, #4551, .T. ) ;
#1330 = CARTESIAN_POINT ( 'NONE',  ( 7.338765621257622662, 4.563040206971780144, 20.34688427507402153 ) ) ;
#1331 = CARTESIAN_POINT ( 'NONE',  ( -12.23393843675841630, 4.434509277255396675, 20.90446963718083495 ) ) ;
#1332 = CARTESIAN_POINT ( 'NONE',  ( 13.69116352716524965, 7.249401374948247323, 70.05120874106583528 ) ) ;
#1333 = ORIENTED_EDGE ( 'NONE', *, *, #4289, .F. ) ;
#1334 = VECTOR ( 'NONE', #627, 1000.000000000000114 ) ;
#1335 = CARTESIAN_POINT ( 'NONE',  ( 21.10246260736749235, -2.500000000000000444, 14.99999999999999112 ) ) ;
#1336 = CARTESIAN_POINT ( 'NONE',  ( 20.05206661064887541, 7.477974294867625105, 21.94724131165688874 ) ) ;
#1337 = CARTESIAN_POINT ( 'NONE',  ( 21.53252885935603445, 7.977759438916327994, 21.97449521908978909 ) ) ;
#1338 = CARTESIAN_POINT ( 'NONE',  ( -13.25121150886306687, 0.9758958828216387493, 21.68033668813596648 ) ) ;
#1339 = ORIENTED_EDGE ( 'NONE', *, *, #633, .F. ) ;
#1340 = CARTESIAN_POINT ( 'NONE',  ( 21.14979932423689846, 8.785597390380234017, 19.54451754204651337 ) ) ;
#1341 = CARTESIAN_POINT ( 'NONE',  ( 17.26549491182121798, 24.96247228545158237, 123.2432852517350170 ) ) ;
#1342 = CARTESIAN_POINT ( 'NONE',  ( 5.822419968710697447, 12.09224062415865042, 121.7683662056859362 ) ) ;
#1343 = SHAPE_DEFINITION_REPRESENTATION ( #2695, #4175 ) ;
#1344 = CARTESIAN_POINT ( 'NONE',  ( -10.76302228714670939, 5.894118766040623569, 19.27107793647040879 ) ) ;
#1345 = CARTESIAN_POINT ( 'NONE',  ( -15.35378136064731258, 4.814540301471635253, 19.00000000000000000 ) ) ;
#1346 = DIRECTION ( 'NONE',  ( -0.7313537016191669071, -0.6819983600625022513, 0.000000000000000000 ) ) ;
#1347 = ORIENTED_EDGE ( 'NONE', *, *, #3964, .F. ) ;
#1348 = DIRECTION ( 'NONE',  ( 0.000000000000000000, 0.6427876096865402511, -0.7660444431189772363 ) ) ;
#1349 = CARTESIAN_POINT ( 'NONE',  ( -10.07163814644769850, -7.800412865822129227, 119.4798774329090634 ) ) ;
#1350 = CARTESIAN_POINT ( 'NONE',  ( 13.20790258469560641, 3.475312508194682071, 3.610394695806003362 ) ) ;
#1351 = CARTESIAN_POINT ( 'NONE',  ( 18.63660999587732903, 3.475312508194681183, 3.610394695806000254 ) ) ;
#1352 = FACE_OUTER_BOUND ( 'NONE', #4546, .T. ) ;
#1353 = CARTESIAN_POINT ( 'NONE',  ( -8.630732914790522514, 6.092175401520986355, 19.16735802650570264 ) ) ;
#1354 = CARTESIAN_POINT ( 'NONE',  ( -4.675708030399520432, -1.903838732094996988, 115.8311238661720068 ) ) ;
#1355 = CARTESIAN_POINT ( 'NONE',  ( -13.23369563215153377, 4.396895354823504576, 20.09048504674322544 ) ) ;
#1356 = CARTESIAN_POINT ( 'NONE',  ( -5.894922724348442777, -7.765938140153676450, 119.9890658750990440 ) ) ;
#1357 = EDGE_CURVE ( 'NONE', #370, #4621, #2543, .T. ) ;
#1358 = ORIENTED_EDGE ( 'NONE', *, *, #2837, .T. ) ;
#1359 = CARTESIAN_POINT ( 'NONE',  ( 14.40486005928195112, 15.69920596903652843, 121.3198144777415308 ) ) ;
#1360 = CARTESIAN_POINT ( 'NONE',  ( 0.6763883382011219858, 5.606305433059894483, 19.06529956053192620 ) ) ;
#1361 = CARTESIAN_POINT ( 'NONE',  ( -12.39895838366136793, 4.970373323393303622, 19.83178063406631253 ) ) ;
#1362 = CARTESIAN_POINT ( 'NONE',  ( 12.89274829872153738, 4.003324065208899718, 42.40200746962046452 ) ) ;
#1363 = VERTEX_POINT ( 'NONE', #3439 ) ;
#1364 = DIRECTION ( 'NONE',  ( 1.000000000000000000, 0.000000000000000000, 0.000000000000000000 ) ) ;
#1365 = CARTESIAN_POINT ( 'NONE',  ( 13.49691816179085713, 6.990890935737565925, 19.22384158780495866 ) ) ;
#1366 = CARTESIAN_POINT ( 'NONE',  ( 21.60471193674140267, 7.404068170552521977, 18.99999999999999645 ) ) ;
#1367 = CARTESIAN_POINT ( 'NONE',  ( -15.78486053552112089, 0.4426774223349683179, 18.99999999999998934 ) ) ;
#1368 = ORIENTED_EDGE ( 'NONE', *, *, #158, .F. ) ;
#1369 = CARTESIAN_POINT ( 'NONE',  ( -13.81390712262592935, 3.145659261468923162, 19.16718111451512740 ) ) ;
#1370 = VECTOR ( 'NONE', #4151, 1000.000000000000114 ) ;
#1371 = CARTESIAN_POINT ( 'NONE',  ( 19.03063915331194877, -5.094974746830584600, 5.845045092764129535 ) ) ;
#1372 = CARTESIAN_POINT ( 'NONE',  ( 12.29426976275055239, 17.33056204646942788, 119.6209802687134811 ) ) ;
#1373 = CARTESIAN_POINT ( 'NONE',  ( -10.57347616336247498, 5.630469026998296656, 19.43159385051940546 ) ) ;
#1374 = CARTESIAN_POINT ( 'NONE',  ( -14.85608094520438982, 4.464853397657010170, 19.17627728111252594 ) ) ;
#1375 = LINE ( 'NONE', #1249, #911 ) ;
#1376 = CARTESIAN_POINT ( 'NONE',  ( -50.00000000000000000, -4.749951326780577965, 1.468383512879778419 ) ) ;
#1377 = B_SPLINE_CURVE_WITH_KNOTS ( 'NONE', 3,
 ( #5600, #1597, #48, #3997, #3568, #5536, #1111, #2592, #6045, #5946, #5471, #3670 ),
 .UNSPECIFIED., .F., .F.,
 ( 4, 2, 2, 2, 2, 4 ),
 ( 0.000000000000000000, 0.0003698639995515268404, 0.0007397279991030536808, 0.001479455998206118854, 0.002219183997309184028, 0.002958911996412248984 ),
 .UNSPECIFIED. ) ;
#1378 = CARTESIAN_POINT ( 'NONE',  ( -50.00000000000000000, -4.000000000000000000, 15.00000000000000178 ) ) ;
#1379 = CARTESIAN_POINT ( 'NONE',  ( -11.72014478413550087, -6.670720886508381575, 121.7406209823918459 ) ) ;
#1380 = DIRECTION ( 'NONE',  ( 0.000000000000000000, 0.000000000000000000, 1.000000000000000000 ) ) ;
#1381 = VECTOR ( 'NONE', #6183, 1000.000000000000000 ) ;
#1382 = DIRECTION ( 'NONE',  ( -0.6819983600625022513, 0.7313537016191671292, -0.000000000000000000 ) ) ;
#1383 = CARTESIAN_POINT ( 'NONE',  ( -6.842904147323203290, 4.414642027166909344, 20.68692529682268955 ) ) ;
#1384 = CARTESIAN_POINT ( 'NONE',  ( 3.466527827700052633, 6.003085192965746053, 115.8311238661719216 ) ) ;
#1385 = CARTESIAN_POINT ( 'NONE',  ( -13.05144766453237359, 4.181418328000305884, 20.62885461421923594 ) ) ;
#1386 = CARTESIAN_POINT ( 'NONE',  ( 15.00000000000000000, 4.749951326780577965, 1.468383512879778197 ) ) ;
#1387 = ORIENTED_EDGE ( 'NONE', *, *, #1329, .F. ) ;
#1388 = CARTESIAN_POINT ( 'NONE',  ( -1.675296818277876909, -4.635420056578412940, 119.9968374944100020 ) ) ;
#1389 = CARTESIAN_POINT ( 'NONE',  ( 0.6779832177771047963, 5.303453780578360366, 19.19096127149745712 ) ) ;
#1390 = CARTESIAN_POINT ( 'NONE',  ( -13.51477564447769986, 5.592982278335608903, 19.16454718618922115 ) ) ;
#1391 = CARTESIAN_POINT ( 'NONE',  ( 11.23557109509140517, 2.609476336125621465, 42.40200746962078426 ) ) ;
#1392 = ORIENTED_EDGE ( 'NONE', *, *, #5809, .F. ) ;
#1393 = CARTESIAN_POINT ( 'NONE',  ( 13.02622734467765220, 16.98086034966186375, 120.2053602810437098 ) ) ;
#1394 = ADVANCED_FACE ( 'NONE', ( #1894 ), #4382, .T. ) ;
#1395 = CARTESIAN_POINT ( 'NONE',  ( -15.85391766892313470, 0.5773098119769412007, 18.99999999999998934 ) ) ;
#1396 = CARTESIAN_POINT ( 'NONE',  ( -13.13269012812395253, -2.456352756782556046, 42.40200746962062794 ) ) ;
#1397 = ORIENTED_EDGE ( 'NONE', *, *, #3594, .T. ) ;
#1398 = EDGE_CURVE ( 'NONE', #1718, #3786, #5852, .T. ) ;
#1399 = CARTESIAN_POINT ( 'NONE',  ( 24.79999999999999005, -4.000000000000000000, 15.00000000000000178 ) ) ;
#1400 = CARTESIAN_POINT ( 'NONE',  ( -13.24211101831319404, -13.99145063748611051, 123.6766934416879735 ) ) ;
#1401 = CARTESIAN_POINT ( 'NONE',  ( 17.17064520419008034, 0.9084269038100333260, 18.99999999999999645 ) ) ;
#1402 =( BOUNDED_CURVE ( )  B_SPLINE_CURVE ( 3, ( #1112, #1705, #5635, #78 ),
 .UNSPECIFIED., .F., .F. ) 
 B_SPLINE_CURVE_WITH_KNOTS ( ( 4, 4 ),
 ( 1.497785525856499378, 1.534835494822644586 ),
 .UNSPECIFIED. ) 
 CURVE ( )  GEOMETRIC_REPRESENTATION_ITEM ( )  RATIONAL_B_SPLINE_CURVE ( ( 1.000000000000000000, 0.9998856115879608542, 0.9998856115879608542, 1.000000000000000000 ) ) 
 REPRESENTATION_ITEM ( '' )  );
#1403 = CARTESIAN_POINT ( 'NONE',  ( -10.38628503979103535, 4.985550613713394696, 20.08044516570007332 ) ) ;
#1404 = CARTESIAN_POINT ( 'NONE',  ( -13.51981010245409642, 3.624527005580734151, 21.33546379701621021 ) ) ;
#1405 = CARTESIAN_POINT ( 'NONE',  ( 18.25891563134817019, -4.749951326780577965, 1.468383512879778419 ) ) ;
#1406 = ORIENTED_EDGE ( 'NONE', *, *, #913, .F. ) ;
#1407 = CARTESIAN_POINT ( 'NONE',  ( -50.00000000000000000, -2.500000000000000000, 13.90693813243276011 ) ) ;
#1408 = CARTESIAN_POINT ( 'NONE',  ( -9.673157130784950652, -7.315932988334253650, 119.5072144171664519 ) ) ;
#1409 = CARTESIAN_POINT ( 'NONE',  ( -50.00000000000000000, -4.749951326780577965, 1.468383512879778419 ) ) ;
#1410 = CARTESIAN_POINT ( 'NONE',  ( 20.34241396208662067, 5.943511076752544753, 21.07314582980282935 ) ) ;
#1411 = VECTOR ( 'NONE', #3148, 1000.000000000000000 ) ;
#1412 = CARTESIAN_POINT ( 'NONE',  ( -7.789377284227017029, 6.608906280410892009, 19.00000000000000000 ) ) ;
#1413 = CARTESIAN_POINT ( 'NONE',  ( -6.234421313751684401, -3.255996800416681047, 115.8311238661720068 ) ) ;
#1414 = CARTESIAN_POINT ( 'NONE',  ( -13.00331169611032500, 4.068506051998506123, 21.22937869947498513 ) ) ;
#1415 = CARTESIAN_POINT ( 'NONE',  ( -19.09272319375467930, -7.091450637486104824, 123.0019963935899483 ) ) ;
#1416 = ORIENTED_EDGE ( 'NONE', *, *, #5686, .T. ) ;
#1417 = ADVANCED_FACE ( 'NONE', ( #1432 ), #1976, .T. ) ;
#1418 = CARTESIAN_POINT ( 'NONE',  ( -6.156584705102733146, -8.074041700919682540, 121.8494413066895277 ) ) ;
#1419 = CARTESIAN_POINT ( 'NONE',  ( 0.6845256844286848885, 4.074610269456418798, 20.24495424468204874 ) ) ;
#1420 = CARTESIAN_POINT ( 'NONE',  ( -12.97718897531096971, 4.375832096271374816, 20.35432374778611120 ) ) ;
#1421 = CARTESIAN_POINT ( 'NONE',  ( 7.013833654268966100, 3.792256664077053863, 97.49437716547373611 ) ) ;
#1422 = ORIENTED_EDGE ( 'NONE', *, *, #5008, .T. ) ;
#1423 = DIRECTION ( 'NONE',  ( -0.000000000000000000, 1.000000000000000000, -0.000000000000000000 ) ) ;
#1424 = VECTOR ( 'NONE', #1221, 1000.000000000000114 ) ;
#1425 = CARTESIAN_POINT ( 'NONE',  ( -1.145900251301650519, -4.851724810960164724, 19.00000000000168399 ) ) ;
#1426 = CARTESIAN_POINT ( 'NONE',  ( -14.10043978860809233, -0.6921884075803601544, 42.40200746962070610 ) ) ;
#1427 = VERTEX_POINT ( 'NONE', #1460 ) ;
#1428 = CARTESIAN_POINT ( 'NONE',  ( -13.83451707887011928, 2.626552709262270913, 19.30035920614482947 ) ) ;
#1429 = EDGE_CURVE ( 'NONE', #1079, #4682, #2928, .T. ) ;
#1430 = VECTOR ( 'NONE', #2622, 1000.000000000000000 ) ;
#1431 = CARTESIAN_POINT ( 'NONE',  ( 16.55798334274433259, 24.96247228545158237, 122.6921655084280331 ) ) ;
#1432 = FACE_OUTER_BOUND ( 'NONE', #1557, .T. ) ;
#1433 = DIRECTION ( 'NONE',  ( 1.000000000000000000, 0.000000000000000000, 0.000000000000000000 ) ) ;
#1434 = CARTESIAN_POINT ( 'NONE',  ( -10.28026819643780065, 6.173877409056352406, 19.16420986665831094 ) ) ;
#1435 = CARTESIAN_POINT ( 'NONE',  ( -14.53397814633695617, 4.415293723851710261, 19.29005530676617397 ) ) ;
#1436 = VERTEX_POINT ( 'NONE', #1372 ) ;
#1437 = DIRECTION ( 'NONE',  ( -3.469446951953614978E-15, 6.938893903907233308E-16, -1.000000000000000000 ) ) ;
#1438 = DIRECTION ( 'NONE',  ( -1.000000000000000000, -0.000000000000000000, -0.000000000000000000 ) ) ;
#1439 =( NAMED_UNIT ( * ) SI_UNIT ( $, .STERADIAN. ) SOLID_ANGLE_UNIT ( ) );
#1440 = CARTESIAN_POINT ( 'NONE',  ( 20.84058566481391139, 6.320072336660514267, 21.06982256230847739 ) ) ;
#1441 = CARTESIAN_POINT ( 'NONE',  ( -8.019178917023939590, 4.439640956696242036, 21.27145261007069266 ) ) ;
#1442 = CARTESIAN_POINT ( 'NONE',  ( -7.012454645652367091, -3.935012286249434776, 115.8311238661721347 ) ) ;
#1443 = CARTESIAN_POINT ( 'NONE',  ( -13.20480393257417262, 4.251032068029074296, 20.36557600520310984 ) ) ;
#1444 = CARTESIAN_POINT ( 'NONE',  ( -16.82052845058855439, -7.091450637486103048, 124.6664149793204075 ) ) ;
#1445 = ORIENTED_EDGE ( 'NONE', *, *, #3085, .T. ) ;
#1446 = CARTESIAN_POINT ( 'NONE',  ( 1.629528444835062650, 3.780365328820570969, 21.50879085878493768 ) ) ;
#1447 = CARTESIAN_POINT ( 'NONE',  ( -8.009377154738633209, -8.962336757043926738, 121.7851538164080694 ) ) ;
#1448 = CARTESIAN_POINT ( 'NONE',  ( 0.6863168502162788620, 3.760460314587735997, 21.17911732139121739 ) ) ;
#1449 = CARTESIAN_POINT ( 'NONE',  ( -13.15668650425814867, 4.653534672579711540, 19.83985211862724896 ) ) ;
#1450 = CARTESIAN_POINT ( 'NONE',  ( 19.94630456661061757, 10.37523997357543415, 42.40200746962062794 ) ) ;
#1451 = ORIENTED_EDGE ( 'NONE', *, *, #3301, .F. ) ;
#1452 = CARTESIAN_POINT ( 'NONE',  ( -50.00000000000000000, -3.475312508194680738, 3.610394695806004250 ) ) ;
#1453 = CARTESIAN_POINT ( 'NONE',  ( 22.50202512148702283, -2.790256954580010440, 15.88865230251155047 ) ) ;
#1454 = CARTESIAN_POINT ( 'NONE',  ( -0.3308776057493074685, -4.760596085170212710, 18.99999999999831246 ) ) ;
#1455 = CARTESIAN_POINT ( 'NONE',  ( -7.825855286482679141, -8.323048528393485412, 115.8311238661720779 ) ) ;
#1456 = EDGE_LOOP ( 'NONE', ( #4809, #3708, #2518, #4736, #5906, #882 ) ) ;
#1457 = CARTESIAN_POINT ( 'NONE',  ( 20.15394731310479415, 5.806156844142138063, 21.07495330776860953 ) ) ;
#1458 = CARTESIAN_POINT ( 'NONE',  ( 18.63649051178633442, 18.06247228545159800, 130.5127432510292635 ) ) ;
#1459 = EDGE_CURVE ( 'NONE', #578, #4229, #3375, .T. ) ;
#1460 = CARTESIAN_POINT ( 'NONE',  ( -11.70608084859520126, -6.949951326780578142, 9.675665299435898703 ) ) ;
#1461 = CARTESIAN_POINT ( 'NONE',  ( -11.26471092030907428, 4.979126174807059435, 20.07134495959711984 ) ) ;
#1462 = CARTESIAN_POINT ( 'NONE',  ( -14.99434159630184560, 4.774457630527717100, 19.05966496788490261 ) ) ;
#1463 = CYLINDRICAL_SURFACE ( 'NONE', #6105, 0.7000000000000009548 ) ;
#1464 = CARTESIAN_POINT ( 'NONE',  ( 12.99999999999999822, -4.202752579821948054, 2.999999999999998668 ) ) ;
#1465 = CARTESIAN_POINT ( 'NONE',  ( -15.33853058486728749, 2.500000000000000444, 13.00000000000000178 ) ) ;
#1466 = AXIS2_PLACEMENT_3D ( 'NONE', #2525, #1045, #3014 ) ;
#1467 = CARTESIAN_POINT ( 'NONE',  ( 21.57670675433824314, 6.449520286113671119, 18.99999999999834088 ) ) ;
#1468 = CARTESIAN_POINT ( 'NONE',  ( -8.747567182132270247, 4.625665547870318584, 20.64861222969161147 ) ) ;
#1469 = CARTESIAN_POINT ( 'NONE',  ( -4.880073844493018953, -3.108130113692247232, 125.0000000000000853 ) ) ;
#1470 = CARTESIAN_POINT ( 'NONE',  ( -13.86565061489713280, 5.735042902267414533, 19.05626107687076498 ) ) ;
#1471 = CARTESIAN_POINT ( 'NONE',  ( -13.61033014602571356, 3.488646937589733987, 21.35054626892179996 ) ) ;
#1472 = VERTEX_POINT ( 'NONE', #5909 ) ;
#1473 = AXIS2_PLACEMENT_3D ( 'NONE', #3874, #1382, #4300 ) ;
#1474 = LINE ( 'NONE', #4755, #2876 ) ;
#1475 = CARTESIAN_POINT ( 'NONE',  ( -7.727881487187354459, -8.681989252278128788, 119.9601488854784321 ) ) ;
#1476 = CARTESIAN_POINT ( 'NONE',  ( -0.1606481794831008669, 4.512810223010676580, 19.72643794696134734 ) ) ;
#1477 = CARTESIAN_POINT ( 'NONE',  ( -13.98986039065814246, 6.354218769998890792, 19.00000000000000000 ) ) ;
#1478 = CARTESIAN_POINT ( 'NONE',  ( 11.01544734903741052, 15.27246231676454613, 125.0000000000000284 ) ) ;
#1479 = ORIENTED_EDGE ( 'NONE', *, *, #2142, .F. ) ;
#1480 = CARTESIAN_POINT ( 'NONE',  ( -14.30230202246736049, 2.742150509572891526, 15.82292078338085339 ) ) ;
#1481 = CARTESIAN_POINT ( 'NONE',  ( -2.761778249118132855, -4.899984584440332469, 21.51815828393316821 ) ) ;
#1482 = CARTESIAN_POINT ( 'NONE',  ( -12.37738831490003832, -0.7869988531693776768, 24.15118135527027832 ) ) ;
#1483 = ORIENTED_EDGE ( 'NONE', *, *, #4455, .F. ) ;
#1484 = CARTESIAN_POINT ( 'NONE',  ( 21.83171184249239616, 7.147427084241162909, 21.05930808063053661 ) ) ;
#1485 = EDGE_CURVE ( 'NONE', #2445, #1202, #1008, .T. ) ;
#1486 = CARTESIAN_POINT ( 'NONE',  ( 20.45836014646257439, 2.499999999999975575, 13.84216167792396135 ) ) ;
#1487 = CARTESIAN_POINT ( 'NONE',  ( -9.882120813759341260, -8.857278498864667782, 119.7053361253166486 ) ) ;
#1488 = CARTESIAN_POINT ( 'NONE',  ( -11.25691851073797167, 4.838946023629580928, 20.33895337339852816 ) ) ;
#1489 = CARTESIAN_POINT ( 'NONE',  ( -14.30157857231398388, 3.829145940287018046, 19.69200284413632929 ) ) ;
#1490 = CARTESIAN_POINT ( 'NONE',  ( -4.938419384775918353, 6.591706678182851498, 19.00000000000000355 ) ) ;
#1491 = LINE ( 'NONE', #5858, #2402 ) ;
#1492 = CARTESIAN_POINT ( 'NONE',  ( 11.51200663513280631, 18.02434952974055804, 121.1328803285461078 ) ) ;
#1493 = CARTESIAN_POINT ( 'NONE',  ( -9.227915701204983279, 5.849874228549319710, 19.27574658684473619 ) ) ;
#1494 = CARTESIAN_POINT ( 'NONE',  ( -8.905662020828133407, -5.693403850930417676, 115.8311238661721347 ) ) ;
#1495 = CARTESIAN_POINT ( 'NONE',  ( -13.82051809912140605, 4.768591697247442696, 19.44324638590614640 ) ) ;
#1496 = PLANE ( 'NONE',  #1167 ) ;
#1497 = ORIENTED_EDGE ( 'NONE', *, *, #1357, .F. ) ;
#1498 = CARTESIAN_POINT ( 'NONE',  ( -10.09994700572777759, 4.583501777140021716, 21.20069937496008805 ) ) ;
#1499 = CARTESIAN_POINT ( 'NONE',  ( -7.583303721711579293, -8.814672149106678845, 121.7994540146610660 ) ) ;
#1500 = CARTESIAN_POINT ( 'NONE',  ( -1.743377389049399095, 6.329951632003157691, 19.00000000000000000 ) ) ;
#1501 = CARTESIAN_POINT ( 'NONE',  ( -13.46631594214768235, 5.931255077891719019, 19.05597322983331310 ) ) ;
#1502 = CARTESIAN_POINT ( 'NONE',  ( 15.26196740124326467, 15.47514024421320755, 97.49437716547346611 ) ) ;
#1503 = ORIENTED_EDGE ( 'NONE', *, *, #4162, .T. ) ;
#1504 = CARTESIAN_POINT ( 'NONE',  ( 14.96664561714420394, 16.18522696270240147, 97.49437716547349453 ) ) ;
#1505 = ADVANCED_FACE ( 'NONE', ( #4916 ), #5339, .T. ) ;
#1506 = CARTESIAN_POINT ( 'NONE',  ( -15.00399387149481711, -13.99145063748610873, 130.8832197057562610 ) ) ;
#1507 = CARTESIAN_POINT ( 'NONE',  ( -3.563670193867498170, -4.821866313229711487, 18.99999999999998934 ) ) ;
#1508 = B_SPLINE_CURVE_WITH_KNOTS ( 'NONE', 3,
 ( #796, #5105, #1166, #309, #1654, #2721, #4659, #6111, #2210, #5660, #1692, #200, #2753, #5624, #2279, #3210, #760, #4220 ),
 .UNSPECIFIED., .F., .F.,
 ( 4, 2, 2, 2, 2, 2, 2, 2, 4 ),
 ( 0.003949635084611964955, 0.004460322161064597495, 0.004971009237517230034, 0.005481696313969861706, 0.005992383390422494245, 0.006503070466875126784, 0.007013757543327758456, 0.007524444619780390996, 0.008035131696233023535 ),
 .UNSPECIFIED. ) ;
#1509 = CARTESIAN_POINT ( 'NONE',  ( -5.383359338798841875, -7.176780553746642255, 115.8311238661722626 ) ) ;
#1510 = ORIENTED_EDGE ( 'NONE', *, *, #3127, .T. ) ;
#1511 = CARTESIAN_POINT ( 'NONE',  ( -10.18240322948178367, -2.500328299212077443, 21.67338103901161972 ) ) ;
#1512 = CARTESIAN_POINT ( 'NONE',  ( -9.859075118128220794, -7.537774102446022972, 119.4949657662907185 ) ) ;
#1513 = DIRECTION ( 'NONE',  ( 0.000000000000000000, 0.7660444431189764591, -0.6427876096865411393 ) ) ;
#1514 = CARTESIAN_POINT ( 'NONE',  ( 15.54223767670166900, -0.1003270124539156205, 18.99999999999999645 ) ) ;
#1515 = CARTESIAN_POINT ( 'NONE',  ( -12.07388370819932177, 6.359818524528039418, 19.05530730574733767 ) ) ;
#1516 = CARTESIAN_POINT ( 'NONE',  ( -15.49950250611788505, 4.574340230428543208, 19.00000000000000000 ) ) ;
#1517 = DIRECTION ( 'NONE',  ( 1.000000000000000000, 0.000000000000000000, 0.000000000000000000 ) ) ;
#1518 = VECTOR ( 'NONE', #3352, 1000.000000000000000 ) ;
#1519 = CARTESIAN_POINT ( 'NONE',  ( 15.00000000000000000, 3.000000000000000000, -5.026757405899497200E-16 ) ) ;
#1520 = B_SPLINE_CURVE_WITH_KNOTS ( 'NONE', 3,
 ( #4442, #9, #1982, #3731 ),
 .UNSPECIFIED., .F., .F.,
 ( 4, 4 ),
 ( -5.999999997263697909E-08, 0.0001569669516484086772 ),
 .UNSPECIFIED. ) ;
#1521 =( LENGTH_UNIT ( ) NAMED_UNIT ( * ) SI_UNIT ( .MILLI., .METRE. ) );
#1522 = CARTESIAN_POINT ( 'NONE',  ( -9.384686765404723019, -7.441519465201326788, 121.7854065036276268 ) ) ;
#1523 = CARTESIAN_POINT ( 'NONE',  ( -25.19999999999999929, -7.091450637486104824, 118.7689988222012971 ) ) ;
#1524 = CARTESIAN_POINT ( 'NONE',  ( -9.278370155586292967, 4.943353845760931620, 20.09377867790288619 ) ) ;
#1525 = CARTESIAN_POINT ( 'NONE',  ( -13.30969349763764420, 1.102423447747713725, 42.40200746962066347 ) ) ;
#1526 = CARTESIAN_POINT ( 'NONE',  ( -14.34971745054214054, 5.800447563626765834, 19.00000000000000000 ) ) ;
#1527 = CARTESIAN_POINT ( 'NONE',  ( -13.62435120417991818, 3.463717193044000275, 21.35902550635000807 ) ) ;
#1528 = ORIENTED_EDGE ( 'NONE', *, *, #162, .T. ) ;
#1529 = CARTESIAN_POINT ( 'NONE',  ( -12.82611618757920802, 4.160209789219342369, 21.20015538104710018 ) ) ;
#1530 = EDGE_CURVE ( 'NONE', #4687, #3032, #5472, .T. ) ;
#1531 = CARTESIAN_POINT ( 'NONE',  ( -1.439111836537669831, 4.147462709126767066, 20.21134764210565038 ) ) ;
#1532 = CARTESIAN_POINT ( 'NONE',  ( -13.31351827998293302, 4.828322304679115717, 19.63735243529248464 ) ) ;
#1533 = CARTESIAN_POINT ( 'NONE',  ( 20.92776967381122333, 11.50766158645719450, 42.40200746962065637 ) ) ;
#1534 = ORIENTED_EDGE ( 'NONE', *, *, #942, .T. ) ;
#1535 = B_SPLINE_CURVE_WITH_KNOTS ( 'NONE', 3,
 ( #2149, #5014, #138, #4024, #2048, #2620, #5114, #3081, #4633, #5976, #2115, #1556, #4596, #732, #594, #3535, #1138, #5045, #4537, #1078, #4091, #1210, #6081, #6013, #6043, #5597, #660, #5148 ),
 .UNSPECIFIED., .F., .F.,
 ( 4, 2, 2, 2, 2, 2, 2, 2, 2, 2, 2, 2, 2, 4 ),
 ( -5.980533963209401971E-08, 0.0005262809978857670287, 0.001052621801111166015, 0.002105303407561964421, 0.004210666620463560800, 0.006316029833365155444, 0.008421393046266750088, 0.01263211947206993591, 0.01684284589787312172, 0.02105357232367630754, 0.02526429874947949336, 0.02947502517528268612, 0.03158038838818427729, 0.03368575160108587541 ),
 .UNSPECIFIED. ) ;
#1536 = CARTESIAN_POINT ( 'NONE',  ( -50.00000000000000000, 3.475312508194680738, 3.610394695806002030 ) ) ;
#1537 = CARTESIAN_POINT ( 'NONE',  ( 14.50124706245549078, 15.87683480401792480, 121.3074722920967901 ) ) ;
#1538 = CARTESIAN_POINT ( 'NONE',  ( -10.38574494995700270, -2.355140113944043545, 21.67664963897803787 ) ) ;
#1539 = CARTESIAN_POINT ( 'NONE',  ( 10.99759486001040010, 7.115253598367710097, 19.00000000000000000 ) ) ;
#1540 = CARTESIAN_POINT ( 'NONE',  ( -8.284320985332565002, -3.781608425667140949, 24.15118135527034582 ) ) ;
#1541 = EDGE_LOOP ( 'NONE', ( #1940, #3452, #5447, #2261 ) ) ;
#1542 = CARTESIAN_POINT ( 'NONE',  ( 16.92723940197651444, 3.679804374499064057, 21.13485723168651376 ) ) ;
#1543 = CARTESIAN_POINT ( 'NONE',  ( -9.770607107024016358, -7.907524153106634479, 121.7632860143054216 ) ) ;
#1544 = CARTESIAN_POINT ( 'NONE',  ( 21.91528994894699167, 7.286272458425530729, 21.18234248348834470 ) ) ;
#1545 = DIRECTION ( 'NONE',  ( 1.000000000000000000, 0.000000000000000000, 0.000000000000000000 ) ) ;
#1546 = CARTESIAN_POINT ( 'NONE',  ( -50.00000000000000000, -4.749951326780575300, 2.540845733246349436 ) ) ;
#1547 = ORIENTED_EDGE ( 'NONE', *, *, #4506, .F. ) ;
#1548 = CARTESIAN_POINT ( 'NONE',  ( -14.11624316364532206, 3.683873427973683778, 19.91427163829633429 ) ) ;
#1549 = CARTESIAN_POINT ( 'NONE',  ( -14.93604570052267810, -7.091450637486104824, 124.9660018933909527 ) ) ;
#1550 = CARTESIAN_POINT ( 'NONE',  ( 5.695544273406981439, 6.594093621455994203, 19.00000000000001421 ) ) ;
#1551 = CARTESIAN_POINT ( 'NONE',  ( 9.173623976100849120, 24.96247228545150421, 122.6544297022709742 ) ) ;
#1552 = CARTESIAN_POINT ( 'NONE',  ( 12.29426976275055239, 17.33056204646942788, 119.6209802687134811 ) ) ;
#1553 = CARTESIAN_POINT ( 'NONE',  ( -8.845327155347352033, 5.823581344943324467, 19.27700880579424236 ) ) ;
#1554 = CARTESIAN_POINT ( 'NONE',  ( -13.83659417926489077, 2.611018342789871216, 24.15118135527027476 ) ) ;
#1555 = CARTESIAN_POINT ( 'NONE',  ( -13.43723918980517240, 4.251353531541656849, 20.10584828923607148 ) ) ;
#1556 = CARTESIAN_POINT ( 'NONE',  ( -5.179231444921849281, -2.785806704197718808, 119.7857956078089501 ) ) ;
#1557 = EDGE_LOOP ( 'NONE', ( #5581, #3945, #4799, #1483 ) ) ;
#1558 =( BOUNDED_CURVE ( )  B_SPLINE_CURVE ( 3, ( #3093, #2634, #4518, #3060 ),
 .UNSPECIFIED., .F., .T. ) 
 B_SPLINE_CURVE_WITH_KNOTS ( ( 4, 4 ),
 ( 4.758554396023955135, 4.760126214305636871 ),
 .UNSPECIFIED. ) 
 CURVE ( )  GEOMETRIC_REPRESENTATION_ITEM ( )  RATIONAL_B_SPLINE_CURVE ( ( 1.000000000000000000, 0.9999997941156180126, 0.9999997941156180126, 1.000000000000000000 ) ) 
 REPRESENTATION_ITEM ( '' )  );
#1559 = DIRECTION ( 'NONE',  ( 1.000000000000000000, 0.000000000000000000, 0.000000000000000000 ) ) ;
#1560 = AXIS2_PLACEMENT_3D ( 'NONE', #2951, #6379, #5315 ) ;
#1561 = CARTESIAN_POINT ( 'NONE',  ( 19.36852581044377786, 4.668494298486259630, 7.761295548447312065 ) ) ;
#1562 = CARTESIAN_POINT ( 'NONE',  ( -1.450708775227567582, 3.891364828244311180, 20.80422718690157069 ) ) ;
#1563 = CARTESIAN_POINT ( 'NONE',  ( 21.83171992691303132, 7.147434060493214503, 21.05930783481401036 ) ) ;
#1564 = VECTOR ( 'NONE', #2213, 1000.000000000000000 ) ;
#1565 = VECTOR ( 'NONE', #1922, 1000.000000000000114 ) ;
#1566 = CARTESIAN_POINT ( 'NONE',  ( -12.99468752009954287, 4.211405213754692234, 20.62581746110899417 ) ) ;
#1567 = CARTESIAN_POINT ( 'NONE',  ( 20.54387518519802214, 6.763628118630936825, 24.15118135527026766 ) ) ;
#1568 = ORIENTED_EDGE ( 'NONE', *, *, #1579, .F. ) ;
#1569 = CARTESIAN_POINT ( 'NONE',  ( 20.97137779049096196, 11.55778932370711409, 42.40200746962064926 ) ) ;
#1570 = CARTESIAN_POINT ( 'NONE',  ( 20.57381312025544773, 18.06247228545161931, 123.8382401043730283 ) ) ;
#1571 = ADVANCED_FACE ( 'NONE', ( #3102 ), #93, .T. ) ;
#1572 = AXIS2_PLACEMENT_3D ( 'NONE', #3376, #1864, #1433 ) ;
#1573 = CARTESIAN_POINT ( 'NONE',  ( 11.25814243882968313, 5.862271987585335076, 19.57246970601158864 ) ) ;
#1574 = CARTESIAN_POINT ( 'NONE',  ( -8.406832300646712497, -5.211945565328126584, 42.40200746962039346 ) ) ;
#1575 = ORIENTED_EDGE ( 'NONE', *, *, #5879, .F. ) ;
#1576 = PRESENTATION_LAYER_ASSIGNMENT (  '', '', ( #3754 ) ) ;
#1577 = CARTESIAN_POINT ( 'NONE',  ( 7.284784093848903908, -1.926561683226049038, 21.32876320597155129 ) ) ;
#1579 = EDGE_CURVE ( 'NONE', #3819, #462, #4558, .T. ) ;
#1578 = DIRECTION ( 'NONE',  ( 0.000000000000000000, 0.000000000000000000, -1.000000000000000000 ) ) ;
#1580 = CARTESIAN_POINT ( 'NONE',  ( 22.13760293125264766, 7.341253014503714702, 18.99999999999593570 ) ) ;
#1581 = CARTESIAN_POINT ( 'NONE',  ( 21.78362497260168951, 24.96247228545163566, 131.4999999999999716 ) ) ;
#1582 = CARTESIAN_POINT ( 'NONE',  ( -5.773249668981115690, -7.049256714062959617, 18.99999999999999289 ) ) ;
#1583 = EDGE_CURVE ( 'NONE', #3285, #1086, #686, .T. ) ;
#1584 = CARTESIAN_POINT ( 'NONE',  ( -14.11059761125518186, 3.695907762959554699, 19.91340952304694767 ) ) ;
#1585 = CARTESIAN_POINT ( 'NONE',  ( 14.05395336679683815, 8.192028392614775001, 19.00000000000002842 ) ) ;
#1586 = EDGE_CURVE ( 'NONE', #5095, #2539, #3721, .T. ) ;
#1587 = DIRECTION ( 'NONE',  ( 0.000000000000000000, -0.7660444431189821213, 0.6427876096865344779 ) ) ;
#1588 = CARTESIAN_POINT ( 'NONE',  ( -9.531977968853158956, -7.147110419511632173, 119.5153120656201367 ) ) ;
#1589 = CARTESIAN_POINT ( 'NONE',  ( 8.829071268946687923, 15.96290211963004602, 121.5505907101959053 ) ) ;
#1590 = CARTESIAN_POINT ( 'NONE',  ( -11.17156698767087342, 5.385874850037472683, 6.644286557642076652 ) ) ;
#1591 = CARTESIAN_POINT ( 'NONE',  ( -9.609246873464131866, 5.871115993437054925, 19.27453581529314164 ) ) ;
#1592 = CARTESIAN_POINT ( 'NONE',  ( -12.37917903174932377, -5.964345518893360065, 97.49437716547346611 ) ) ;
#1593 = CARTESIAN_POINT ( 'NONE',  ( -14.60387808983842639, 5.997858747417298630, 19.00000000000000000 ) ) ;
#1594 = DIRECTION ( 'NONE',  ( -0.1126197424618091969, -0.7611709911701199927, -0.6386982979536839355 ) ) ;
#1595 = ORIENTED_EDGE ( 'NONE', *, *, #6083, .F. ) ;
#1596 = CARTESIAN_POINT ( 'NONE',  ( 11.85269447409370613, 6.943675928652951690, 19.07549718233346070 ) ) ;
#1597 = CARTESIAN_POINT ( 'NONE',  ( 21.20011190887117891, 9.000000000000001776, 19.42384236923572161 ) ) ;
#1598 = FACE_OUTER_BOUND ( 'NONE', #5945, .T. ) ;
#1599 = CARTESIAN_POINT ( 'NONE',  ( 20.11781660712995290, 7.540855664603520303, 20.88287672238493897 ) ) ;
#1600 = CARTESIAN_POINT ( 'NONE',  ( -1.794488366212052766, 5.389166515587898942, 19.18431614306444288 ) ) ;
#1601 = CARTESIAN_POINT ( 'NONE',  ( 15.35665252304079686, 4.992353280686235628, 15.00000000000000888 ) ) ;
#1602 =( BOUNDED_SURFACE ( )  B_SPLINE_SURFACE ( 3, 2, ( 
 ( #2401, #1859, #400 ),
 ( #1306, #5790, #430 ),
 ( #4851, #1920, #3278 ),
 ( #917, #1369, #887 ),
 ( #372, #946, #4288 ),
 ( #2909, #1829, #3799 ),
 ( #5272, #2341, #6282 ),
 ( #5305, #2372, #2882 ),
 ( #4345, #1428, #3404 ),
 ( #4378, #6309, #1890 ),
 ( #3894, #580, #89 ),
 ( #5425, #5907, #3064 ),
 ( #5031, #4523, #2099 ),
 ( #3952, #4008, #3490 ),
 ( #4432, #3983, #489 ),
 ( #2514, #2971, #2461 ) ),
 .UNSPECIFIED., .F., .F., .T. ) 
 B_SPLINE_SURFACE_WITH_KNOTS ( ( 4, 2, 2, 2, 2, 2, 2, 4 ),
 ( 3, 3 ),
 ( 0.005686195533136841757, 0.006122424074102779043, 0.006558652615068716329, 0.006994881156034653616, 0.007431109697000590035, 0.007867338237966526454, 0.008303566778932463741, 0.009176023860864338313 ),
 ( 0.000000000000000000, 1.000000000000000000 ),
 .UNSPECIFIED. ) 
 GEOMETRIC_REPRESENTATION_ITEM ( )  RATIONAL_B_SPLINE_SURFACE ( (
 ( 1.000000000000000000, 0.7217210646157280474, 1.000000000000000000),
 ( 1.000000000000000000, 0.7273854177003623578, 1.000000000000000000),
 ( 1.000000000000000000, 0.7323569995297598556, 1.000000000000000000),
 ( 1.000000000000000000, 0.7408212949886368026, 1.000000000000000000),
 ( 1.000000000000000000, 0.7443539759740948059, 1.000000000000000000),
 ( 1.000000000000000000, 0.7496138188126625357, 1.000000000000000000),
 ( 1.000000000000000000, 0.7514374991883553401, 1.000000000000000000),
 ( 1.000000000000000000, 0.7529230203708777713, 1.000000000000000000),
 ( 1.000000000000000000, 0.7526628222431384074, 1.000000000000000000),
 ( 1.000000000000000000, 0.7497460348303208733, 1.000000000000000000),
 ( 1.000000000000000000, 0.7471226194706921397, 1.000000000000000000),
 ( 1.000000000000000000, 0.7397784866835066531, 1.000000000000000000),
 ( 1.000000000000000000, 0.7350736473065956345, 1.000000000000000000),
 ( 1.000000000000000000, 0.7177079051493907569, 1.000000000000000000),
 ( 1.000000000000000000, 0.7017491466956086166, 1.000000000000000000),
 ( 1.000000000000000000, 0.6824345542390378716, 1.000000000000000000) ) ) 
 REPRESENTATION_ITEM ( '' )  SURFACE ( )  );
#1603 = CARTESIAN_POINT ( 'NONE',  ( -13.93316226578388140, 6.042650247532170837, 19.00000000000000000 ) ) ;
#1604 = CARTESIAN_POINT ( 'NONE',  ( 21.43089780087240115, 7.958634484322317348, 21.97663971864241717 ) ) ;
#1605 = EDGE_LOOP ( 'NONE', ( #6130, #5380, #909, #953, #504, #4607, #1326, #6290, #1296, #4553, #2050, #6250, #1445 ) ) ;
#1606 = EDGE_CURVE ( 'NONE', #548, #294, #4675, .T. ) ;
#1607 = DIRECTION ( 'NONE',  ( -0.7313537016191670181, -0.6819983600625022513, 0.000000000000000000 ) ) ;
#1608 = CARTESIAN_POINT ( 'NONE',  ( 21.36126711507610665, 18.06247228545163352, 122.8762501654658337 ) ) ;
#1609 = B_SPLINE_CURVE_WITH_KNOTS ( 'NONE', 3,
 ( #5871, #3484, #2878, #1453, #2396, #4458, #1916, #4876, #459, #25 ),
 .UNSPECIFIED., .F., .F.,
 ( 4, 2, 2, 2, 4 ),
 ( 0.002551246746960083699, 0.003188360533299550246, 0.003825474319639016359, 0.004462588105978482905, 0.005099701892317949452 ),
 .UNSPECIFIED. ) ;
#1610 = CARTESIAN_POINT ( 'NONE',  ( 8.856001883957288712, 5.433285096265342062, 19.55701584579297503 ) ) ;
#1611 = CARTESIAN_POINT ( 'NONE',  ( -4.511528409846487619, -6.227208654273885813, 97.49437716547306820 ) ) ;
#1612 = ORIENTED_EDGE ( 'NONE', *, *, #1942, .F. ) ;
#1613 = CARTESIAN_POINT ( 'NONE',  ( -15.37532041396998039, 1.153127996029320812, 19.07095521471947563 ) ) ;
#1614 = DIRECTION ( 'NONE',  ( 0.6819983600625022513, -0.7313537016191670181, 1.485617761692451402E-16 ) ) ;
#1615 = CARTESIAN_POINT ( 'NONE',  ( 21.72719761387327253, 7.917066158029912870, 21.87260944917088423 ) ) ;
#1616 = CARTESIAN_POINT ( 'NONE',  ( 16.40771790809722930, 8.509887558450785150, 19.00000000000000000 ) ) ;
#1617 = CARTESIAN_POINT ( 'NONE',  ( -50.00000000000000000, 9.000000000000000000, 16.50000000000000000 ) ) ;
#1618 = EDGE_CURVE ( 'NONE', #976, #5548, #3752, .T. ) ;
#1619 = ORIENTED_EDGE ( 'NONE', *, *, #3519, .T. ) ;
#1620 = CARTESIAN_POINT ( 'NONE',  ( -15.53325621592215988, 4.513395905065650915, 19.00000000000000000 ) ) ;
#1621 = CARTESIAN_POINT ( 'NONE',  ( -13.69355899666401477, 1.828493771858749506, 21.68355883316552024 ) ) ;
#1622 = CARTESIAN_POINT ( 'NONE',  ( 21.64944874774538874, 8.040371988423887117, 22.00727285730983240 ) ) ;
#1623 = CARTESIAN_POINT ( 'NONE',  ( -9.337218092070575182, -7.383954858437885349, 121.7880576060818640 ) ) ;
#1624 = CARTESIAN_POINT ( 'NONE',  ( -11.13586399559487994, -0.1009693113123333458, 6.441804827775509779 ) ) ;
#1625 = CARTESIAN_POINT ( 'NONE',  ( -13.10246260736749235, 2.500000000000000444, 14.99999999999999112 ) ) ;
#1626 = CARTESIAN_POINT ( 'NONE',  ( -9.653902564847824053, 4.686777023617452187, 20.63202273150524491 ) ) ;
#1627 = CARTESIAN_POINT ( 'NONE',  ( -10.59000995165379777, -7.872427023878088015, 115.8311238661720921 ) ) ;
#1628 = VECTOR ( 'NONE', #3709, 1000.000000000000000 ) ;
#1629 = CARTESIAN_POINT ( 'NONE',  ( -13.71519056929472669, 4.848680839712944390, 19.44050138745367207 ) ) ;
#1630 = CARTESIAN_POINT ( 'NONE',  ( -1.022997540093717461, 1.097030552428698957, -210.0000000000000000 ) ) ;
#1631 = ORIENTED_EDGE ( 'NONE', *, *, #515, .F. ) ;
#1632 = DIRECTION ( 'NONE',  ( 1.000000000000000000, 0.000000000000000000, 0.000000000000000000 ) ) ;
#1633 = CARTESIAN_POINT ( 'NONE',  ( 20.33621099379361041, 9.398178722785591077, 19.08275082733594985 ) ) ;
#1634 = CARTESIAN_POINT ( 'NONE',  ( -1.397373804365792394, 5.069173332701286228, 19.30747179634430566 ) ) ;
#1635 = CARTESIAN_POINT ( 'NONE',  ( 10.87714748737811554, 5.154474671397674790, 24.15118135527031029 ) ) ;
#1636 = CARTESIAN_POINT ( 'NONE',  ( -12.98116940751758008, 4.118165081019315998, 20.92232986682395790 ) ) ;
#1637 = CARTESIAN_POINT ( 'NONE',  ( 13.99999999999999822, -9.573965526745718435, 2.999999999999999112 ) ) ;
#1638 = ORIENTED_EDGE ( 'NONE', *, *, #3920, .T. ) ;
#1639 = CARTESIAN_POINT ( 'NONE',  ( 18.80348620908022284, 11.90422090615577488, 70.05120874106590634 ) ) ;
#1640 = CARTESIAN_POINT ( 'NONE',  ( 14.69263820846291502, 16.23285350123947879, 121.2824347552703586 ) ) ;
#1641 =( BOUNDED_CURVE ( )  B_SPLINE_CURVE ( 3, ( #6030, #2716, #6067, #5621 ),
 .UNSPECIFIED., .F., .F. ) 
 B_SPLINE_CURVE_WITH_KNOTS ( ( 4, 4 ),
 ( 0.6981317007977236866, 2.443460952792060770 ),
 .UNSPECIFIED. ) 
 CURVE ( )  GEOMETRIC_REPRESENTATION_ITEM ( )  RATIONAL_B_SPLINE_CURVE ( ( 1.000000000000000000, 0.7618584064576909842, 0.7618584064576909842, 1.000000000000000000 ) ) 
 REPRESENTATION_ITEM ( '' )  );
#1642 = CARTESIAN_POINT ( 'NONE',  ( 7.377152485358490885, 4.291996818848771156, 21.33901106873961595 ) ) ;
#1643 = CARTESIAN_POINT ( 'NONE',  ( -12.12386158289125149, 6.657550052373995442, 19.00000000000000000 ) ) ;
#1644 = CARTESIAN_POINT ( 'NONE',  ( -3.967819888958299401, -4.738969989407971539, 14.99999999999999467 ) ) ;
#1645 = ORIENTED_EDGE ( 'NONE', *, *, #2265, .F. ) ;
#1646 = CARTESIAN_POINT ( 'NONE',  ( 23.25831583773979006, 5.512298921438438803, 19.01274488115570804 ) ) ;
#1647 = CARTESIAN_POINT ( 'NONE',  ( -10.70923453950041271, 3.272198603780081427, 4.022268949713619257 ) ) ;
#1648 = CARTESIAN_POINT ( 'NONE',  ( 21.59869073623431390, 7.973171618313866560, 21.95596849706037901 ) ) ;
#1649 = CARTESIAN_POINT ( 'NONE',  ( -18.15807312179956057, -13.99145063748610873, 123.7212765747142100 ) ) ;
#1650 = CARTESIAN_POINT ( 'NONE',  ( 17.06426275083484256, 9.087580862268229254, 19.00000000000000000 ) ) ;
#1651 = CARTESIAN_POINT ( 'NONE',  ( -15.56493649742247776, 0.01742302761863248617, 19.00000000000000000 ) ) ;
#1652 = VERTEX_POINT ( 'NONE', #3785 ) ;
#1653 = CARTESIAN_POINT ( 'NONE',  ( -13.98017413104398443, 3.530062100777758616, 20.18524053663989903 ) ) ;
#1654 = CARTESIAN_POINT ( 'NONE',  ( 24.35712038768509302, 8.218028277385954539, 19.00000000000001421 ) ) ;
#1655 = CARTESIAN_POINT ( 'NONE',  ( 21.61460721041378008, 8.141576984998827982, 20.54780569061910711 ) ) ;
#1656 = CARTESIAN_POINT ( 'NONE',  ( -5.050525894940474103, -2.910529966853242723, 121.9516910250462729 ) ) ;
#1657 = CARTESIAN_POINT ( 'NONE',  ( 17.17021132614668488, 18.06247228545158379, 123.5737263903630065 ) ) ;
#1658 = LINE ( 'NONE', #5180, #1564 ) ;
#1659 = CARTESIAN_POINT ( 'NONE',  ( -10.06903778308476660, 7.062077142859081391, 19.00000000000000000 ) ) ;
#1660 = CARTESIAN_POINT ( 'NONE',  ( -12.57635816650436489, -2.269782085683506256, 70.05120874106592055 ) ) ;
#1661 = CARTESIAN_POINT ( 'NONE',  ( -14.86691733050546382, 5.386814825051572164, 19.00000000000000000 ) ) ;
#1662 = DIRECTION ( 'NONE',  ( 0.000000000000000000, -0.8660254037844417052, 0.4999999999999947820 ) ) ;
#1663 = EDGE_LOOP ( 'NONE', ( #1759, #394, #4454, #2638, #4341, #1397 ) ) ;
#1664 = LINE ( 'NONE', #2152, #1853 ) ;
#1665 = CARTESIAN_POINT ( 'NONE',  ( -9.876916693624643528, -11.02987959455585276, 121.6723963489598930 ) ) ;
#1666 = ADVANCED_FACE ( 'NONE', ( #2298 ), #2868, .F. ) ;
#1667 = CARTESIAN_POINT ( 'NONE',  ( 20.64970004734088960, 8.487172816326033598, 19.63037865626870726 ) ) ;
#1668 = CARTESIAN_POINT ( 'NONE',  ( 16.85171372817919178, 3.634753103059578550, 21.13642932684390274 ) ) ;
#1669 = CARTESIAN_POINT ( 'NONE',  ( -6.016485274282031170, 4.441585917632401959, 20.42226567787531266 ) ) ;
#1670 = CARTESIAN_POINT ( 'NONE',  ( 17.49163184565998819, 5.476936945269955892, 15.00000000000001066 ) ) ;
#1671 = EDGE_CURVE ( 'NONE', #904, #2445, #5926, .T. ) ;
#1672 = CARTESIAN_POINT ( 'NONE',  ( -13.01678386674110577, 4.200235118033362802, 20.62612652285216441 ) ) ;
#1673 = CARTESIAN_POINT ( 'NONE',  ( 22.43884359411309504, 6.197082018433283324, 15.00000000000000711 ) ) ;
#1674 = ORIENTED_EDGE ( 'NONE', *, *, #2455, .F. ) ;
#1675 = CARTESIAN_POINT ( 'NONE',  ( 21.07692029591462557, 8.999999999999998224, 19.39858166588685151 ) ) ;
#1676 = VECTOR ( 'NONE', #5953, 1000.000000000000000 ) ;
#1677 = CARTESIAN_POINT ( 'NONE',  ( 12.56157426102014441, 17.20531506116148535, 121.3410383612710319 ) ) ;
#1678 = CONICAL_SURFACE ( 'NONE', #2703, 335.2562613131897251, 1.448623279155299093 ) ;
#1679 = CARTESIAN_POINT ( 'NONE',  ( 11.06892989484728318, 6.772179763782484763, 19.07480055296220911 ) ) ;
#1680 = CARTESIAN_POINT ( 'NONE',  ( -12.00297726643872132, 4.498473758859128147, 20.90011740020024078 ) ) ;
#1681 = CARTESIAN_POINT ( 'NONE',  ( 3.551539102641655177, -0.6862971424946894272, 70.05120874106582107 ) ) ;
#1682 = ORIENTED_EDGE ( 'NONE', *, *, #4162, .F. ) ;
#1683 = DIRECTION ( 'NONE',  ( 1.000000000000000000, 0.000000000000000000, 0.000000000000000000 ) ) ;
#1684 = CARTESIAN_POINT ( 'NONE',  ( 11.09510866555733344, 18.87750726439522708, 121.3355971653773651 ) ) ;
#1685 = VECTOR ( 'NONE', #4533, 1000.000000000000000 ) ;
#1686 = CARTESIAN_POINT ( 'NONE',  ( 21.24622078498316569, 2.500000000000000000, 15.16072652873505788 ) ) ;
#1687 = CARTESIAN_POINT ( 'NONE',  ( 21.94339723921308050, 7.518455149130343074, 21.41449460189483034 ) ) ;
#1688 = DIRECTION ( 'NONE',  ( 0.000000000000000000, 0.000000000000000000, -1.000000000000000000 ) ) ;
#1689 = CARTESIAN_POINT ( 'NONE',  ( 17.38170613964447853, 8.082151332208246330, 19.23317953550172632 ) ) ;
#1690 = CARTESIAN_POINT ( 'NONE',  ( -13.67784660906890082, 3.384253534111711037, 21.08400385882444894 ) ) ;
#1691 = EDGE_CURVE ( 'NONE', #4539, #642, #4304, .T. ) ;
#1692 = CARTESIAN_POINT ( 'NONE',  ( 24.34169920349831884, 6.710470474483075876, 18.99999999999997868 ) ) ;
#1693 = B_SPLINE_CURVE_WITH_KNOTS ( 'NONE', 3,
 ( #1350, #4232, #2353, #1839, #5252, #251, #2221, #3188 ),
 .UNSPECIFIED., .F., .F.,
 ( 4, 2, 2, 4 ),
 ( 0.0002875340377902970844, 0.0005243681998614189640, 0.0007612023619325407895, 0.001234870686074789102 ),
 .UNSPECIFIED. ) ;
#1694 = CARTESIAN_POINT ( 'NONE',  ( -2.429436897542260443, -0.1714682617744323623, 119.9049769370183185 ) ) ;
#1695 = B_SPLINE_CURVE_WITH_KNOTS ( 'NONE', 3,
 ( #948, #4915, #1066, #2432, #1486, #2067 ),
 .UNSPECIFIED., .F., .F.,
 ( 4, 2, 4 ),
 ( 0.001171247951537592903, 0.001374225707002519215, 0.001577203462467445744 ),
 .UNSPECIFIED. ) ;
#1696 = CARTESIAN_POINT ( 'NONE',  ( -50.00000000000000000, -4.749951326780577965, 1.468383512879778419 ) ) ;
#1697 = DIRECTION ( 'NONE',  ( 0.000000000000000000, 0.000000000000000000, -1.000000000000000000 ) ) ;
#1698 = CARTESIAN_POINT ( 'NONE',  ( -10.01058948361523626, 4.977521420649317463, 20.08490393310253808 ) ) ;
#1699 = CARTESIAN_POINT ( 'NONE',  ( -13.09223610592123954, 0.2841239029860598841, 24.15118135527026411 ) ) ;
#1700 = CARTESIAN_POINT ( 'NONE',  ( -13.62520990191424808, 4.081198588324915555, 20.12316196844747651 ) ) ;
#1701 = FACE_OUTER_BOUND ( 'NONE', #2140, .T. ) ;
#1702 = ORIENTED_EDGE ( 'NONE', *, *, #5413, .T. ) ;
#1703 = CARTESIAN_POINT ( 'NONE',  ( -12.66743079374536585, -7.091450637486104824, 121.7004211792185089 ) ) ;
#1704 = CARTESIAN_POINT ( 'NONE',  ( -9.610923098377956109, -9.155366291687624170, 121.7378420088094231 ) ) ;
#1705 = CARTESIAN_POINT ( 'NONE',  ( -14.47507950654881093, -13.99145063748610873, 121.4146270693596250 ) ) ;
#1706 = CARTESIAN_POINT ( 'NONE',  ( 18.81220587234548347, 8.889765963107601365, 19.08147382794666314 ) ) ;
#1707 = CARTESIAN_POINT ( 'NONE',  ( 18.62901904666364672, 4.378826238105043345, 19.00000000000000711 ) ) ;
#1708 = CARTESIAN_POINT ( 'NONE',  ( -3.514981447064967846, 4.485137691555667772, 19.91415366359519012 ) ) ;
#1709 = CARTESIAN_POINT ( 'NONE',  ( 5.745534825888989339, 9.316311424076591408, 125.0000000000000000 ) ) ;
#1710 = CARTESIAN_POINT ( 'NONE',  ( -13.96020634690883178, 6.028993634116986300, 19.00000000000000000 ) ) ;
#1711 = DIRECTION ( 'NONE',  ( -0.000000000000000000, 1.000000000000000000, -0.000000000000000000 ) ) ;
#1712 = ORIENTED_EDGE ( 'NONE', *, *, #942, .F. ) ;
#1713 = CARTESIAN_POINT ( 'NONE',  ( 15.00000000000000000, -3.937137084022302780, 3.222877864560447225 ) ) ;
#1714 = CARTESIAN_POINT ( 'NONE',  ( 2.410967770503660290, -3.226334882677507565, 122.0006689811190199 ) ) ;
#1715 = CARTESIAN_POINT ( 'NONE',  ( 4.842061047825873210, 4.698004504503715317, 19.77457757278550687 ) ) ;
#1716 = CARTESIAN_POINT ( 'NONE',  ( -13.14683069337204024, 6.711576170144647691, 19.00000000000000000 ) ) ;
#1717 = CARTESIAN_POINT ( 'NONE',  ( -1.626205563111517760, -4.652438069496676931, 125.0000000000000568 ) ) ;
#1718 = VERTEX_POINT ( 'NONE', #3718 ) ;
#1719 = DIRECTION ( 'NONE',  ( 0.000000000000000000, -0.7660444431189771253, -0.6427876096865403621 ) ) ;
#1720 = CARTESIAN_POINT ( 'NONE',  ( 12.99999999999999822, 4.749951326780573524, 2.540845733246348992 ) ) ;
#1721 = CARTESIAN_POINT ( 'NONE',  ( 13.70575560115126557, 6.168078632372482772, 19.85528519615527898 ) ) ;
#1722 = CARTESIAN_POINT ( 'NONE',  ( 20.45846114602140275, -2.499999999999959144, 13.84248013515477815 ) ) ;
#1723 = CARTESIAN_POINT ( 'NONE',  ( 20.65799105437053029, 10.28789298965492982, 19.00000000000000711 ) ) ;
#1724 = CARTESIAN_POINT ( 'NONE',  ( -13.68078620918749344, 1.802723668403777735, 21.68876324416308776 ) ) ;
#1725 = AXIS2_PLACEMENT_3D ( 'NONE', #2547, #3552, #5098 ) ;
#1726 = ORIENTED_EDGE ( 'NONE', *, *, #4623, .T. ) ;
#1727 = CARTESIAN_POINT ( 'NONE',  ( -13.70760005955111005, 3.311075806907933128, 21.09838014142061269 ) ) ;
#1728 = PLANE ( 'NONE',  #4972 ) ;
#1729 = CARTESIAN_POINT ( 'NONE',  ( -7.516282092011095983, -4.976536904201276812, 119.6543883964447588 ) ) ;
#1730 = CARTESIAN_POINT ( 'NONE',  ( -12.18641410208515019, -8.998822504564087055, 121.6587348256140331 ) ) ;
#1731 = CARTESIAN_POINT ( 'NONE',  ( -10.01626860563154153, 4.698995152865207636, 20.62583802342758332 ) ) ;
#1732 = CARTESIAN_POINT ( 'NONE',  ( -12.96828101199222694, -4.385842047866399085, 70.05120874106569318 ) ) ;
#1733 = CARTESIAN_POINT ( 'NONE',  ( -14.99850565165003502, 5.253355633343280928, 19.00000000000000000 ) ) ;
#1734 = CARTESIAN_POINT ( 'NONE',  ( 19.70608084859521014, -6.949951326780578142, 9.675665299435898703 ) ) ;
#1735 = ORIENTED_EDGE ( 'NONE', *, *, #166, .T. ) ;
#1736 = CARTESIAN_POINT ( 'NONE',  ( -10.74051251888084479, -3.449584839594678876, 4.199655185528214929 ) ) ;
#1737 = CARTESIAN_POINT ( 'NONE',  ( -9.859388568845666612, -8.860926155839869978, 119.7154505858662361 ) ) ;
#1738 = FACE_OUTER_BOUND ( 'NONE', #4245, .T. ) ;
#1739 = AXIS2_PLACEMENT_3D ( 'NONE', #1637, #1711, #146 ) ;
#1740 = CARTESIAN_POINT ( 'NONE',  ( 19.35634916690367646, 7.251095048297668377, 21.95798169851124015 ) ) ;
#1741 = CARTESIAN_POINT ( 'NONE',  ( 11.28644185276429823, -0.004442174700694891988, 19.00000000000000000 ) ) ;
#1742 = CARTESIAN_POINT ( 'NONE',  ( -5.218671822104301583, 4.115583126360740529, 21.34591157962631058 ) ) ;
#1743 = CARTESIAN_POINT ( 'NONE',  ( -2.047815660695642137, 4.079308416404922255, 14.99999999999999112 ) ) ;
#1744 = CARTESIAN_POINT ( 'NONE',  ( -13.81308972920386324, 5.762556125201284907, 19.05615744553962543 ) ) ;
#1745 = LINE ( 'NONE', #5321, #5994 ) ;
#1746 = VERTEX_POINT ( 'NONE', #1386 ) ;
#1747 = DIRECTION ( 'NONE',  ( 0.000000000000000000, -0.4999999999999944489, 0.8660254037844419273 ) ) ;
#1748 = VECTOR ( 'NONE', #4296, 1000.000000000000000 ) ;
#1749 = CARTESIAN_POINT ( 'NONE',  ( 11.70063079565334974, 14.98986606864761484, 119.1767979776736297 ) ) ;
#1750 = EDGE_CURVE ( 'NONE', #5149, #4025, #1745, .T. ) ;
#1751 = CARTESIAN_POINT ( 'NONE',  ( 7.280712626785494024, 4.972942934922310876, 19.79721386839264952 ) ) ;
#1752 = CARTESIAN_POINT ( 'NONE',  ( -12.76041048878910367, 6.827019251174434089, 19.00000000000000000 ) ) ;
#1753 = CARTESIAN_POINT ( 'NONE',  ( -2.058313301438410736, -4.933588112940331172, 24.15118135527027832 ) ) ;
#1754 = ORIENTED_EDGE ( 'NONE', *, *, #253, .F. ) ;
#1755 = DIRECTION ( 'NONE',  ( -0.7313537016191670181, -0.6819983600625021403, 0.000000000000000000 ) ) ;
#1756 = DIRECTION ( 'NONE',  ( -1.000000000000000000, -0.000000000000000000, -0.000000000000000000 ) ) ;
#1757 = CARTESIAN_POINT ( 'NONE',  ( 21.42134142165432209, 7.955427521853301265, 21.97664147830980852 ) ) ;
#1758 = CARTESIAN_POINT ( 'NONE',  ( -14.71436255708873198, -1.448665337258395081, 19.00000000000000000 ) ) ;
#1759 = ORIENTED_EDGE ( 'NONE', *, *, #2059, .F. ) ;
#1760 = CARTESIAN_POINT ( 'NONE',  ( -14.12714841815684430, 3.659722882996725879, 19.91600806652878219 ) ) ;
#1761 = CARTESIAN_POINT ( 'NONE',  ( 14.66963863414406255, 24.96247228545156105, 122.3432227058252266 ) ) ;
#1762 = CARTESIAN_POINT ( 'NONE',  ( -6.053696145650019567, -3.598006096158927303, 119.7405546244357311 ) ) ;
#1763 = CARTESIAN_POINT ( 'NONE',  ( -9.477162570781459294, -11.05296979238409882, 121.6845581375268353 ) ) ;
#1764 = PRESENTATION_STYLE_ASSIGNMENT (( #2245 ) ) ;
#1765 = CARTESIAN_POINT ( 'NONE',  ( -10.19191635766784643, 5.397959261576431800, 19.63596545991265430 ) ) ;
#1766 = CARTESIAN_POINT ( 'NONE',  ( -8.882764174176969618, -9.571423658112024668, 125.0000000000000284 ) ) ;
#1767 = CARTESIAN_POINT ( 'NONE',  ( -14.23963009106853406, 4.351512517911266364, 19.45729103164568130 ) ) ;
#1768 = DIRECTION ( 'NONE',  ( -0.000000000000000000, 1.000000000000000000, -0.000000000000000000 ) ) ;
#1769 = ORIENTED_EDGE ( 'NONE', *, *, #3882, .F. ) ;
#1770 = CARTESIAN_POINT ( 'NONE',  ( 14.65992054606221195, 18.31951043851788441, 121.1873220201463965 ) ) ;
#1771 = CARTESIAN_POINT ( 'NONE',  ( -12.03084129992329387, -7.176615620958758157, 121.7175498145696935 ) ) ;
#1772 = FACE_OUTER_BOUND ( 'NONE', #886, .T. ) ;
#1773 = SURFACE_STYLE_FILL_AREA ( #4803 ) ;
#1774 = CARTESIAN_POINT ( 'NONE',  ( 4.622351209663528415, -3.304567411943322153, 18.99999999999664269 ) ) ;
#1775 = CARTESIAN_POINT ( 'NONE',  ( -5.135521407651378212, 4.893979272067797481, 19.67856909945309241 ) ) ;
#1776 = CARTESIAN_POINT ( 'NONE',  ( 4.399753074199677982, 4.041520852004325981, 24.15118135527021792 ) ) ;
#1777 = CARTESIAN_POINT ( 'NONE',  ( -13.44685647869429701, 5.014667540792912881, 19.43464127475716552 ) ) ;
#1778 = DIRECTION ( 'NONE',  ( 0.000000000000000000, 0.000000000000000000, -1.000000000000000000 ) ) ;
#1779 = EDGE_LOOP ( 'NONE', ( #1339, #4996, #3049, #1726, #5271, #1645, #5166, #2942 ) ) ;
#1780 = CARTESIAN_POINT ( 'NONE',  ( -15.49276534443373166, -13.99145063748610873, 130.8615653164794708 ) ) ;
#1781 = CARTESIAN_POINT ( 'NONE',  ( 5.386202824390317723, 4.371505961486825242, 119.7809186194954805 ) ) ;
#1782 = CARTESIAN_POINT ( 'NONE',  ( 7.370646563249788841, 4.337934074014321517, 20.99262386559918525 ) ) ;
#1783 = CARTESIAN_POINT ( 'NONE',  ( -12.35097196439715717, 4.395798955038618061, 20.90716002324425915 ) ) ;
#1784 = CARTESIAN_POINT ( 'NONE',  ( 9.503837897943075319, 12.42007545347724928, 124.9999999999999716 ) ) ;
#1785 = ORIENTED_EDGE ( 'NONE', *, *, #3130, .T. ) ;
#1786 = CARTESIAN_POINT ( 'NONE',  ( 9.173623976100849120, 24.96247228545150421, 131.4999999999999716 ) ) ;
#1787 = AXIS2_PLACEMENT_3D ( 'NONE', #383, #4266, #2254 ) ;
#1788 = VECTOR ( 'NONE', #3144, 1000.000000000000000 ) ;
#1789 = CARTESIAN_POINT ( 'NONE',  ( -15.88843791340455169, 0.6446311881249270348, 19.00000000000001421 ) ) ;
#1790 = VERTEX_POINT ( 'NONE', #4837 ) ;
#1791 = AXIS2_PLACEMENT_3D ( 'NONE', #919, #4852, #1513 ) ;
#1792 = ADVANCED_FACE ( 'NONE', ( #418 ), #2387, .T. ) ;
#1793 = CARTESIAN_POINT ( 'NONE',  ( -14.53615015988599168, 3.869780958727528475, 19.47510676471359048 ) ) ;
#1794 = EDGE_CURVE ( 'NONE', #6136, #6385, #1161, .T. ) ;
#1795 = DIRECTION ( 'NONE',  ( 1.000000000000000000, 0.000000000000000000, 0.000000000000000000 ) ) ;
#1796 = EDGE_CURVE ( 'NONE', #3916, #2420, #6336, .T. ) ;
#1797 = CARTESIAN_POINT ( 'NONE',  ( 5.407132789214760926, 8.597129026290581066, 121.8590818866358205 ) ) ;
#1798 = CARTESIAN_POINT ( 'NONE',  ( -13.65784485445354868, -13.99145063748610696, 124.1181915286029067 ) ) ;
#1799 = CARTESIAN_POINT ( 'NONE',  ( 0.7038107455996663875, -5.121663395447392908, 121.9903782870070899 ) ) ;
#1800 = LINE ( 'NONE', #278, #6328 ) ;
#1801 = CARTESIAN_POINT ( 'NONE',  ( -9.784010638388011216, 6.446464767313237587, 19.05626432573797402 ) ) ;
#1802 = CARTESIAN_POINT ( 'NONE',  ( -13.34692897354113406, 2.233890362658724538, 15.00000000000000355 ) ) ;
#1803 = CARTESIAN_POINT ( 'NONE',  ( -13.30038773257906115, 3.858552513556482655, 21.28029390436605439 ) ) ;
#1804 = LINE ( 'NONE', #3284, #2253 ) ;
#1805 = ORIENTED_EDGE ( 'NONE', *, *, #5226, .F. ) ;
#1806 = CARTESIAN_POINT ( 'NONE',  ( 15.00000000000000000, -3.000000000000000000, -6.505213034913026604E-16 ) ) ;
#1807 = CARTESIAN_POINT ( 'NONE',  ( -12.26319652324412779, -8.579861972021479488, 121.6690734285324567 ) ) ;
#1808 = CARTESIAN_POINT ( 'NONE',  ( -66.89984848717527655, 71.74130422303811372, -210.0000000000000284 ) ) ;
#1809 = CARTESIAN_POINT ( 'NONE',  ( 15.09188613242905497, 15.81595496659882194, 95.70373444573840516 ) ) ;
#1810 = EDGE_CURVE ( 'NONE', #3624, #5002, #477, .T. ) ;
#1811 = CARTESIAN_POINT ( 'NONE',  ( 9.539227957028359128, -0.7306665074279676819, 21.28406372720476725 ) ) ;
#1812 = CARTESIAN_POINT ( 'NONE',  ( -3.530715229668785149, 4.298525747941548403, 20.17850251031689268 ) ) ;
#1813 = CARTESIAN_POINT ( 'NONE',  ( -3.520961589207190823, 2.921715455714742671, 42.40200746962080558 ) ) ;
#1814 = CARTESIAN_POINT ( 'NONE',  ( -13.24037590977547296, 4.611221684239223073, 19.84048046510373098 ) ) ;
#1815 = CARTESIAN_POINT ( 'NONE',  ( -6.864608048424421405, -8.297575652276982794, 119.9848601181940353 ) ) ;
#1816 = ORIENTED_EDGE ( 'NONE', *, *, #5887, .T. ) ;
#1817 = CARTESIAN_POINT ( 'NONE',  ( 12.11536097598058248, 11.65310544733916132, 121.5751649362921825 ) ) ;
#1818 = CARTESIAN_POINT ( 'NONE',  ( 7.120011231292524556, 6.107629284816803228, 19.07127215128949871 ) ) ;
#1819 = EDGE_CURVE ( 'NONE', #1427, #2917, #1146, .T. ) ;
#1820 = CARTESIAN_POINT ( 'NONE',  ( -12.73001831347729684, 4.645388682006981185, 20.07983433170254628 ) ) ;
#1821 = CARTESIAN_POINT ( 'NONE',  ( 15.28804474871763652, 1.675077996293814486, 15.00000000000001776 ) ) ;
#1822 = ORIENTED_EDGE ( 'NONE', *, *, #3287, .T. ) ;
#1823 = CARTESIAN_POINT ( 'NONE',  ( -50.00000000000000000, 3.000000000000000000, -5.026757405899497200E-16 ) ) ;
#1824 = CARTESIAN_POINT ( 'NONE',  ( 7.415361256919241306, 4.304706465504847479, 21.65709424020213802 ) ) ;
#1825 = CARTESIAN_POINT ( 'NONE',  ( 20.65048670511660589, 10.28538741580978666, 19.00000000000000711 ) ) ;
#1826 = CARTESIAN_POINT ( 'NONE',  ( -13.66677167120147551, 1.775396581803314611, 21.68874884374585577 ) ) ;
#1827 = ORIENTED_EDGE ( 'NONE', *, *, #725, .F. ) ;
#1828 =( BOUNDED_CURVE ( )  B_SPLINE_CURVE ( 3, ( #3813, #2383, #1842, #4358 ),
 .UNSPECIFIED., .F., .T. ) 
 B_SPLINE_CURVE_WITH_KNOTS ( ( 4, 4 ),
 ( 3.839724354387529459, 5.672320068981572483 ),
 .UNSPECIFIED. ) 
 CURVE ( )  GEOMETRIC_REPRESENTATION_ITEM ( )  RATIONAL_B_SPLINE_CURVE ( ( 1.000000000000000000, 0.7391742860058144737, 0.7391742860058144737, 1.000000000000000000 ) ) 
 REPRESENTATION_ITEM ( '' )  );
#1829 = CARTESIAN_POINT ( 'NONE',  ( -13.83554667551444695, 2.935238142246455961, 19.24629073680771540 ) ) ;
#1830 = CARTESIAN_POINT ( 'NONE',  ( 10.89781154733064561, 18.73792497229419851, 121.3510215011224318 ) ) ;
#1831 = EDGE_CURVE ( 'NONE', #852, #6069, #967, .T. ) ;
#1832 = CARTESIAN_POINT ( 'NONE',  ( -12.12638425822600752, -9.195819946325070049, 121.6546075248288759 ) ) ;
#1833 = CARTESIAN_POINT ( 'NONE',  ( -10.57326456856713470, 4.848569158069357066, 20.34733795062884809 ) ) ;
#1834 = CARTESIAN_POINT ( 'NONE',  ( -15.24174575808324761, 4.967486895101798972, 19.00000000000000000 ) ) ;
#1835 = CARTESIAN_POINT ( 'NONE',  ( 18.88088516611854217, 18.06247228545159800, 130.4991226241210143 ) ) ;
#1836 = ORIENTED_EDGE ( 'NONE', *, *, #4433, .T. ) ;
#1837 = DIRECTION ( 'NONE',  ( 0.000000000000000000, 1.239088197126290669E-15, 1.000000000000000000 ) ) ;
#1838 = CARTESIAN_POINT ( 'NONE',  ( -9.884451795905604854, -8.053365348564481607, 121.7564174429876545 ) ) ;
#1839 = CARTESIAN_POINT ( 'NONE',  ( 13.40892829674235287, 3.343170630539394672, 3.810210117650397077 ) ) ;
#1840 = DIRECTION ( 'NONE',  ( 0.000000000000000000, -0.7660444431189820103, -0.6427876096865344779 ) ) ;
#1841 = B_SPLINE_CURVE_WITH_KNOTS ( 'NONE', 3,
 ( #5274, #5338, #6310, #373, #4381, #862, #2821, #1400, #3406, #6344, #1798, #2281, #1921, #2755 ),
 .UNSPECIFIED., .F., .F.,
 ( 4, 2, 2, 2, 2, 2, 4 ),
 ( 0.01271250157712429385, 0.01361694617555994809, 0.01452139077399560232, 0.01497361307321343551, 0.01542583537243126870, 0.01587805767164910190, 0.01633027997086693509 ),
 .UNSPECIFIED. ) ;
#1842 = CARTESIAN_POINT ( 'NONE',  ( -11.28566731617730490, 4.461727246135009928, 7.291381676313008597 ) ) ;
#1843 = CARTESIAN_POINT ( 'NONE',  ( -8.756883356819587405, 4.508728434400725682, 21.25318733099119939 ) ) ;
#1844 = CARTESIAN_POINT ( 'NONE',  ( -3.814759599960506620, 0.7468551701928153319, 70.05120874106580686 ) ) ;
#1845 = CARTESIAN_POINT ( 'NONE',  ( -13.24212181133813004, 4.610133143022375535, 19.84068200241399893 ) ) ;
#1846 = DIRECTION ( 'NONE',  ( 0.000000000000000000, -1.000000000000000000, 0.000000000000000000 ) ) ;
#1847 = ORIENTED_EDGE ( 'NONE', *, *, #3299, .F. ) ;
#1848 = CARTESIAN_POINT ( 'NONE',  ( 2.923454575581676984, -2.609856906999953541, 122.0007556311060313 ) ) ;
#1849 = CARTESIAN_POINT ( 'NONE',  ( 2.293309638288246521, 5.983272554678318755, 19.00000000000000000 ) ) ;
#1850 = CARTESIAN_POINT ( 'NONE',  ( -12.68023643077328977, 5.353810636986168880, 19.43057229931249452 ) ) ;
#1851 = CARTESIAN_POINT ( 'NONE',  ( 16.20223282591740599, 9.435205059024616148, 70.05120874106590634 ) ) ;
#1852 = ORIENTED_EDGE ( 'NONE', *, *, #2808, .T. ) ;
#1853 = VECTOR ( 'NONE', #140, 1000.000000000000000 ) ;
#1854 = CARTESIAN_POINT ( 'NONE',  ( 15.00000000000000000, 3.000000000000000000, -5.026757405899497200E-16 ) ) ;
#1855 = CARTESIAN_POINT ( 'NONE',  ( 14.27775503214463271, 7.195423545656240094, 19.22574227198376917 ) ) ;
#1856 = CARTESIAN_POINT ( 'NONE',  ( 21.59584476299997391, 7.400535900253906618, 19.00000000000000000 ) ) ;
#1857 = CARTESIAN_POINT ( 'NONE',  ( -14.29394588475377681, -2.039526189388906730, 19.00000000000000000 ) ) ;
#1858 = ORIENTED_EDGE ( 'NONE', *, *, #5780, .T. ) ;
#1859 = CARTESIAN_POINT ( 'NONE',  ( -13.79103911911490954, 3.346295690719995886, 19.00000000000640199 ) ) ;
#1860 = CARTESIAN_POINT ( 'NONE',  ( 23.42125474501763094, 5.268383028628125686, 18.99999999999998579 ) ) ;
#1861 = DIRECTION ( 'NONE',  ( -0.6819983600625022513, 0.7313537016191670181, -1.485617761692451402E-16 ) ) ;
#1862 = CARTESIAN_POINT ( 'NONE',  ( 9.068098146812578975, 6.494207076550725155, 121.8192533362912400 ) ) ;
#1863 =( BOUNDED_CURVE ( )  B_SPLINE_CURVE ( 3, ( #6230, #4706, #288, #2323 ),
 .UNSPECIFIED., .F., .T. ) 
 B_SPLINE_CURVE_WITH_KNOTS ( ( 4, 4 ),
 ( 3.839724354387528571, 5.585053606381861435 ),
 .UNSPECIFIED. ) 
 CURVE ( )  GEOMETRIC_REPRESENTATION_ITEM ( )  RATIONAL_B_SPLINE_CURVE ( ( 1.000000000000000000, 0.7618584064576918724, 0.7618584064576918724, 1.000000000000000000 ) ) 
 REPRESENTATION_ITEM ( '' )  );
#1864 = DIRECTION ( 'NONE',  ( 0.000000000000000000, 0.000000000000000000, 1.000000000000000000 ) ) ;
#1865 = CARTESIAN_POINT ( 'NONE',  ( -10.37805467049516217, 6.175016302182176453, 19.16403361722093024 ) ) ;
#1866 = CARTESIAN_POINT ( 'NONE',  ( -14.14048336344314905, 4.108339823227193044, 19.67498107143858377 ) ) ;
#1867 = CARTESIAN_POINT ( 'NONE',  ( 13.92065787505816843, -3.341173369521969416, 4.000000000000002665 ) ) ;
#1868 = ORIENTED_EDGE ( 'NONE', *, *, #1750, .F. ) ;
#1869 = LINE ( 'NONE', #1900, #1224 ) ;
#1870 = ADVANCED_FACE ( 'NONE', ( #2530 ), #1496, .T. ) ;
#1871 = CARTESIAN_POINT ( 'NONE',  ( -10.00507933060058008, -7.716088985364543795, 119.4853815369312713 ) ) ;
#1872 = CARTESIAN_POINT ( 'NONE',  ( 15.00000000000000000, 4.749951326780573524, 2.540845733246348992 ) ) ;
#1873 = ADVANCED_FACE ( 'NONE', ( #4420 ), #1909, .F. ) ;
#1874 = DIRECTION ( 'NONE',  ( -0.6819983600625022513, 0.7313537016191670181, -1.485617761692451402E-16 ) ) ;
#1875 = CARTESIAN_POINT ( 'NONE',  ( -7.568054152055199602, 4.965973622249456376, 19.86534700877093940 ) ) ;
#1876 = CARTESIAN_POINT ( 'NONE',  ( -2.165473503516836207, 3.750157517228386084, 24.15118135527018950 ) ) ;
#1877 = CARTESIAN_POINT ( 'NONE',  ( -13.82007711979929176, 5.435440431089761049, 19.16566027759908408 ) ) ;
#1878 = CARTESIAN_POINT ( 'NONE',  ( -9.239177240772425748, -8.995544501319532316, 119.9187828879313571 ) ) ;
#1879 = VERTEX_POINT ( 'NONE', #6384 ) ;
#1880 = EDGE_CURVE ( 'NONE', #1267, #5260, #1960, .T. ) ;
#1881 = CARTESIAN_POINT ( 'NONE',  ( -3.854987558114327140, -8.859167343114373594, 121.8819684932740017 ) ) ;
#1882 = B_SPLINE_CURVE_WITH_KNOTS ( 'NONE', 3,
 ( #6393, #3368, #2426, #4815, #1480, #5814, #1969, #1941, #1999, #5361 ),
 .UNSPECIFIED., .F., .F.,
 ( 4, 2, 2, 2, 4 ),
 ( 0.005072714278973079749, 0.005712197008577966917, 0.006351679738182854085, 0.006991162467787742120, 0.007630645197392629288 ),
 .UNSPECIFIED. ) ;
#1883 = EDGE_CURVE ( 'NONE', #4881, #3168, #151, .T. ) ;
#1884 = CARTESIAN_POINT ( 'NONE',  ( 0.6835213538937857658, 4.259817210615028493, 19.96680487485343747 ) ) ;
#1885 = CARTESIAN_POINT ( 'NONE',  ( -13.04781438063726640, 4.340601901393630335, 20.35524378518323374 ) ) ;
#1886 = CARTESIAN_POINT ( 'NONE',  ( 14.15779580459940945, 1.050191870007864292, 15.00000000000000711 ) ) ;
#1887 = ORIENTED_EDGE ( 'NONE', *, *, #1796, .T. ) ;
#1888 = CARTESIAN_POINT ( 'NONE',  ( -13.04589484737922689, 0.6029459023015146801, 21.67961699753952942 ) ) ;
#1889 = ORIENTED_EDGE ( 'NONE', *, *, #1583, .F. ) ;
#1890 = CARTESIAN_POINT ( 'NONE',  ( -16.00000000000004263, 2.427316182426353386, 18.99999999999995737 ) ) ;
#1891 = AXIS2_PLACEMENT_3D ( 'NONE', #1376, #1899, #5249 ) ;
#1892 = CARTESIAN_POINT ( 'NONE',  ( 1.876673312480259259, -2.012485739242189542, -210.0000000000000000 ) ) ;
#1893 = VECTOR ( 'NONE', #6265, 1000.000000000000000 ) ;
#1894 = FACE_OUTER_BOUND ( 'NONE', #5103, .T. ) ;
#1895 = VECTOR ( 'NONE', #6269, 1000.000000000000000 ) ;
#1896 = CARTESIAN_POINT ( 'NONE',  ( -10.28325132928104502, 5.890123140296599225, 19.27246862768125979 ) ) ;
#1897 = CARTESIAN_POINT ( 'NONE',  ( -15.45156825130174738, 4.654623251170208142, 19.00000000000000000 ) ) ;
#1898 = CARTESIAN_POINT ( 'NONE',  ( -50.00000000000000000, 4.749951326780577965, 1.468383512879778863 ) ) ;
#1899 = DIRECTION ( 'NONE',  ( 0.000000000000000000, -0.6427876096865403621, -0.7660444431189771253 ) ) ;
#1900 = CARTESIAN_POINT ( 'NONE',  ( 17.97394328042946299, -0.8978453459127354597, -0.1477749999792190572 ) ) ;
#1901 = CARTESIAN_POINT ( 'NONE',  ( -9.737456260684954401, -7.392254696227031019, 119.5030774657000876 ) ) ;
#1902 = CYLINDRICAL_SURFACE ( 'NONE', #2417, 2.999999999999997335 ) ;
#1903 = CARTESIAN_POINT ( 'NONE',  ( 21.43089780087240115, 7.958634484322317348, 21.97663971864241717 ) ) ;
#1904 = CARTESIAN_POINT ( 'NONE',  ( 22.74155476543510090, 4.689675258815888093, 19.00000000000000000 ) ) ;
#1905 = CARTESIAN_POINT ( 'NONE',  ( -7.619093256362402755, 4.506704732615371967, 20.67100115997503451 ) ) ;
#1906 = CARTESIAN_POINT ( 'NONE',  ( -10.93596727963496917, 4.207699252206309914, 24.15118135527026411 ) ) ;
#1907 = CIRCLE ( 'NONE', #6005, 2.999999999999999112 ) ;
#1908 = CARTESIAN_POINT ( 'NONE',  ( -13.01011678823028284, 4.102554098298880625, 20.92538949835215689 ) ) ;
#1909 = CYLINDRICAL_SURFACE ( 'NONE', #4379, 1.499999999999999556 ) ;
#1910 = EDGE_LOOP ( 'NONE', ( #554, #5632, #2875, #2898 ) ) ;
#1911 = CARTESIAN_POINT ( 'NONE',  ( -3.109181524902297156, -5.899622398850463689, 121.9405120757208607 ) ) ;
#1912 = CARTESIAN_POINT ( 'NONE',  ( 3.239812157796105208, 4.028233925609896460, 20.59596562060001190 ) ) ;
#1913 = CARTESIAN_POINT ( 'NONE',  ( -13.12555565100548982, 5.172655027359893687, 19.43313736244397560 ) ) ;
#1914 = CARTESIAN_POINT ( 'NONE',  ( 10.01328043259282019, 13.36759739622773679, 124.9999999999999432 ) ) ;
#1915 = EDGE_LOOP ( 'NONE', ( #2091, #6177, #1769, #2849 ) ) ;
#1916 = CARTESIAN_POINT ( 'NONE',  ( 21.74575434590668621, -2.598859164006797062, 15.55105299395004970 ) ) ;
#1917 = CARTESIAN_POINT ( 'NONE',  ( -1.378744672822712403, -7.367370531505251563, 18.99999999999999289 ) ) ;
#1918 = CARTESIAN_POINT ( 'NONE',  ( -13.65325454801173244, 2.891865517351456027, 15.00000000000000711 ) ) ;
#1919 = VERTEX_POINT ( 'NONE', #3019 ) ;
#1920 = CARTESIAN_POINT ( 'NONE',  ( -13.79997419014395099, 3.258568390253446356, 19.09323002364048705 ) ) ;
#1921 = CARTESIAN_POINT ( 'NONE',  ( -13.85307119384671637, -13.99145063748611406, 124.5292763504456559 ) ) ;
#1922 = DIRECTION ( 'NONE',  ( 0.1126197424618100851, -0.7611709911701149966, -0.6386982979536897087 ) ) ;
#1923 = CARTESIAN_POINT ( 'NONE',  ( -10.74845299755698136, 4.583106703954676675, 21.20882198988038780 ) ) ;
#1924 = CARTESIAN_POINT ( 'NONE',  ( -13.95979527694059641, 3.967401337223554592, 19.88925787160822622 ) ) ;
#1925 = CARTESIAN_POINT ( 'NONE',  ( 20.31893931958761002, -2.808702478859954610, 13.15135840397382871 ) ) ;
#1926 = DIRECTION ( 'NONE',  ( 0.1126197424618100851, -0.7611709911701148856, -0.6386982979536899308 ) ) ;
#1927 = CARTESIAN_POINT ( 'NONE',  ( -10.31209862149287027, -5.109402950775785435, 1.769999238000230957 ) ) ;
#1928 = CARTESIAN_POINT ( 'NONE',  ( -10.70923453950041448, -3.272198603780080983, 4.022268949713622810 ) ) ;
#1929 = AXIS2_PLACEMENT_3D ( 'NONE', #4963, #3399, #4402 ) ;
#1930 = CARTESIAN_POINT ( 'NONE',  ( -8.269712468306515518, 5.773714767413081539, 19.27898704838996480 ) ) ;
#1931 = CARTESIAN_POINT ( 'NONE',  ( -7.767939520508446272, -0.6220906159547562320, 70.05120874106596318 ) ) ;
#1932 = CARTESIAN_POINT ( 'NONE',  ( -14.14834787796332627, 6.274474839239158719, 19.00000000000000000 ) ) ;
#1933 = CARTESIAN_POINT ( 'NONE',  ( -13.58541622264970172, 3.529829794984601143, 21.33787204228791268 ) ) ;
#1934 = ORIENTED_EDGE ( 'NONE', *, *, #4819, .T. ) ;
#1935 = CARTESIAN_POINT ( 'NONE',  ( 21.43089780087240115, 7.958634484322317348, 21.97663971864241717 ) ) ;
#1936 = CARTESIAN_POINT ( 'NONE',  ( -6.891777385535931444, -10.52270297117975950, 121.7752058531616370 ) ) ;
#1937 = CARTESIAN_POINT ( 'NONE',  ( 2.339675054401616272, 5.041386418873757158, 19.32395979156409993 ) ) ;
#1938 = CARTESIAN_POINT ( 'NONE',  ( -12.80269445137484574, 4.820207980372991585, 19.83622358720365852 ) ) ;
#1939 = CARTESIAN_POINT ( 'NONE',  ( 22.07839653728252571, 5.907689117220079389, 15.00000000000000711 ) ) ;
#1940 = ORIENTED_EDGE ( 'NONE', *, *, #1215, .F. ) ;
#1941 = CARTESIAN_POINT ( 'NONE',  ( -13.40299561379173454, 2.524978181534335508, 15.30179237222438005 ) ) ;
#1942 = EDGE_CURVE ( 'NONE', #2513, #488, #4508, .T. ) ;
#1943 = AXIS2_PLACEMENT_3D ( 'NONE', #5077, #4123, #1662 ) ;
#1944 = CARTESIAN_POINT ( 'NONE',  ( -2.358364285540446303, -4.902956101889463625, 21.51001931251870403 ) ) ;
#1945 = CARTESIAN_POINT ( 'NONE',  ( -11.27925693303763488, -0.9697139927502796963, 15.00000000000000888 ) ) ;
#1946 = ORIENTED_EDGE ( 'NONE', *, *, #6083, .T. ) ;
#1947 = DIRECTION ( 'NONE',  ( 0.000000000000000000, 0.7071067811865492381, -0.7071067811865457964 ) ) ;
#1948 = EDGE_CURVE ( 'NONE', #4761, #5984, #2183, .T. ) ;
#1949 = CARTESIAN_POINT ( 'NONE',  ( -15.66918529334246735, -7.091450637486104824, 131.1109613602280319 ) ) ;
#1950 = DIRECTION ( 'NONE',  ( 1.000000000000000000, 0.000000000000000000, 0.000000000000000000 ) ) ;
#1951 = CARTESIAN_POINT ( 'NONE',  ( -11.77981446907990559, 7.021510948097398952, 19.00000000000000000 ) ) ;
#1952 = CARTESIAN_POINT ( 'NONE',  ( -14.46890271360833324, 4.006943392174266982, 19.46978385190445948 ) ) ;
#1953 = CARTESIAN_POINT ( 'NONE',  ( -50.00000000000000000, 3.449584839594675323, 4.199655185528212265 ) ) ;
#1954 = DIRECTION ( 'NONE',  ( 0.000000000000000000, -0.7660444431189821213, 0.6427876096865343669 ) ) ;
#1955 = CARTESIAN_POINT ( 'NONE',  ( 19.43757827557833195, 24.96247228545161434, 130.0680895470475775 ) ) ;
#1956 = CARTESIAN_POINT ( 'NONE',  ( 22.17670241225373573, 4.238908383936206725, 18.99999999999998224 ) ) ;
#1957 = CARTESIAN_POINT ( 'NONE',  ( -8.294780995730556938, 5.508913850051031957, 19.44325385481625545 ) ) ;
#1958 = CARTESIAN_POINT ( 'NONE',  ( -8.351589244473492712, -6.859961146794289810, 125.0000000000000568 ) ) ;
#1959 = CARTESIAN_POINT ( 'NONE',  ( -13.10575176891028448, 4.007079688324875377, 21.24491770902540466 ) ) ;
#1960 = LINE ( 'NONE', #5862, #2921 ) ;
#1961 = ORIENTED_EDGE ( 'NONE', *, *, #4902, .T. ) ;
#1962 = CARTESIAN_POINT ( 'NONE',  ( -16.40581871722581653, -13.99145063748610340, 123.9575390376582504 ) ) ;
#1963 = CARTESIAN_POINT ( 'NONE',  ( -6.175660642388320021, -7.923036286278696494, 119.9873969109472966 ) ) ;
#1964 = CARTESIAN_POINT ( 'NONE',  ( 0.6863757008795736692, 3.761353897449847494, 21.50695948892328602 ) ) ;
#1965 = CARTESIAN_POINT ( 'NONE',  ( -13.25640369702276899, 4.857078364342330090, 19.63702454231942696 ) ) ;
#1966 = CARTESIAN_POINT ( 'NONE',  ( 18.80348620907988177, 11.90422090615516737, 70.05120874106590634 ) ) ;
#1967 = VERTEX_POINT ( 'NONE', #2590 ) ;
#1968 = EDGE_CURVE ( 'NONE', #5515, #6335, #2561, .T. ) ;
#1969 = CARTESIAN_POINT ( 'NONE',  ( -13.74433350868393866, 2.598521132744292750, 15.55011361146424420 ) ) ;
#1970 = CARTESIAN_POINT ( 'NONE',  ( -9.777922501101844688, -5.639650055192486633, 18.99999999999997513 ) ) ;
#1971 = CARTESIAN_POINT ( 'NONE',  ( -12.46556583042249677, 0.5342617441837730352, 15.00000000000001421 ) ) ;
#1972 = VERTEX_POINT ( 'NONE', #75 ) ;
#1973 = CARTESIAN_POINT ( 'NONE',  ( 5.737846599524795366, -2.678927873287641148, 21.35886502673541187 ) ) ;
#1974 = CARTESIAN_POINT ( 'NONE',  ( 23.44513162936155481, 5.289269559485580530, 19.00000000000000000 ) ) ;
#1975 = CARTESIAN_POINT ( 'NONE',  ( -3.273760386377905895, -13.99145063748610518, 121.7853550143396575 ) ) ;
#1976 = PLANE ( 'NONE',  #4878 ) ;
#1977 = EDGE_CURVE ( 'NONE', #1919, #661, #3184, .T. ) ;
#1978 = CARTESIAN_POINT ( 'NONE',  ( -11.27523322917398829, 5.168254485193486403, 19.82953157797695098 ) ) ;
#1979 = CARTESIAN_POINT ( 'NONE',  ( -14.09593353943346550, 3.727935178279464523, 19.91032335818568555 ) ) ;
#1980 = DIRECTION ( 'NONE',  ( -0.000000000000000000, 1.000000000000000000, -0.000000000000000000 ) ) ;
#1981 = PLANE ( 'NONE',  #79 ) ;
#1982 = CARTESIAN_POINT ( 'NONE',  ( -13.67922259966031362, 3.354808807050858821, 21.38533480248444008 ) ) ;
#1983 = EDGE_CURVE ( 'NONE', #1202, #1436, #1535, .T. ) ;
#1984 = CIRCLE ( 'NONE', #5988, 332.0000000000000000 ) ;
#1985 = CARTESIAN_POINT ( 'NONE',  ( -16.00000000000000000, -4.000000000000010658, 16.50000000000000000 ) ) ;
#1986 = CARTESIAN_POINT ( 'NONE',  ( -8.936925822986925283, 4.554388580084209437, 20.94404121317255019 ) ) ;
#1987 = CARTESIAN_POINT ( 'NONE',  ( -10.21411022197513319, -1.509574352860612478, 70.05120874106594897 ) ) ;
#1988 = CARTESIAN_POINT ( 'NONE',  ( -13.37294153156488363, 4.532387951232671242, 19.84687198355698001 ) ) ;
#1989 = DIRECTION ( 'NONE',  ( 1.000000000000000000, 0.000000000000000000, 0.000000000000000000 ) ) ;
#1990 = VERTEX_POINT ( 'NONE', #105 ) ;
#1991 = CARTESIAN_POINT ( 'NONE',  ( 11.43223653222203140, 5.025876907335775634, 21.77911580060770547 ) ) ;
#1992 = VECTOR ( 'NONE', #520, 1000.000000000000000 ) ;
#1993 = CARTESIAN_POINT ( 'NONE',  ( 14.99999999999999822, 3.937137084022287681, 3.222877864560456551 ) ) ;
#1994 = CARTESIAN_POINT ( 'NONE',  ( -5.231521486043879676, -7.362009037415361945, 119.9946379427880174 ) ) ;
#1995 = CARTESIAN_POINT ( 'NONE',  ( -1.409811998416971912, 4.794497814990176465, 19.48814115047238360 ) ) ;
#1996 = CARTESIAN_POINT ( 'NONE',  ( -13.08410694467773006, 4.689142936940339013, 19.83920546509018124 ) ) ;
#1997 = CARTESIAN_POINT ( 'NONE',  ( 14.64563107272974740, 14.44540267909630060, 97.49437716547355137 ) ) ;
#1998 = ORIENTED_EDGE ( 'NONE', *, *, #5443, .F. ) ;
#1999 = CARTESIAN_POINT ( 'NONE',  ( -13.24596797632090528, 2.499999999999991118, 15.16044388005800947 ) ) ;
#2000 = CARTESIAN_POINT ( 'NONE',  ( 11.99250256071279708, 6.316716502744021078, 19.36435510425815920 ) ) ;
#2001 = CARTESIAN_POINT ( 'NONE',  ( -16.00000000000000000, 0.8771390848696883902, 19.00000000000000000 ) ) ;
#2002 = CARTESIAN_POINT ( 'NONE',  ( -8.283511721042506437, -3.590313135961274327, 21.63622612942733170 ) ) ;
#2003 = CARTESIAN_POINT ( 'NONE',  ( -7.853770061237689504, -7.298500487192882247, 97.49437716547325294 ) ) ;
#2004 = ORIENTED_EDGE ( 'NONE', *, *, #5344, .F. ) ;
#2005 = CARTESIAN_POINT ( 'NONE',  ( -8.695486649621004815, -3.389492216517984158, 21.64451404882506225 ) ) ;
#2006 = CARTESIAN_POINT ( 'NONE',  ( -11.54740902239249323, -6.453529758697872154, 121.7513663956143262 ) ) ;
#2007 = CARTESIAN_POINT ( 'NONE',  ( 22.07532733221630394, 6.871261103550858174, 18.99999999999994316 ) ) ;
#2008 = CARTESIAN_POINT ( 'NONE',  ( 13.07185911835533965, 3.685705855882370763, 3.433853715359109326 ) ) ;
#2009 = CARTESIAN_POINT ( 'NONE',  ( -15.45268905367295176, -0.1953279765294536063, 19.00000000000001776 ) ) ;
#2010 = CARTESIAN_POINT ( 'NONE',  ( -10.94701295106418115, 5.890255934119547732, 19.27063352965733145 ) ) ;
#2011 = CARTESIAN_POINT ( 'NONE',  ( -15.25566372027319950, 4.359180920084940958, 19.06126552695805287 ) ) ;
#2012 = DIRECTION ( 'NONE',  ( -0.7313537016191670181, -0.6819983600625022513, 0.000000000000000000 ) ) ;
#2013 = FACE_OUTER_BOUND ( 'NONE', #1139, .T. ) ;
#2014 = CARTESIAN_POINT ( 'NONE',  ( 9.173623976100849120, 24.96247228545150421, 131.4999999999999716 ) ) ;
#2015 = CARTESIAN_POINT ( 'NONE',  ( -9.563697645374173106, -7.185346234040060232, 119.5133878835275567 ) ) ;
#2016 = CARTESIAN_POINT ( 'NONE',  ( -9.298667787926909511, 4.578664193187210962, 20.93637952503804200 ) ) ;
#2017 = CARTESIAN_POINT ( 'NONE',  ( -8.676472731093856083, -7.254953763794144805, 125.0000000000000000 ) ) ;
#2018 = CARTESIAN_POINT ( 'NONE',  ( -13.18908974032250114, 3.986767532275829584, 20.95066142510528095 ) ) ;
#2019 = CARTESIAN_POINT ( 'NONE',  ( -13.55356107011229128, 3.578347037687294119, 21.32442885149892930 ) ) ;
#2020 = ORIENTED_EDGE ( 'NONE', *, *, #747, .T. ) ;
#2021 = CARTESIAN_POINT ( 'NONE',  ( -12.29946476712515491, 3.000000000000007994, 13.04091272864830664 ) ) ;
#2022 = CARTESIAN_POINT ( 'NONE',  ( -9.378159978173917111, -9.213249206013260917, 121.7417869218491404 ) ) ;
#2023 = CARTESIAN_POINT ( 'NONE',  ( -1.355716525204085032, 5.989100668864159260, 19.00000000000000000 ) ) ;
#2024 = CARTESIAN_POINT ( 'NONE',  ( -12.96614366126842732, 4.088223642018374626, 21.22474471899223403 ) ) ;
#2025 = CARTESIAN_POINT ( 'NONE',  ( 20.83732749417791297, 11.40345047675161538, 42.40200746962070610 ) ) ;
#2026 = VERTEX_POINT ( 'NONE', #172 ) ;
#2027 = CARTESIAN_POINT ( 'NONE',  ( 21.68482300175800148, 8.394316531856020447, 24.15118135527027476 ) ) ;
#2028 = CARTESIAN_POINT ( 'NONE',  ( -6.378395458218665048, -4.315082441942672986, 21.59523098123503715 ) ) ;
#2029 = CARTESIAN_POINT ( 'NONE',  ( 8.152928311295331909, 4.671817438998661309, 20.35896545771058896 ) ) ;
#2030 = CARTESIAN_POINT ( 'NONE',  ( -5.742596805622316225, -8.137108020859253443, 125.0000000000002842 ) ) ;
#2031 = ORIENTED_EDGE ( 'NONE', *, *, #3292, .T. ) ;
#2032 = CARTESIAN_POINT ( 'NONE',  ( -11.82740923001248845, -1.111085603336617211, 21.69005268246612417 ) ) ;
#2033 = CARTESIAN_POINT ( 'NONE',  ( -9.847598267585045306, -8.004068794781336038, 121.7586759730414627 ) ) ;
#2034 = CARTESIAN_POINT ( 'NONE',  ( 21.93575503483904043, 7.360604832225233096, 21.25383201813230372 ) ) ;
#2035 = CARTESIAN_POINT ( 'NONE',  ( 14.77958243980702413, 18.06247228545164774, 121.1934638140992035 ) ) ;
#2036 = CARTESIAN_POINT ( 'NONE',  ( 21.93900122453565515, 7.587750315426877279, 21.48765058875724066 ) ) ;
#2037 = ORIENTED_EDGE ( 'NONE', *, *, #1485, .F. ) ;
#2038 = CARTESIAN_POINT ( 'NONE',  ( -13.63998234427292999, 3.431714478658741907, 21.39133082499042970 ) ) ;
#2039 = CARTESIAN_POINT ( 'NONE',  ( 23.40443015322055587, 18.06247228545165129, 122.1984373017320422 ) ) ;
#2040 = VECTOR ( 'NONE', #2411, 1000.000000000000000 ) ;
#2041 = CARTESIAN_POINT ( 'NONE',  ( -14.05784007299518024, 6.324789424651761749, 19.00000000000001421 ) ) ;
#2042 = CARTESIAN_POINT ( 'NONE',  ( -9.342761464568496876, -6.920486355934633238, 119.5270142980342598 ) ) ;
#2043 = CARTESIAN_POINT ( 'NONE',  ( 9.807836502293461933, 17.27109167144299207, 121.4625445137832855 ) ) ;
#2044 = CARTESIAN_POINT ( 'NONE',  ( -2.727993440249973478, 2.925414806476601903, -210.0000000000000000 ) ) ;
#2045 = CARTESIAN_POINT ( 'NONE',  ( -9.431500370635125918, 5.597404086605492601, 19.43716457893156146 ) ) ;
#2046 = CARTESIAN_POINT ( 'NONE',  ( -10.56001111377110036, -7.680183099164236360, 115.8311238661720921 ) ) ;
#2047 = CARTESIAN_POINT ( 'NONE',  ( -14.25068120118929649, 5.495768004601965906, 19.05713912605150995 ) ) ;
#2048 = CARTESIAN_POINT ( 'NONE',  ( -9.509970459674130794, -7.120083215175555758, 119.5165774364902802 ) ) ;
#2049 = EDGE_CURVE ( 'NONE', #1149, #6014, #2839, .T. ) ;
#2050 = ORIENTED_EDGE ( 'NONE', *, *, #3964, .T. ) ;
#2051 = CARTESIAN_POINT ( 'NONE',  ( -0.5995985556773337777, 3.853101569895450496, 20.82296048220947071 ) ) ;
#2052 = CARTESIAN_POINT ( 'NONE',  ( 8.452813752182429141, 6.125081271570475216, 42.40200746962055689 ) ) ;
#2053 =( BOUNDED_CURVE ( )  B_SPLINE_CURVE ( 3, ( #1317, #1253, #870, #4298 ),
 .UNSPECIFIED., .F., .T. ) 
 B_SPLINE_CURVE_WITH_KNOTS ( ( 4, 4 ),
 ( 1.660826907642406702, 1.662403491180103554 ),
 .UNSPECIFIED. ) 
 CURVE ( )  GEOMETRIC_REPRESENTATION_ITEM ( )  RATIONAL_B_SPLINE_CURVE ( ( 1.000000000000000000, 0.9999997928653732160, 0.9999997928653732160, 1.000000000000000000 ) ) 
 REPRESENTATION_ITEM ( '' )  );
#2054 = CARTESIAN_POINT ( 'NONE',  ( -14.05797935093663220, 6.320409944888245590, 19.00000000000000000 ) ) ;
#2055 = CARTESIAN_POINT ( 'NONE',  ( 21.88322420005614433, 5.751956945518419850, 15.00000000000000711 ) ) ;
#2056 = EDGE_LOOP ( 'NONE', ( #6044, #4217, #1682, #5617 ) ) ;
#2057 = DIRECTION ( 'NONE',  ( 0.000000000000000000, -0.7660444431189821213, 0.6427876096865343669 ) ) ;
#2058 = CARTESIAN_POINT ( 'NONE',  ( 13.02887406110653679, 17.41525883878545145, 118.9922762200048822 ) ) ;
#2059 = EDGE_CURVE ( 'NONE', #5483, #5598, #3566, .T. ) ;
#2060 = CARTESIAN_POINT ( 'NONE',  ( 8.170106720950878199, 4.560859156455556729, 20.68412475587277299 ) ) ;
#2061 = CARTESIAN_POINT ( 'NONE',  ( -4.432895056450971261, -7.180355069427492687, 125.0000000000000568 ) ) ;
#2062 = ORIENTED_EDGE ( 'NONE', *, *, #5809, .T. ) ;
#2063 = CARTESIAN_POINT ( 'NONE',  ( -13.67976016714512966, 1.800651472461390679, 21.68918199593567664 ) ) ;
#2064 = CARTESIAN_POINT ( 'NONE',  ( -50.00000000000000000, -3.732427552069295107, 3.916812473053596921 ) ) ;
#2065 = CARTESIAN_POINT ( 'NONE',  ( 21.76662344494572210, 7.886458703803434389, 21.83325858683528509 ) ) ;
#2066 = CARTESIAN_POINT ( 'NONE',  ( 15.28934119053049479, 6.579208933604800080, 19.86911766233823684 ) ) ;
#2067 = CARTESIAN_POINT ( 'NONE',  ( 20.47890417151507236, 2.499999999998623323, 13.90693813243316335 ) ) ;
#2068 = CARTESIAN_POINT ( 'NONE',  ( 14.72425436234606977, -0.5981693976077152586, 18.99999999999999645 ) ) ;
#2069 = ORIENTED_EDGE ( 'NONE', *, *, #4647, .T. ) ;
#2070 = CARTESIAN_POINT ( 'NONE',  ( -15.81094575078005171, 4.667664801917079664, 19.00000000000000000 ) ) ;
#2071 = CARTESIAN_POINT ( 'NONE',  ( 18.66504289757859780, -3.283141051426097690, 3.771645694303320973 ) ) ;
#2072 = CARTESIAN_POINT ( 'NONE',  ( -8.969103086494060406, -6.484049793222596669, 119.5515477082034295 ) ) ;
#2073 = CARTESIAN_POINT ( 'NONE',  ( 10.78130627416763154, 18.58293192188649812, 121.3628660685151459 ) ) ;
#2074 = ADVANCED_FACE ( 'NONE', ( #5563 ), #3112, .T. ) ;
#2075 = CARTESIAN_POINT ( 'NONE',  ( 12.99999999999999822, 4.202752579821934731, 3.000000000000001776 ) ) ;
#2076 = CARTESIAN_POINT ( 'NONE',  ( -9.636302796796840653, 5.153463569744978656, 19.84365453453743910 ) ) ;
#2077 = CARTESIAN_POINT ( 'NONE',  ( -10.07076261948681228, -7.020462994964739245, 115.8311238661722058 ) ) ;
#2078 = CARTESIAN_POINT ( 'NONE',  ( -13.46301791996785369, 4.470446852863629417, 19.85162215120244511 ) ) ;
#2079 = DIRECTION ( 'NONE',  ( -0.6819983600625022513, 0.7313537016191670181, -1.485617761692451402E-16 ) ) ;
#2080 = ORIENTED_EDGE ( 'NONE', *, *, #2381, .T. ) ;
#2081 = LINE ( 'NONE', #4059, #4330 ) ;
#2082 = VECTOR ( 'NONE', #3444, 1000.000000000000114 ) ;
#2083 = CARTESIAN_POINT ( 'NONE',  ( -50.00000000000000000, 3.000000000000000000, -5.026757405899497200E-16 ) ) ;
#2084 = AXIS2_PLACEMENT_3D ( 'NONE', #5828, #5752, #1755 ) ;
#2085 = CARTESIAN_POINT ( 'NONE',  ( -2.165160466072512335, 6.033046830501228364, 19.00000000000000000 ) ) ;
#2086 = CARTESIAN_POINT ( 'NONE',  ( 11.47068706450781050, 15.47570367974407013, 115.8311238661720921 ) ) ;
#2087 = AXIS2_PLACEMENT_3D ( 'NONE', #4591, #618, #4530 ) ;
#2088 = AXIS2_PLACEMENT_3D ( 'NONE', #5194, #3451, #2984 ) ;
#2089 = CARTESIAN_POINT ( 'NONE',  ( -13.00349733876208624, 4.206962284898913218, 20.62594311185819862 ) ) ;
#2090 = CARTESIAN_POINT ( 'NONE',  ( 22.31869457516957311, 6.100617718028882308, 15.00000000000000711 ) ) ;
#2091 = ORIENTED_EDGE ( 'NONE', *, *, #1618, .F. ) ;
#2092 = DIRECTION ( 'NONE',  ( -0.000000000000000000, 0.6427876096865343669, 0.7660444431189821213 ) ) ;
#2093 = CARTESIAN_POINT ( 'NONE',  ( 31.09986358972318854, 18.06247228545173300, 131.4999999999999716 ) ) ;
#2094 = EDGE_CURVE ( 'NONE', #4792, #4644, #3633, .T. ) ;
#2095 = CARTESIAN_POINT ( 'NONE',  ( 8.194064885253162345, 4.406248516871688281, 21.35778424702093758 ) ) ;
#2096 = CARTESIAN_POINT ( 'NONE',  ( -2.401583355761857330, -5.175519826586323369, 97.49437716547311084 ) ) ;
#2097 = ORIENTED_EDGE ( 'NONE', *, *, #3593, .F. ) ;
#2098 = VECTOR ( 'NONE', #897, 1000.000000000000000 ) ;
#2099 = CARTESIAN_POINT ( 'NONE',  ( -15.99999999999994138, 1.848677716615438671, 19.00000000000006750 ) ) ;
#2100 = CARTESIAN_POINT ( 'NONE',  ( 21.74381877558813869, 2.598404958436927092, 15.54975470618429156 ) ) ;
#2101 = CARTESIAN_POINT ( 'NONE',  ( 21.94007369017564102, 7.386185115220072817, 21.27906957130148413 ) ) ;
#2102 = CARTESIAN_POINT ( 'NONE',  ( 15.39984167452837838, 6.186245151622193461, 20.46324348699976170 ) ) ;
#2103 = CARTESIAN_POINT ( 'NONE',  ( -13.53765381096398279, 1.942356286120887621, 18.99999999999808153 ) ) ;
#2104 = CARTESIAN_POINT ( 'NONE',  ( 16.51293786354411708, 8.164442724644199956, 19.07953774428957772 ) ) ;
#2105 = CARTESIAN_POINT ( 'NONE',  ( -15.73106078466247837, 0.3379551429835840337, 19.00000000000000355 ) ) ;
#2106 = EDGE_LOOP ( 'NONE', ( #1595, #3653, #1057, #6032 ) ) ;
#2107 = CARTESIAN_POINT ( 'NONE',  ( -15.77329026759671748, 4.734307941347122295, 19.00000000000000000 ) ) ;
#2108 = EDGE_CURVE ( 'NONE', #671, #1919, #696, .T. ) ;
#2109 = CARTESIAN_POINT ( 'NONE',  ( 0.7434171077808082728, 6.264286068441251132, 18.99999999999999289 ) ) ;
#2110 = CARTESIAN_POINT ( 'NONE',  ( 18.63649051178634508, 18.06247228545159800, 124.4950348156776698 ) ) ;
#2111 = CARTESIAN_POINT ( 'NONE',  ( -11.08914378595944683, 5.426771006327832936, 6.176841352261373430 ) ) ;
#2112 = CARTESIAN_POINT ( 'NONE',  ( -9.103814930936657390, 4.793404506141635046, 20.36890958515538941 ) ) ;
#2113 = CARTESIAN_POINT ( 'NONE',  ( -12.40047080411397751, -6.179525570984575111, 97.49437716547346611 ) ) ;
#2114 = CARTESIAN_POINT ( 'NONE',  ( -13.12242226206125295, 4.033473396158948177, 20.94055916265184081 ) ) ;
#2115 = CARTESIAN_POINT ( 'NONE',  ( -6.207814638734268087, -3.740496005942079982, 119.7318352627262925 ) ) ;
#2116 = VERTEX_POINT ( 'NONE', #4157 ) ;
#2117 = DIRECTION ( 'NONE',  ( -0.000000000000000000, 0.000000000000000000, 1.000000000000000000 ) ) ;
#2118 = DIRECTION ( 'NONE',  ( 0.000000000000000000, 0.7660444431189771253, -0.6427876096865403621 ) ) ;
#2119 = CARTESIAN_POINT ( 'NONE',  ( 16.21812958923174364, 6.314814871151577691, 20.82046037429130791 ) ) ;
#2120 = CARTESIAN_POINT ( 'NONE',  ( 20.44457029588232189, 9.083284226473860912, 19.24039521752469994 ) ) ;
#2121 = CARTESIAN_POINT ( 'NONE',  ( -1.838055531297183132, 4.587100210280905976, 19.71008758353113421 ) ) ;
#2122 = CARTESIAN_POINT ( 'NONE',  ( 11.04355473340127425, 4.253617974171793215, 15.00000000000000355 ) ) ;
#2123 = CARTESIAN_POINT ( 'NONE',  ( -13.22632378024198374, 4.618379462220878473, 19.84038103941887599 ) ) ;
#2124 = CARTESIAN_POINT ( 'NONE',  ( 18.74051251888085545, 3.449584839594675323, 4.199655185528212265 ) ) ;
#2125 = ORIENTED_EDGE ( 'NONE', *, *, #61, .F. ) ;
#2126 = CARTESIAN_POINT ( 'NONE',  ( 11.67181145216796345, 17.64157599464213177, 125.0000000000000000 ) ) ;
#2127 = CARTESIAN_POINT ( 'NONE',  ( 20.34817671972461284, 2.662761188878667085, 13.31717193982369807 ) ) ;
#2128 = CARTESIAN_POINT ( 'NONE',  ( 21.31071408202499740, 9.024302185239493568, 19.40094715353279753 ) ) ;
#2129 = CARTESIAN_POINT ( 'NONE',  ( 8.187285130606426264, 4.449900873912451260, 21.00928405403495702 ) ) ;
#2130 = CARTESIAN_POINT ( 'NONE',  ( -11.76302839719732951, 4.507970536710479870, 21.19755191947942308 ) ) ;
#2131 = CARTESIAN_POINT ( 'NONE',  ( 0.9689388058642272039, -1.984737067810450339, 115.8311238661720779 ) ) ;
#2132 = VERTEX_POINT ( 'NONE', #6119 ) ;
#2133 = CARTESIAN_POINT ( 'NONE',  ( -15.68758733027491026, 1.015165738018504404, 19.00000000000000355 ) ) ;
#2134 = DIRECTION ( 'NONE',  ( 0.7313537016191670181, 0.6819983600625022513, 0.000000000000000000 ) ) ;
#2135 = CARTESIAN_POINT ( 'NONE',  ( 22.89104998608892316, 10.11719577320347696, 19.00000000000000711 ) ) ;
#2136 = ADVANCED_FACE ( 'NONE', ( #1701 ), #4700, .T. ) ;
#2137 = CYLINDRICAL_SURFACE ( 'NONE', #5390, 0.9999999999999991118 ) ;
#2138 = CARTESIAN_POINT ( 'NONE',  ( 17.63994925234662148, 7.264277280250496460, 19.88922268749806932 ) ) ;
#2139 = CARTESIAN_POINT ( 'NONE',  ( 21.89378841878298942, 7.232387061767490799, 21.13207533533052285 ) ) ;
#2140 = EDGE_LOOP ( 'NONE', ( #3298, #4814, #88, #1674 ) ) ;
#2141 = CARTESIAN_POINT ( 'NONE',  ( -15.84735846162318929, 4.600443594716346674, 19.00000000000000000 ) ) ;
#2142 = EDGE_CURVE ( 'NONE', #2957, #3951, #5332, .T. ) ;
#2143 = CARTESIAN_POINT ( 'NONE',  ( -14.95453246924618185, 5.725547396707041159, 19.00000000000001066 ) ) ;
#2144 = DIRECTION ( 'NONE',  ( -0.000000000000000000, 1.000000000000000000, -0.000000000000000000 ) ) ;
#2145 = CARTESIAN_POINT ( 'NONE',  ( -10.10867375330992779, 4.701152367592259296, 20.62426284324769199 ) ) ;
#2146 = CARTESIAN_POINT ( 'NONE',  ( -10.21333823136045815, -7.190244049661502324, 115.8311238661720495 ) ) ;
#2147 = VECTOR ( 'NONE', #789, 1000.000000000000000 ) ;
#2148 = CARTESIAN_POINT ( 'NONE',  ( -13.75530925660794068, 4.217956665028750329, 19.87040953900646656 ) ) ;
#2149 = CARTESIAN_POINT ( 'NONE',  ( -10.06746594993243527, -7.795086889076063841, 119.4807231685845466 ) ) ;
#2150 = ORIENTED_EDGE ( 'NONE', *, *, #5955, .F. ) ;
#2151 = B_SPLINE_CURVE_WITH_KNOTS ( 'NONE', 3,
 ( #840, #898, #1809, #5770, #322, #2293, #1903 ),
 .UNSPECIFIED., .F., .F.,
 ( 4, 1, 1, 1, 4 ),
 ( 0.04888749665903617536, 0.2499635131310637970, 0.4998996123189526353, 0.7492437156084794658, 0.9362817101192232316 ),
 .UNSPECIFIED. ) ;
#2152 = CARTESIAN_POINT ( 'NONE',  ( 23.33853058486729282, -9.573965526745718435, 16.00000000000000000 ) ) ;
#2153 = CARTESIAN_POINT ( 'NONE',  ( -9.502904629016116544, -9.190530644481734512, 121.7393975179545436 ) ) ;
#2154 = CARTESIAN_POINT ( 'NONE',  ( -13.77917335674871069, 3.074612175518524282, 21.43422776153328613 ) ) ;
#2155 = CARTESIAN_POINT ( 'NONE',  ( 19.37331201828107297, 7.200011939376975256, 21.22438913914034941 ) ) ;
#2156 = CARTESIAN_POINT ( 'NONE',  ( 2.877444537004459679, -6.522759960065345197, 18.99999999999999645 ) ) ;
#2157 = CARTESIAN_POINT ( 'NONE',  ( -3.495657493678023808, 4.714187196821038484, 19.69412917561642118 ) ) ;
#2158 = CARTESIAN_POINT ( 'NONE',  ( 6.230072337775096614, 9.076714814687408150, 115.8311238661721490 ) ) ;
#2159 = CARTESIAN_POINT ( 'NONE',  ( -13.63874023829913718, 5.532123861511609952, 19.16473877907927914 ) ) ;
#2160 = CARTESIAN_POINT ( 'NONE',  ( 19.33608626170362044, -4.449242833974791367, 7.577321725440657296 ) ) ;
#2161 = ORIENTED_EDGE ( 'NONE', *, *, #2455, .T. ) ;
#2162 = CARTESIAN_POINT ( 'NONE',  ( 12.10182080191877851, 17.38672538897214892, 125.0000000000000000 ) ) ;
#2163 = CARTESIAN_POINT ( 'NONE',  ( 20.80597158572511773, 18.06247228545161931, 123.4286522941500692 ) ) ;
#2164 = CARTESIAN_POINT ( 'NONE',  ( 9.549818920451031090, 6.166610971375645178, 19.21397231532481698 ) ) ;
#2165 = EDGE_CURVE ( 'NONE', #938, #5002, #2349, .T. ) ;
#2166 = CARTESIAN_POINT ( 'NONE',  ( -10.96169145687444768, 6.455926126750521910, 19.05556430387229483 ) ) ;
#2167 = CARTESIAN_POINT ( 'NONE',  ( 1.441431809242435635, -2.410230173010363242, 97.49437716547367927 ) ) ;
#2168 = ORIENTED_EDGE ( 'NONE', *, *, #5914, .F. ) ;
#2169 = FACE_OUTER_BOUND ( 'NONE', #4589, .T. ) ;
#2170 = CARTESIAN_POINT ( 'NONE',  ( 23.40443015322055587, 18.06247228545165129, 122.1984373017320422 ) ) ;
#2171 = CARTESIAN_POINT ( 'NONE',  ( -12.59024336210613093, -0.1436969076601748996, 14.69000008789785028 ) ) ;
#2172 = CARTESIAN_POINT ( 'NONE',  ( 21.86359641715727165, 7.769764962277727172, 21.69216929809961769 ) ) ;
#2173 = DIRECTION ( 'NONE',  ( 0.000000000000000000, -0.000000000000000000, -1.000000000000000000 ) ) ;
#2174 = ORIENTED_EDGE ( 'NONE', *, *, #1942, .T. ) ;
#2175 = CARTESIAN_POINT ( 'NONE',  ( -13.72312214588695589, 3.463924231749913485, 20.75987409903274994 ) ) ;
#2176 = CARTESIAN_POINT ( 'NONE',  ( -10.74051251888084124, 3.449584839594675323, 4.199655185528212265 ) ) ;
#2177 = CARTESIAN_POINT ( 'NONE',  ( 10.60158659561959738, 15.05182698497712224, 119.7469917589531576 ) ) ;
#2178 = FACE_OUTER_BOUND ( 'NONE', #3027, .T. ) ;
#2179 = CARTESIAN_POINT ( 'NONE',  ( 12.83514693603775925, 17.04655672193257132, 119.0014787102122824 ) ) ;
#2180 = CARTESIAN_POINT ( 'NONE',  ( -10.09701487837576828, 5.395615667656122660, 19.63663652665308845 ) ) ;
#2181 = CARTESIAN_POINT ( 'NONE',  ( -13.20820754125735874, 4.748727067766191468, 15.00000000000001421 ) ) ;
#2182 = CARTESIAN_POINT ( 'NONE',  ( -14.15808873219136643, 4.453746726591698568, 19.45387779202241774 ) ) ;
#2183 = LINE ( 'NONE', #4570, #5717 ) ;
#2184 = ORIENTED_EDGE ( 'NONE', *, *, #3920, .F. ) ;
#2185 = DIRECTION ( 'NONE',  ( 0.6819983600625022513, -0.7313537016191671292, 1.485617761692451402E-16 ) ) ;
#2186 = CARTESIAN_POINT ( 'NONE',  ( -9.998444337818336081, -8.308131704959775377, 121.7506234884618834 ) ) ;
#2187 = CARTESIAN_POINT ( 'NONE',  ( 15.64194192177897236, 8.278162110542364616, 19.00000000000000000 ) ) ;
#2188 = CARTESIAN_POINT ( 'NONE',  ( 19.95906090023694546, 8.009035055808181980, 19.90887611720236450 ) ) ;
#2189 = EDGE_CURVE ( 'NONE', #1990, #2026, #1102, .T. ) ;
#2190 = CARTESIAN_POINT ( 'NONE',  ( 17.24988886983730652, 3.887782060993666189, 21.12855180738824501 ) ) ;
#2191 = CARTESIAN_POINT ( 'NONE',  ( -2.632356908683545882, 5.150743955689828013, 19.30210392367047589 ) ) ;
#2192 = CARTESIAN_POINT ( 'NONE',  ( 11.67181145216796345, 17.64157599464213533, 124.9999999999999858 ) ) ;
#2193 = CARTESIAN_POINT ( 'NONE',  ( -13.94967769415336711, 6.034346649294599629, 19.00000000000000000 ) ) ;
#2194 = ORIENTED_EDGE ( 'NONE', *, *, #515, .T. ) ;
#2195 = LINE ( 'NONE', #3720, #4560 ) ;
#2196 = AXIS2_PLACEMENT_3D ( 'NONE', #5088, #5985, #1607 ) ;
#2197 = CARTESIAN_POINT ( 'NONE',  ( 12.65488121980310865, 16.71588000715782840, 119.0447461259229840 ) ) ;
#2198 = CARTESIAN_POINT ( 'NONE',  ( 7.313405606026504913, 4.742103139360095199, 20.04783580273875643 ) ) ;
#2199 = CARTESIAN_POINT ( 'NONE',  ( -12.85786764995879849, 5.870702827374832289, 19.16328915345910744 ) ) ;
#2200 = CARTESIAN_POINT ( 'NONE',  ( 0.5351076404338809267, -3.178641768560579894, 97.49437716547333821 ) ) ;
#2201 = ORIENTED_EDGE ( 'NONE', *, *, #409, .F. ) ;
#2202 = CARTESIAN_POINT ( 'NONE',  ( -11.86043653214062665, 7.312551635009039153, 10.55105988128171823 ) ) ;
#2203 = CARTESIAN_POINT ( 'NONE',  ( 23.07048336602087346, 5.727592949751474372, 19.06307645787300231 ) ) ;
#2204 = TOROIDAL_SURFACE ( 'NONE', #5071, 335.5000000000000000, 1.000000000000000444 ) ;
#2205 = PLANE ( 'NONE',  #579 ) ;
#2206 = CARTESIAN_POINT ( 'NONE',  ( 21.60024481511428007, 7.405789893349721709, 18.99999999999997158 ) ) ;
#2207 = CARTESIAN_POINT ( 'NONE',  ( -13.70943289240843654, 1.863472215128772813, 21.67613209191370061 ) ) ;
#2208 = ORIENTED_EDGE ( 'NONE', *, *, #2564, .T. ) ;
#2209 = CARTESIAN_POINT ( 'NONE',  ( -14.18594289956122090, 3.512985791681565217, 19.92660458451604910 ) ) ;
#2210 = CARTESIAN_POINT ( 'NONE',  ( 24.43312115059420009, 7.208204425223028622, 19.00000000000002132 ) ) ;
#2211 = CARTESIAN_POINT ( 'NONE',  ( -0.9572884177204550316, 4.215245554721912313, 121.9939049341078032 ) ) ;
#2212 = CARTESIAN_POINT ( 'NONE',  ( -6.008024443321736463, -10.11561602260903392, 121.8081124745523027 ) ) ;
#2213 = DIRECTION ( 'NONE',  ( -0.1237240302064845504, 0.7016738431598620318, -0.7016738431598646963 ) ) ;
#2214 = CARTESIAN_POINT ( 'NONE',  ( -10.20226185647663186, 4.613662791801370844, 20.91831632006741870 ) ) ;
#2215 = CARTESIAN_POINT ( 'NONE',  ( -12.69697795254855777, -2.968238613535185699, 42.40200746962063505 ) ) ;
#2216 = CARTESIAN_POINT ( 'NONE',  ( -13.69012334372076189, 4.008622765187314307, 20.13094418674384301 ) ) ;
#2217 = CARTESIAN_POINT ( 'NONE',  ( -50.00000000000000000, 3.732427552069295107, 3.916812473053596921 ) ) ;
#2218 = ORIENTED_EDGE ( 'NONE', *, *, #2346, .T. ) ;
#2219 = CARTESIAN_POINT ( 'NONE',  ( 14.77958243980702413, 18.06247228545164774, 121.1934638140992035 ) ) ;
#2220 = CARTESIAN_POINT ( 'NONE',  ( -12.27679893069680972, -8.373563833655111921, 121.6749042533013068 ) ) ;
#2221 = CARTESIAN_POINT ( 'NONE',  ( 13.84248021468633993, 3.341173369522268732, 4.000000000000000000 ) ) ;
#2222 = CARTESIAN_POINT ( 'NONE',  ( 15.45361914480281307, 5.995121974843817370, 21.15197648534557473 ) ) ;
#2223 = CARTESIAN_POINT ( 'NONE',  ( 12.42174493734012586, -1.961606492029682958, 19.00000000000000000 ) ) ;
#2224 = CARTESIAN_POINT ( 'NONE',  ( -4.241763990665217143, 5.589196124113567699, 19.17789397963415610 ) ) ;
#2225 = CARTESIAN_POINT ( 'NONE',  ( -2.957982789059531825, 0.7442281016834600971, 97.49437716547356558 ) ) ;
#2226 = CARTESIAN_POINT ( 'NONE',  ( -13.14615914049681500, 4.446936210189400107, 20.08514951549177141 ) ) ;
#2227 = CARTESIAN_POINT ( 'NONE',  ( -20.06677489291575966, -13.99145063748610518, 131.4999999999999716 ) ) ;
#2228 = ORIENTED_EDGE ( 'NONE', *, *, #1794, .T. ) ;
#2229 = CARTESIAN_POINT ( 'NONE',  ( 20.36860276288489402, 8.999999999999998224, 19.25000728468753053 ) ) ;
#2230 = CARTESIAN_POINT ( 'NONE',  ( 6.651420956747754687, 6.385267570479581600, 119.6985433226087707 ) ) ;
#2231 = CARTESIAN_POINT ( 'NONE',  ( 5.685744162502722965, 4.541767876443480567, 20.02843717841654581 ) ) ;
#2232 = CARTESIAN_POINT ( 'NONE',  ( -12.94991098927764916, 6.138543467442326040, 19.05563052630806453 ) ) ;
#2233 = CARTESIAN_POINT ( 'NONE',  ( -3.335896268551110211, -4.939739743963735386, 24.15118135527027832 ) ) ;
#2234 = EDGE_LOOP ( 'NONE', ( #1156, #1702, #2240, #4013 ) ) ;
#2235 = CARTESIAN_POINT ( 'NONE',  ( 20.47890417151507236, 2.499999999998623323, 13.90693813243316335 ) ) ;
#2236 =( BOUNDED_CURVE ( )  B_SPLINE_CURVE ( 3, ( #5769, #6156, #4802, #5188 ),
 .UNSPECIFIED., .F., .T. ) 
 B_SPLINE_CURVE_WITH_KNOTS ( ( 4, 4 ),
 ( 3.839724354387526795, 5.759586531581293301 ),
 .UNSPECIFIED. ) 
 CURVE ( )  GEOMETRIC_REPRESENTATION_ITEM ( )  RATIONAL_B_SPLINE_CURVE ( ( 1.000000000000000000, 0.7157176242340296257, 0.7157176242340296257, 1.000000000000000000 ) ) 
 REPRESENTATION_ITEM ( '' )  );
#2237 = CARTESIAN_POINT ( 'NONE',  ( 20.92399390938726356, 10.36336602515462246, 18.99999999999999645 ) ) ;
#2238 = CARTESIAN_POINT ( 'NONE',  ( -0.3409991800312067722, 0.3656768508095292747, -210.0000000000000000 ) ) ;
#2239 = CARTESIAN_POINT ( 'NONE',  ( 17.28266027941560523, 8.395850374687398698, 19.08018923660648269 ) ) ;
#2240 = ORIENTED_EDGE ( 'NONE', *, *, #4867, .F. ) ;
#2241 = CARTESIAN_POINT ( 'NONE',  ( -14.77850452429080441, 3.994251067868532790, 19.29919571742060569 ) ) ;
#2242 = PLANE ( 'NONE',  #5708 ) ;
#2243 = CARTESIAN_POINT ( 'NONE',  ( -7.799948932261629331, -5.251424153280511931, 119.6355187771527397 ) ) ;
#2244 = CARTESIAN_POINT ( 'NONE',  ( -5.739941324830887481, -0.5781321233176549557, 121.9692443601205980 ) ) ;
#2245 = SURFACE_STYLE_USAGE ( .BOTH. , #764 ) ;
#2246 = CARTESIAN_POINT ( 'NONE',  ( -10.19923929262347606, 4.842762141208832638, 20.35268717242892222 ) ) ;
#2247 = CARTESIAN_POINT ( 'NONE',  ( -10.07879201758749410, -8.543215790080964211, 115.8311238661720921 ) ) ;
#2248 = CARTESIAN_POINT ( 'NONE',  ( -14.06646044024047093, 4.202255712369448837, 19.67009887134955548 ) ) ;
#2249 = CARTESIAN_POINT ( 'NONE',  ( 13.47524460367044341, -3.335637209701468375, 3.854864178919591655 ) ) ;
#2250 = ORIENTED_EDGE ( 'NONE', *, *, #3693, .F. ) ;
#2251 = CARTESIAN_POINT ( 'NONE',  ( 14.66616383513879818, 16.18338385139124114, 121.2859238891044953 ) ) ;
#2252 = CARTESIAN_POINT ( 'NONE',  ( -9.571145729521521872, -11.05127043781075891, 121.6816020121402602 ) ) ;
#2253 = VECTOR ( 'NONE', #2791, 1000.000000000000000 ) ;
#2254 = DIRECTION ( 'NONE',  ( -0.7313537016191743456, -0.6819983600624942577, 0.000000000000000000 ) ) ;
#2255 = CARTESIAN_POINT ( 'NONE',  ( 14.90709335248078737, -0.4875181019546277472, 19.00000000000000000 ) ) ;
#2256 = EDGE_CURVE ( 'NONE', #5899, #3140, #3707, .T. ) ;
#2257 = CARTESIAN_POINT ( 'NONE',  ( -4.318478946154514553, 4.798471034515108258, 19.68626232811272203 ) ) ;
#2258 = CARTESIAN_POINT ( 'NONE',  ( -3.261796107827256819, 3.792617547051507998, 24.15118135527033871 ) ) ;
#2259 = CARTESIAN_POINT ( 'NONE',  ( -13.57006233427690667, 5.248203481004225956, 19.27357251241654978 ) ) ;
#2260 = CARTESIAN_POINT ( 'NONE',  ( -8.869194254610411221, -8.956217688158561785, 119.9196358557316131 ) ) ;
#2261 = ORIENTED_EDGE ( 'NONE', *, *, #956, .T. ) ;
#2262 = CARTESIAN_POINT ( 'NONE',  ( 16.77152902102990595, 8.999999999999998224, 19.00000000000000000 ) ) ;
#2263 = CARTESIAN_POINT ( 'NONE',  ( 11.31694958230147208, 14.89724761458459845, 121.4886359291309930 ) ) ;
#2264 = CARTESIAN_POINT ( 'NONE',  ( 20.85258537970666026, 10.35503892362529577, 19.00000000000000000 ) ) ;
#2265 = EDGE_CURVE ( 'NONE', #4817, #1006, #1375, .T. ) ;
#2266 = CARTESIAN_POINT ( 'NONE',  ( 4.004946570764175817, 4.854533197617425522, 19.52523508263840668 ) ) ;
#2267 = CARTESIAN_POINT ( 'NONE',  ( -12.11845785159856881, 4.466491518057262411, 20.90229351869053787 ) ) ;
#2268 = CARTESIAN_POINT ( 'NONE',  ( 17.12193541470796987, 7.708769493186514055, 42.40200746962072031 ) ) ;
#2269 = ORIENTED_EDGE ( 'NONE', *, *, #4565, .F. ) ;
#2270 = DIRECTION ( 'NONE',  ( 0.000000000000000000, 0.000000000000000000, -1.000000000000000000 ) ) ;
#2271 = CARTESIAN_POINT ( 'NONE',  ( -11.36852581044377253, 4.668494298486259630, 7.761295548447312065 ) ) ;
#2272 = CARTESIAN_POINT ( 'NONE',  ( 14.00952009761069839, 8.198320253425302795, 19.00000000000000000 ) ) ;
#2273 = EDGE_CURVE ( 'NONE', #4344, #938, #34, .T. ) ;
#2274 = CARTESIAN_POINT ( 'NONE',  ( 21.43752670182550801, 7.961035897563946584, 21.97778795768032722 ) ) ;
#2275 = CARTESIAN_POINT ( 'NONE',  ( -12.77696592854328195, 0.5229682331645917337, 19.00000000000042633 ) ) ;
#2276 = ORIENTED_EDGE ( 'NONE', *, *, #5323, .T. ) ;
#2277 =( BOUNDED_SURFACE ( )  B_SPLINE_SURFACE ( 3, 2, ( 
 ( #5585, #4216, #233 ),
 ( #2207, #2103, #1094 ),
 ( #5100, #4079, #613 ),
 ( #5657, #3101, #3137 ),
 ( #6176, #4184, #6142 ),
 ( #1724, #3695, #1236 ),
 ( #5818, #3276, #398 ),
 ( #4848, #5302, #4791 ),
 ( #4249, #3369, #5238 ),
 ( #2848, #2370, #1789 ),
 ( #1826, #5270, #4316 ),
 ( #4343, #4375, #3797 ),
 ( #6280, #5755, #1395 ),
 ( #6248, #2748, #1367 ),
 ( #6307, #826, #5334 ),
 ( #2338, #1273, #3245 ),
 ( #1338, #912, #4816 ),
 ( #1888, #5726, #3860 ),
 ( #5788, #2275, #3310 ),
 ( #427, #2815, #859 ),
 ( #2879, #2398, #1758 ),
 ( #3341, #369, #792 ),
 ( #3765, #337, #1857 ),
 ( #6211, #3732, #2783 ),
 ( #3829, #885, #5689 ),
 ( #5206, #4723, #306 ),
 ( #1304, #4760, #2308 ),
 ( #4285, #3117, #666 ),
 ( #1538, #5956, #486 ),
 ( #5872, #4460, #4003 ),
 ( #4965, #5570, #5081 ),
 ( #3460, #3431, #1970 ),
 ( #2002, #2427, #1031 ),
 ( #6365, #5391, #6394 ),
 ( #2484, #3486, #27 ),
 ( #2028, #2456, #3980 ),
 ( #3606, #4879, #4429 ),
 ( #5929, #3949, #4486 ),
 ( #1143, #5450, #514 ),
 ( #5845, #5422, #5903 ),
 ( #2994, #1507, #545 ),
 ( #1481, #2510, #2627 ),
 ( #1944, #974, #4910 ),
 ( #55, #6339, #1917 ),
 ( #3890, #1425, #3400 ),
 ( #5363, #1454, #943 ),
 ( #3919, #2906, #2939 ),
 ( #460, #1004, #4404 ),
 ( #2967, #4938, #2156 ),
 ( #4129, #2662, #5606 ),
 ( #776, #1774, #2733 ),
 ( #254, #4639, #4707 ),
 ( #2294, #3155, #2696 ),
 ( #4234, #4677, #2768 ),
 ( #1811, #3747, #5190 ),
 ( #6087, #1741, #2223 ),
 ( #5711, #6194, #3262 ),
 ( #4741, #737, #2255 ),
 ( #4201, #3190, #1291 ),
 ( #5637, #5155, #323 ),
 ( #6157, #3714, #5223 ),
 ( #1668, #4164, #3641 ),
 ( #2190, #1320, #6125 ),
 ( #215, #4267, #6232 ),
 ( #3781, #1707, #5741 ),
 ( #1217, #5121, #5672 ),
 ( #4602, #3293, #1256 ),
 ( #3224, #811, #5255 ),
 ( #1182, #700, #841 ),
 ( #289, #178, #3674 ),
 ( #1410, #4804, #872 ),
 ( #3384, #5886, #1956 ),
 ( #1440, #5405, #3843 ),
 ( #2831, #2414, #1904 ),
 ( #2440, #1467, #2797 ),
 ( #3934, #4416, #384 ),
 ( #3447, #4775, #3415 ),
 ( #4331, #5375, #353 ),
 ( #6351, #5832, #5800 ),
 ( #6380, #6294, #5350 ) ),
 .UNSPECIFIED., .F., .F., .T. ) 
 B_SPLINE_SURFACE_WITH_KNOTS ( ( 4, 2, 2, 2, 2, 2, 2, 2, 2, 2, 2, 2, 2, 2, 2, 2, 2, 2, 2, 2, 2, 2, 2, 2, 2, 2, 2, 2, 2, 2, 2, 2, 2, 2, 2, 2, 2, 2, 2, 4 ),
 ( 3, 3 ),
 ( 0.06032105626509283447, 0.06049905498410518973, 0.06054355466385827333, 0.06055467958379654597, 0.06056580450373481861, 0.06058805434361136388, 0.06067705370311754498, 0.06103305114114225549, 0.06174504601719168345, 0.06245704089324111141, 0.06316903576929053243, 0.06388103064533995346, 0.06459302552138937448, 0.06601701527348821652, 0.06744100502558705856, 0.06886499477768590061, 0.07028898452978474265, 0.07171297428188358469, 0.07313696403398242674, 0.07456095378608126878, 0.07598494353818011082, 0.07740893329027895287, 0.07883292304237779491, 0.08025691279447663695, 0.08310489229867432104, 0.08595287180287200512, 0.08880085130706968921, 0.09164883081126737330, 0.09449681031546505738, 0.09734478981966274147, 0.09876877957176158351, 0.1001927693238604256, 0.1016167590759592676, 0.1023287539520086886, 0.1030407488280581096, 0.1037527437041075307, 0.1044647385801569517, 0.1051767334562063727, 0.1055327308942310832, 0.1058887283322557937 ),
 ( 0.000000000000000000, 1.000000000000000000 ),
 .UNSPECIFIED. ) 
 GEOMETRIC_REPRESENTATION_ITEM ( )  RATIONAL_B_SPLINE_SURFACE ( (
 ( 1.000000000000000000, 0.6824345542390393149, 1.000000000000000000),
 ( 1.000000000000000000, 0.6817433857976736844, 1.000000000000000000),
 ( 1.000000000000000000, 0.6810698058199247118, 1.000000000000000000),
 ( 1.000000000000000000, 0.6802516960364877185, 1.000000000000000000),
 ( 1.000000000000000000, 0.6800892669956207781, 1.000000000000000000),
 ( 1.000000000000000000, 0.6798877501409480439, 1.000000000000000000),
 ( 1.000000000000000000, 0.6798215609954677552, 1.000000000000000000),
 ( 1.000000000000000000, 0.6798388350324929830, 1.000000000000000000),
 ( 1.000000000000000000, 0.6798474191628672836, 1.000000000000000000),
 ( 1.000000000000000000, 0.6798730140225919261, 1.000000000000000000),
 ( 1.000000000000000000, 0.6798898672055819770, 1.000000000000000000),
 ( 1.000000000000000000, 0.6799730976263189675, 1.000000000000000000),
 ( 1.000000000000000000, 0.6800363689888490049, 1.000000000000000000),
 ( 1.000000000000000000, 0.6803370746572706684, 1.000000000000000000),
 ( 1.000000000000000000, 0.6805277070178026300, 1.000000000000000000),
 ( 1.000000000000000000, 0.6809809635341612655, 1.000000000000000000),
 ( 1.000000000000000000, 0.6811260273812749233, 1.000000000000000000),
 ( 1.000000000000000000, 0.6812316810528187272, 1.000000000000000000),
 ( 1.000000000000000000, 0.6811833939203993937, 1.000000000000000000),
 ( 1.000000000000000000, 0.6809288413319988242, 1.000000000000000000),
 ( 1.000000000000000000, 0.6807455476315844578, 1.000000000000000000),
 ( 1.000000000000000000, 0.6804346505948790647, 1.000000000000000000),
 ( 1.000000000000000000, 0.6802800708913182559, 1.000000000000000000),
 ( 1.000000000000000000, 0.6800288811377309672, 1.000000000000000000),
 ( 1.000000000000000000, 0.6798754966881369599, 1.000000000000000000),
 ( 1.000000000000000000, 0.6797627939781444306, 1.000000000000000000),
 ( 1.000000000000000000, 0.6800544631349511038, 1.000000000000000000),
 ( 1.000000000000000000, 0.6809305116482257114, 1.000000000000000000),
 ( 1.000000000000000000, 0.6816676538460355594, 1.000000000000000000),
 ( 1.000000000000000000, 0.6833624642489493084, 1.000000000000000000),
 ( 1.000000000000000000, 0.6843892736572417812, 1.000000000000000000),
 ( 1.000000000000000000, 0.6865101761262292213, 1.000000000000000000),
 ( 1.000000000000000000, 0.6875725761563947769, 1.000000000000000000),
 ( 1.000000000000000000, 0.6898294490145328028, 1.000000000000000000),
 ( 1.000000000000000000, 0.6910410646321099026, 1.000000000000000000),
 ( 1.000000000000000000, 0.6935094281680567185, 1.000000000000000000),
 ( 1.000000000000000000, 0.6947673702977118504, 1.000000000000000000),
 ( 1.000000000000000000, 0.6972751084093266050, 1.000000000000000000),
 ( 1.000000000000000000, 0.6985470135186232499, 1.000000000000000000),
 ( 1.000000000000000000, 0.7010234488495828975, 1.000000000000000000),
 ( 1.000000000000000000, 0.7022065480086505662, 1.000000000000000000),
 ( 1.000000000000000000, 0.7045350940480687996, 1.000000000000000000),
 ( 1.000000000000000000, 0.7056893028260285972, 1.000000000000000000),
 ( 1.000000000000000000, 0.7079295046450718720, 1.000000000000000000),
 ( 1.000000000000000000, 0.7090053645784208936, 1.000000000000000000),
 ( 1.000000000000000000, 0.7111317928017193424, 1.000000000000000000),
 ( 1.000000000000000000, 0.7121809596788840624, 1.000000000000000000),
 ( 1.000000000000000000, 0.7152373454627390936, 1.000000000000000000),
 ( 1.000000000000000000, 0.7172765887173037092, 1.000000000000000000),
 ( 1.000000000000000000, 0.7214841170758300448, 1.000000000000000000),
 ( 1.000000000000000000, 0.7237301080676681320, 1.000000000000000000),
 ( 1.000000000000000000, 0.7281297976037928166, 1.000000000000000000),
 ( 1.000000000000000000, 0.7303421699394607725, 1.000000000000000000),
 ( 1.000000000000000000, 0.7347816800819075844, 1.000000000000000000),
 ( 1.000000000000000000, 0.7370157269304339342, 1.000000000000000000),
 ( 1.000000000000000000, 0.7414551773342464847, 1.000000000000000000),
 ( 1.000000000000000000, 0.7436721206528805750, 1.000000000000000000),
 ( 1.000000000000000000, 0.7481000004184793495, 1.000000000000000000),
 ( 1.000000000000000000, 0.7503097518100502183, 1.000000000000000000),
 ( 1.000000000000000000, 0.7535650796322814760, 1.000000000000000000),
 ( 1.000000000000000000, 0.7546356077320767186, 1.000000000000000000),
 ( 1.000000000000000000, 0.7567795476600497340, 1.000000000000000000),
 ( 1.000000000000000000, 0.7578196914837743714, 1.000000000000000000),
 ( 1.000000000000000000, 0.7598654411870863212, 1.000000000000000000),
 ( 1.000000000000000000, 0.7609201108797726265, 1.000000000000000000),
 ( 1.000000000000000000, 0.7623394039255712018, 1.000000000000000000),
 ( 1.000000000000000000, 0.7627894744114459558, 1.000000000000000000),
 ( 1.000000000000000000, 0.7636875520120792737, 1.000000000000000000),
 ( 1.000000000000000000, 0.7641335257168972994, 1.000000000000000000),
 ( 1.000000000000000000, 0.7648273350269854109, 1.000000000000000000),
 ( 1.000000000000000000, 0.7650953292469473421, 1.000000000000000000),
 ( 1.000000000000000000, 0.7654348438089222384, 1.000000000000000000),
 ( 1.000000000000000000, 0.7655295672395808770, 1.000000000000000000),
 ( 1.000000000000000000, 0.7658803372796719744, 1.000000000000000000),
 ( 1.000000000000000000, 0.7660964688172507975, 1.000000000000000000),
 ( 1.000000000000000000, 0.7664962223276450271, 1.000000000000000000),
 ( 1.000000000000000000, 0.7666512733835504356, 1.000000000000000000),
 ( 1.000000000000000000, 0.7669460009057023075, 1.000000000000000000),
 ( 1.000000000000000000, 0.7672250515910433721, 1.000000000000000000),
 ( 1.000000000000000000, 0.7674605854823706164, 1.000000000000000000) ) ) 
 REPRESENTATION_ITEM ( '' )  SURFACE ( )  );
#2278 = CARTESIAN_POINT ( 'NONE',  ( -14.33164928902141888, 3.764751920862127399, 19.69555741562118456 ) ) ;
#2279 = CARTESIAN_POINT ( 'NONE',  ( 23.90935330603390341, 5.794935362822004166, 19.00000000000000711 ) ) ;
#2280 = CARTESIAN_POINT ( 'NONE',  ( -3.837764682727034860, 1.246512081679053141, 121.9983582816048937 ) ) ;
#2281 = CARTESIAN_POINT ( 'NONE',  ( -13.80063236918899072, -13.99145063748610873, 124.3837589371636767 ) ) ;
#2282 = CARTESIAN_POINT ( 'NONE',  ( -9.880941114647304957, -11.02918059560177966, 121.6722860263349730 ) ) ;
#2283 = CARTESIAN_POINT ( 'NONE',  ( -10.63660999587733080, -3.475312508194680738, 3.610394695806004250 ) ) ;
#2284 = CARTESIAN_POINT ( 'NONE',  ( -9.918127156403512501, 4.974696345970936129, 20.08599856305920284 ) ) ;
#2285 = CARTESIAN_POINT ( 'NONE',  ( -11.79163431846607857, -4.966971813052334817, 70.05120874106587792 ) ) ;
#2286 = CARTESIAN_POINT ( 'NONE',  ( -13.75073446452386072, 3.930128059881294877, 20.13898228389054168 ) ) ;
#2287 = PLANE ( 'NONE',  #4726 ) ;
#2288 = ORIENTED_EDGE ( 'NONE', *, *, #2049, .T. ) ;
#2289 = LINE ( 'NONE', #4702, #1628 ) ;
#2290 = CARTESIAN_POINT ( 'NONE',  ( -9.469371459392418089, -11.05301626888520516, 121.6848054943028217 ) ) ;
#2291 = CARTESIAN_POINT ( 'NONE',  ( -50.00000000000000000, -8.000000000000001776, 16.50000000000000000 ) ) ;
#2292 = ADVANCED_FACE ( 'NONE', ( #4195 ), #2287, .F. ) ;
#2293 = CARTESIAN_POINT ( 'NONE',  ( 21.13965923657640644, 9.260340093183328847, 28.80489293930164152 ) ) ;
#2294 = CARTESIAN_POINT ( 'NONE',  ( 7.068427957826257213, -2.035441389719072625, 21.33302621062664528 ) ) ;
#2295 = CARTESIAN_POINT ( 'NONE',  ( -5.827428168302702716, 6.061545134675554891, 19.05927945617290575 ) ) ;
#2296 = CARTESIAN_POINT ( 'NONE',  ( -2.063400824745009299, 1.335625804450109477, 97.49437716547352295 ) ) ;
#2297 = CARTESIAN_POINT ( 'NONE',  ( -13.34448914501621353, 4.812400341907644652, 19.63766163858558045 ) ) ;
#2298 = FACE_OUTER_BOUND ( 'NONE', #5553, .T. ) ;
#2299 = ORIENTED_EDGE ( 'NONE', *, *, #2108, .F. ) ;
#2300 = CARTESIAN_POINT ( 'NONE',  ( 11.11023338188121379, 13.95297837671120078, 119.2538637644238975 ) ) ;
#2301 = CARTESIAN_POINT ( 'NONE',  ( 6.405706552498752870, 5.378542372723308596, 19.34129115864823234 ) ) ;
#2302 = CARTESIAN_POINT ( 'NONE',  ( -12.67636671575654184, 4.516343100944637534, 20.34923417829703141 ) ) ;
#2303 = CARTESIAN_POINT ( 'NONE',  ( 8.405172453132564669, 8.614844734202726784, 115.8311238661721205 ) ) ;
#2304 = ORIENTED_EDGE ( 'NONE', *, *, #5615, .T. ) ;
#2305 = CARTESIAN_POINT ( 'NONE',  ( 15.89331274090655732, 6.139473583956373659, 21.85672146081136447 ) ) ;
#2306 = CARTESIAN_POINT ( 'NONE',  ( 21.46678428417733286, 7.969585978499353907, 21.98016230517908198 ) ) ;
#2307 = CIRCLE ( 'NONE', #2403, 335.2562613131897251 ) ;
#2308 = CARTESIAN_POINT ( 'NONE',  ( -12.97611080817330986, -3.469216210295240188, 18.99999999999999289 ) ) ;
#2309 = ORIENTED_EDGE ( 'NONE', *, *, #1948, .F. ) ;
#2310 = CARTESIAN_POINT ( 'NONE',  ( -2.318794424212525129, 2.486602585505176322, -210.0000000000000000 ) ) ;
#2311 = CARTESIAN_POINT ( 'NONE',  ( -0.3963515366999460499, 4.824075016866845367, 121.9874697915236652 ) ) ;
#2312 = CARTESIAN_POINT ( 'NONE',  ( 11.49503417062329014, 19.22099914044803981, 121.3021455566987186 ) ) ;
#2313 = CARTESIAN_POINT ( 'NONE',  ( -11.90370607684538484, -6.943608001671008445, 121.7278089931411955 ) ) ;
#2314 =( BOUNDED_CURVE ( )  B_SPLINE_CURVE ( 3, ( #96, #2494, #2071, #1098 ),
 .UNSPECIFIED., .F., .F. ) 
 B_SPLINE_CURVE_WITH_KNOTS ( ( 4, 4 ),
 ( 0.7853981633974549403, 2.443460952792066543 ),
 .UNSPECIFIED. ) 
 CURVE ( )  GEOMETRIC_REPRESENTATION_ITEM ( )  RATIONAL_B_SPLINE_CURVE ( ( 1.000000000000000000, 0.7837268050771071248, 0.7837268050771071248, 1.000000000000000000 ) ) 
 REPRESENTATION_ITEM ( '' )  );
#2315 = CARTESIAN_POINT ( 'NONE',  ( -10.57362761860988165, 6.177294088433823660, 19.16368111834616883 ) ) ;
#2316 = CARTESIAN_POINT ( 'NONE',  ( -15.47601497396535564, 4.614643988594853141, 19.00000000000000000 ) ) ;
#2317 = DIRECTION ( 'NONE',  ( 1.000000000000000000, 0.000000000000000000, 0.000000000000000000 ) ) ;
#2318 = VERTEX_POINT ( 'NONE', #1734 ) ;
#2319 = CARTESIAN_POINT ( 'NONE',  ( 14.93931519863505919, 17.27304729183471821, 121.2226538270397356 ) ) ;
#2320 = CARTESIAN_POINT ( 'NONE',  ( -11.16704378242643259, -5.997999191214138826, 121.7736424572745619 ) ) ;
#2321 = CARTESIAN_POINT ( 'NONE',  ( -12.29946476712515846, -3.000000000000009770, 13.04091272864831019 ) ) ;
#2322 = B_SPLINE_CURVE_WITH_KNOTS ( 'NONE', 3,
 ( #3119, #1563, #3678, #2629 ),
 .UNSPECIFIED., .F., .F.,
 ( 4, 4 ),
 ( -5.999925946416831774E-08, -2.791109383129949302E-08 ),
 .UNSPECIFIED. ) ;
#2323 = CARTESIAN_POINT ( 'NONE',  ( 18.44801965658930598, 4.749951326780573524, 2.540845733246348992 ) ) ;
#2324 = PLANE ( 'NONE',  #4673 ) ;
#2325 = CARTESIAN_POINT ( 'NONE',  ( -8.674541602950064600, 5.542286449219409050, 19.44117378884824987 ) ) ;
#2326 = CARTESIAN_POINT ( 'NONE',  ( 2.022443973827475538, 3.091776837941850431, 70.05120874106586371 ) ) ;
#2327 = CARTESIAN_POINT ( 'NONE',  ( -13.03013083643179471, 4.193455468282628829, 20.62630564573496983 ) ) ;
#2328 = CARTESIAN_POINT ( 'NONE',  ( 4.622190283342595407, 3.169839057142613825, 119.8265543793996812 ) ) ;
#2329 = ORIENTED_EDGE ( 'NONE', *, *, #1003, .F. ) ;
#2330 = CARTESIAN_POINT ( 'NONE',  ( 11.50860791144310191, 15.24613224909891862, 121.4673997562391463 ) ) ;
#2331 = CARTESIAN_POINT ( 'NONE',  ( 3.980637286277881159, 5.135165619541006699, 19.33104516367778913 ) ) ;
#2332 = CARTESIAN_POINT ( 'NONE',  ( -12.60076048871407117, 4.695918514407685151, 20.07784034956344144 ) ) ;
#2333 = CARTESIAN_POINT ( 'NONE',  ( 18.64443578544966584, 3.605480039261439007, 14.99999999999999112 ) ) ;
#2334 = ORIENTED_EDGE ( 'NONE', *, *, #6166, .F. ) ;
#2335 = CARTESIAN_POINT ( 'NONE',  ( 13.99999999999999822, -9.573965526745718435, 2.999999999999999112 ) ) ;
#2336 = CARTESIAN_POINT ( 'NONE',  ( -16.55733765285368619, -13.99145063748610518, 123.8937779930960374 ) ) ;
#2337 = CARTESIAN_POINT ( 'NONE',  ( 13.76327626133416437, 5.941474756706098148, 20.12289059060677943 ) ) ;
#2338 = CARTESIAN_POINT ( 'NONE',  ( -13.35433702989587168, 1.170902197462859506, 21.68132509295175936 ) ) ;
#2339 = ADVANCED_FACE ( 'NONE', ( #4768 ), #1284, .F. ) ;
#2340 = ORIENTED_EDGE ( 'NONE', *, *, #5226, .T. ) ;
#2341 = CARTESIAN_POINT ( 'NONE',  ( -13.84040990051860653, 2.856162743969195450, 19.26494873358369375 ) ) ;
#2342 = EDGE_CURVE ( 'NONE', #5483, #5683, #1240, .T. ) ;
#2343 = CARTESIAN_POINT ( 'NONE',  ( 17.39317371629045539, 1.101399574731807496, -3.441482870468123512 ) ) ;
#2344 = CARTESIAN_POINT ( 'NONE',  ( -9.305663677798866829, -3.944090551305033721, 121.8644300777587546 ) ) ;
#2345 = PRODUCT_CONTEXT ( 'NONE', #6160, 'mechanical' ) ;
#2346 = EDGE_CURVE ( 'NONE', #6335, #6304, #1804, .T. ) ;
#2347 = CARTESIAN_POINT ( 'NONE',  ( -10.38184139817131602, 5.627752567052010768, 19.43251246641587571 ) ) ;
#2348 = CARTESIAN_POINT ( 'NONE',  ( -15.22580970564702341, 4.414428012192870732, 19.06103405807069606 ) ) ;
#2349 = LINE ( 'NONE', #4735, #3910 ) ;
#2350 = ORIENTED_EDGE ( 'NONE', *, *, #2863, .F. ) ;
#2351 = LINE ( 'NONE', #2859, #1518 ) ;
#2352 = CARTESIAN_POINT ( 'NONE',  ( -11.70844413014902763, -6.655338452326024168, 121.7413738251042474 ) ) ;
#2353 = CARTESIAN_POINT ( 'NONE',  ( 13.29299180228655075, 3.385081855200711587, 3.711298531912551546 ) ) ;
#2354 = EDGE_CURVE ( 'NONE', #5548, #3951, #4265, .T. ) ;
#2355 = CARTESIAN_POINT ( 'NONE',  ( 12.99999999999999822, -3.475312508194680738, 3.610394695806004250 ) ) ;
#2356 = CARTESIAN_POINT ( 'NONE',  ( -8.183980320749990156, 8.776244419429952259, -210.0000000000000284 ) ) ;
#2357 = CARTESIAN_POINT ( 'NONE',  ( -6.732303206341687662, 5.324523562464830384, 19.45262629051534731 ) ) ;
#2358 = CARTESIAN_POINT ( 'NONE',  ( 0.4916795252542659478, 3.816012013003547310, 15.00000000000000000 ) ) ;
#2359 = CARTESIAN_POINT ( 'NONE',  ( -14.17071700993196437, 6.262572811457558508, 19.00000000000000000 ) ) ;
#2360 = CARTESIAN_POINT ( 'NONE',  ( 18.63649051178633442, 18.06247228545159444, 122.2349370627968597 ) ) ;
#2361 = ORIENTED_EDGE ( 'NONE', *, *, #5421, .F. ) ;
#2362 = CARTESIAN_POINT ( 'NONE',  ( -1.893225599043499408, -7.412613067773349940, 121.9377774497856848 ) ) ;
#2363 = CARTESIAN_POINT ( 'NONE',  ( 3.165828271341371014, 5.075382449034970378, 19.32757611822298216 ) ) ;
#2364 = CARTESIAN_POINT ( 'NONE',  ( -13.27907151364236782, 5.098312787663775936, 19.43385078205112038 ) ) ;
#2365 = CARTESIAN_POINT ( 'NONE',  ( 19.51079583082756486, 6.001697280927651867, 24.15118135527031029 ) ) ;
#2366 = ORIENTED_EDGE ( 'NONE', *, *, #928, .F. ) ;
#2367 = AXIS2_PLACEMENT_3D ( 'NONE', #5797, #5372, #2437 ) ;
#2368 = CARTESIAN_POINT ( 'NONE',  ( 14.66616383513879818, 16.18338385139124114, 121.2859238891044953 ) ) ;
#2369 = ADVANCED_FACE ( 'NONE', ( #6258 ), #3804, .T. ) ;
#2370 = CARTESIAN_POINT ( 'NONE',  ( -13.48897700243480813, 1.875107915034299522, 19.00000000000010303 ) ) ;
#2371 = ORIENTED_EDGE ( 'NONE', *, *, #3816, .T. ) ;
#2372 = CARTESIAN_POINT ( 'NONE',  ( -13.83940645267199621, 2.703483447217901237, 19.29199719449569983 ) ) ;
#2373 = DIRECTION ( 'NONE',  ( -0.000000000000000000, 1.000000000000000000, -0.000000000000000000 ) ) ;
#2374 = CARTESIAN_POINT ( 'NONE',  ( 19.18961475876431422, 2.197965526380002643, 19.00000000000001421 ) ) ;
#2375 = CARTESIAN_POINT ( 'NONE',  ( -10.92844908039088203, 5.174854214388732387, 19.83215286442240810 ) ) ;
#2376 = CARTESIAN_POINT ( 'NONE',  ( -15.48923195085394333, 5.160580258037568591, 19.00000000000000000 ) ) ;
#2377 = ORIENTED_EDGE ( 'NONE', *, *, #4321, .F. ) ;
#2378 = CARTESIAN_POINT ( 'NONE',  ( 18.00000000000000355, -3.000000000000000888, -5.026757405899497200E-16 ) ) ;
#2379 = CARTESIAN_POINT ( 'NONE',  ( -9.651497404110116918, -7.761749566875031370, 121.7702674547123252 ) ) ;
#2380 = LINE ( 'NONE', #2014, #2098 ) ;
#2381 = EDGE_CURVE ( 'NONE', #578, #4239, #4798, .T. ) ;
#2382 = CARTESIAN_POINT ( 'NONE',  ( -50.00000000000000000, -3.000000000000009770, 13.04091272864831019 ) ) ;
#2383 = CARTESIAN_POINT ( 'NONE',  ( -11.33608626170361333, 4.449242833974789590, 7.577321725440657296 ) ) ;
#2384 = CARTESIAN_POINT ( 'NONE',  ( -8.316224620751096808, 5.282434234797815265, 19.65000559016736048 ) ) ;
#2385 = CARTESIAN_POINT ( 'NONE',  ( -7.444444925680341996, 4.985463525375059213, 14.99999999999998934 ) ) ;
#2386 = CARTESIAN_POINT ( 'NONE',  ( -13.16998234743078910, 4.433947881269093116, 20.08634140560392112 ) ) ;
#2387 = PLANE ( 'NONE',  #2088 ) ;
#2388 = EDGE_LOOP ( 'NONE', ( #3838, #4657, #3462, #3351, #2744, #3567, #29 ) ) ;
#2389 = CARTESIAN_POINT ( 'NONE',  ( -6.644753401899447631, -8.353065891702241785, 121.8325441799150894 ) ) ;
#2390 = CARTESIAN_POINT ( 'NONE',  ( 20.91769573193801790, 7.708375040815923285, 21.62986911456226125 ) ) ;
#2391 = CARTESIAN_POINT ( 'NONE',  ( 3.122585062685291568, 5.688386358626067896, 19.06763115633029315 ) ) ;
#2392 = CARTESIAN_POINT ( 'NONE',  ( -13.34999182936751083, 5.672293839955732331, 19.16427340619538811 ) ) ;
#2393 = CARTESIAN_POINT ( 'NONE',  ( 5.846545669380672550, 5.842009739884816533, 125.0000000000000568 ) ) ;
#2394 = ORIENTED_EDGE ( 'NONE', *, *, #3408, .F. ) ;
#2395 = DIRECTION ( 'NONE',  ( -0.6819983600625022513, 0.7313537016191670181, -1.485617761692451402E-16 ) ) ;
#2396 = CARTESIAN_POINT ( 'NONE',  ( 22.30183423070062432, -2.742035237149293536, 15.82274121488353558 ) ) ;
#2397 = PRODUCT_DEFINITION_CONTEXT ( 'detailed design', #6368, 'design' ) ;
#2398 = CARTESIAN_POINT ( 'NONE',  ( -12.47197491323806418, 0.03861003281569096168, 19.00000000000251887 ) ) ;
#2399 = CARTESIAN_POINT ( 'NONE',  ( -10.38635081814607908, -8.357541666450584827, 115.8311238661721632 ) ) ;
#2400 = ORIENTED_EDGE ( 'NONE', *, *, #5082, .T. ) ;
#2401 = CARTESIAN_POINT ( 'NONE',  ( -13.69878719104115739, 3.307355867990087184, 21.39559352445636620 ) ) ;
#2402 = VECTOR ( 'NONE', #986, 1000.000000000000000 ) ;
#2403 = AXIS2_PLACEMENT_3D ( 'NONE', #5900, #2395, #3338 ) ;
#2404 = CARTESIAN_POINT ( 'NONE',  ( 16.93936256594662026, 24.96247228545158237, 122.9307062069870398 ) ) ;
#2405 = TOROIDAL_SURFACE ( 'NONE', #3235, 335.5000000000000000, 1.000000000000000444 ) ;
#2406 = CARTESIAN_POINT ( 'NONE',  ( 12.71689667732207774, 12.69640515207312426, 121.5147703971026942 ) ) ;
#2407 = AXIS2_PLACEMENT_3D ( 'NONE', #1617, #553, #615 ) ;
#2408 = CARTESIAN_POINT ( 'NONE',  ( -10.27409322635148392, 6.761245577231724369, 19.00000000000000000 ) ) ;
#2409 = CARTESIAN_POINT ( 'NONE',  ( -14.07580748877471954, 3.769751176573899798, 19.90612865567788958 ) ) ;
#2410 = CARTESIAN_POINT ( 'NONE',  ( -14.87483433091548690, -7.091450637486104824, 124.8094008515918603 ) ) ;
#2411 = DIRECTION ( 'NONE',  ( 1.000000000000000000, 0.000000000000000000, 0.000000000000000000 ) ) ;
#2412 = CARTESIAN_POINT ( 'NONE',  ( -10.06955152453123326, -7.797733801039042234, 119.4802983320162184 ) ) ;
#2413 = CARTESIAN_POINT ( 'NONE',  ( 24.79999999999999005, 4.000000000000000000, 15.00000000000000178 ) ) ;
#2414 = CARTESIAN_POINT ( 'NONE',  ( 21.40514957059388834, 6.308214811817387080, 19.00000000000292388 ) ) ;
#2415 = CARTESIAN_POINT ( 'NONE',  ( -6.759840273130776289, 5.097923167127547117, 19.66342663153580617 ) ) ;
#2416 = CARTESIAN_POINT ( 'NONE',  ( -10.84285830406713025, 1.987973670012607608, 42.40200746962064926 ) ) ;
#2417 = AXIS2_PLACEMENT_3D ( 'NONE', #4921, #3902, #1380 ) ;
#2418 = CARTESIAN_POINT ( 'NONE',  ( -14.26019353780651855, 6.214964700331158554, 19.00000000000000000 ) ) ;
#2419 = CARTESIAN_POINT ( 'NONE',  ( -15.33853058486728749, -2.881966011250262749, 15.99999999999999645 ) ) ;
#2420 = VERTEX_POINT ( 'NONE', #5311 ) ;
#2421 = CARTESIAN_POINT ( 'NONE',  ( -7.282976605807269799, -8.683883186280441535, 121.8099240306407296 ) ) ;
#2422 = CARTESIAN_POINT ( 'NONE',  ( 0.6810471149220220788, 4.722904865106412942, 19.50254730591962371 ) ) ;
#2423 = CARTESIAN_POINT ( 'NONE',  ( -12.86292210017244741, 4.139451781325384161, 21.22274061541934032 ) ) ;
#2424 = CARTESIAN_POINT ( 'NONE',  ( 17.86205921382694939, 10.92540736425181436, 70.05120874106599160 ) ) ;
#2425 = ORIENTED_EDGE ( 'NONE', *, *, #3821, .T. ) ;
#2426 = CARTESIAN_POINT ( 'NONE',  ( -14.91358701150748090, 2.860582160597790580, 15.97720019728328822 ) ) ;
#2427 = CARTESIAN_POINT ( 'NONE',  ( -8.223247338183940158, -3.459650610356081568, 19.00000000000418154 ) ) ;
#2428 = CARTESIAN_POINT ( 'NONE',  ( -13.81624552746319878, 1.660704874512919815, 24.15118135527027121 ) ) ;
#2429 = ORIENTED_EDGE ( 'NONE', *, *, #3750, .F. ) ;
#2430 = DIRECTION ( 'NONE',  ( 0.7313537016191671292, 0.6819983600625021403, 0.000000000000000000 ) ) ;
#2431 = CARTESIAN_POINT ( 'NONE',  ( 9.083754885924774314, 16.31001444312778759, 121.5252690409058545 ) ) ;
#2432 = CARTESIAN_POINT ( 'NONE',  ( 20.44017684972840243, 2.506233700177286305, 13.77719725862382383 ) ) ;
#2433 = CARTESIAN_POINT ( 'NONE',  ( -9.330424480594906811, -9.002564434145011063, 119.9196257367680261 ) ) ;
#2434 = CARTESIAN_POINT ( 'NONE',  ( -10.74984383871082905, 4.708947619367503279, 20.61365627855165883 ) ) ;
#2435 = CARTESIAN_POINT ( 'NONE',  ( -13.69646991292741411, 3.520900582126856193, 20.74752879392188021 ) ) ;
#2436 = DIRECTION ( 'NONE',  ( -0.000000000000000000, 1.000000000000000000, -0.000000000000000000 ) ) ;
#2437 = DIRECTION ( 'NONE',  ( 0.7313537016191670181, 0.6819983600625021403, 0.000000000000000000 ) ) ;
#2438 = CARTESIAN_POINT ( 'NONE',  ( 20.90385746121794597, 24.96247228545162500, 122.9356600315429944 ) ) ;
#2439 = EDGE_CURVE ( 'NONE', #852, #5424, #2690, .T. ) ;
#2440 = CARTESIAN_POINT ( 'NONE',  ( 21.34215274189401867, 6.728597602959204060, 21.06548135758857399 ) ) ;
#2441 = CARTESIAN_POINT ( 'NONE',  ( -8.389585686842696788, 4.507942804351590560, 20.95602986280056612 ) ) ;
#2442 = CARTESIAN_POINT ( 'NONE',  ( -10.67009158359509513, -4.144682239559574377, 97.49437716547352295 ) ) ;
#2443 = CARTESIAN_POINT ( 'NONE',  ( -14.11015965379660031, 5.949227114652399173, 19.00000000000000000 ) ) ;
#2444 = DIRECTION ( 'NONE',  ( 0.000000000000000000, 0.000000000000000000, -1.000000000000000000 ) ) ;
#2445 = VERTEX_POINT ( 'NONE', #3379 ) ;
#2446 = CARTESIAN_POINT ( 'NONE',  ( 19.70608084859521014, 6.949951326780576366, 9.675665299435893374 ) ) ;
#2447 = CARTESIAN_POINT ( 'NONE',  ( -7.127636829097502513, -8.608606867345246272, 121.8154344489756227 ) ) ;
#2448 = CARTESIAN_POINT ( 'NONE',  ( -0.1671526742239440588, 4.096045791165916938, 20.23146992125471755 ) ) ;
#2449 = CARTESIAN_POINT ( 'NONE',  ( -13.31745047930158954, 5.079727227739745388, 19.43402913695290479 ) ) ;
#2450 = CARTESIAN_POINT ( 'NONE',  ( 21.91928745883822671, 5.780550485768654490, 15.00000000000002309 ) ) ;
#2451 = EDGE_LOOP ( 'NONE', ( #227, #5322, #3489, #4826 ) ) ;
#2452 = CARTESIAN_POINT ( 'NONE',  ( 18.44801965658932730, -4.749951326780575300, 2.540845733246349436 ) ) ;
#2453 = CARTESIAN_POINT ( 'NONE',  ( -11.25672064626204794, -4.696178767820459399, 7.127216953484122541 ) ) ;
#2454 = EDGE_CURVE ( 'NONE', #3510, #154, #5325, .T. ) ;
#2455 = EDGE_CURVE ( 'NONE', #3762, #609, #6314, .T. ) ;
#2456 = CARTESIAN_POINT ( 'NONE',  ( -6.350794397315904227, -4.220019439555551699, 19.00000000000166978 ) ) ;
#2457 = AXIS2_PLACEMENT_3D ( 'NONE', #6138, #680, #6064 ) ;
#2458 = CARTESIAN_POINT ( 'NONE',  ( -8.963300192799422916, -5.159800046447732491, 70.05120874106576423 ) ) ;
#2459 = VERTEX_POINT ( 'NONE', #4825 ) ;
#2460 = EDGE_CURVE ( 'NONE', #1305, #3522, #2322, .T. ) ;
#2461 = CARTESIAN_POINT ( 'NONE',  ( -16.00000000000000000, 0.8771390848698150666, 18.99999999999998579 ) ) ;
#2462 = CARTESIAN_POINT ( 'NONE',  ( 12.99999999999999822, 3.937137084022294786, 3.222877864560450778 ) ) ;
#2463 = CARTESIAN_POINT ( 'NONE',  ( 22.72086259848261136, 4.667153758600063540, 19.00000000000000711 ) ) ;
#2464 = CARTESIAN_POINT ( 'NONE',  ( -11.34642416089263328, 6.446952012797523501, 19.05537699246741212 ) ) ;
#2465 = CARTESIAN_POINT ( 'NONE',  ( -14.76311302695877181, 4.026369498945087777, 19.29860161374289618 ) ) ;
#2466 = CARTESIAN_POINT ( 'NONE',  ( 24.80000000000000426, -9.573965526745718435, 19.00000000000000000 ) ) ;
#2467 = DIRECTION ( 'NONE',  ( -0.6819983600624943687, 0.7313537016191744566, 0.000000000000000000 ) ) ;
#2468 = CARTESIAN_POINT ( 'NONE',  ( 20.25622001778694781, 24.96247228545162145, 123.0772142709851380 ) ) ;
#2469 = CARTESIAN_POINT ( 'NONE',  ( 19.43757827557828222, 24.96247228545161789, 124.0423708576186499 ) ) ;
#2470 = CARTESIAN_POINT ( 'NONE',  ( -8.804182482084856431, 6.393762107025754204, 19.05690867541341049 ) ) ;
#2471 = CARTESIAN_POINT ( 'NONE',  ( -9.164166577574759387, 2.269099131343914610, 42.40200746962074163 ) ) ;
#2472 = CARTESIAN_POINT ( 'NONE',  ( -13.84666273697603955, 5.745151769698403577, 19.05622234687481864 ) ) ;
#2473 = CARTESIAN_POINT ( 'NONE',  ( -18.49419521046749182, -7.091450637486104824, 123.1599523958864495 ) ) ;
#2474 = ORIENTED_EDGE ( 'NONE', *, *, #4366, .T. ) ;
#2475 =( BOUNDED_CURVE ( )  B_SPLINE_CURVE ( 3, ( #6322, #3325, #5286, #4981 ),
 .UNSPECIFIED., .F., .F. ) 
 B_SPLINE_CURVE_WITH_KNOTS ( ( 4, 4 ),
 ( 0.7853981633974499443, 2.530727415391783364 ),
 .UNSPECIFIED. ) 
 CURVE ( )  GEOMETRIC_REPRESENTATION_ITEM ( )  RATIONAL_B_SPLINE_CURVE ( ( 1.000000000000000000, 0.7618584064576918724, 0.7618584064576918724, 1.000000000000000000 ) ) 
 REPRESENTATION_ITEM ( '' )  );
#2476 = CARTESIAN_POINT ( 'NONE',  ( -16.87441666054732892, -13.99145063748610340, 123.8022564524850821 ) ) ;
#2477 = CARTESIAN_POINT ( 'NONE',  ( -5.837723301031377154, -7.882961381184466987, 121.8601635807767849 ) ) ;
#2478 = CARTESIAN_POINT ( 'NONE',  ( -0.1331525098622984016, 6.274548464683775251, 19.00000000000000000 ) ) ;
#2479 = CARTESIAN_POINT ( 'NONE',  ( -12.69711094088005865, 4.218931452090645351, 21.21892780135011236 ) ) ;
#2480 = CARTESIAN_POINT ( 'NONE',  ( 12.10182080191877674, 17.38672538897214892, 125.0000000000000000 ) ) ;
#2481 = VERTEX_POINT ( 'NONE', #1405 ) ;
#2482 = LINE ( 'NONE', #4547, #3755 ) ;
#2483 = CARTESIAN_POINT ( 'NONE',  ( -11.36852581044377430, -4.668494298486259630, 7.761295548447311177 ) ) ;
#2484 = CARTESIAN_POINT ( 'NONE',  ( -7.155320436914846205, -4.057351971507035415, 21.61231885098200678 ) ) ;
#2485 = CARTESIAN_POINT ( 'NONE',  ( -7.786639377697289532, -5.064434024616349284, 70.05120874106614792 ) ) ;
#2486 = ORIENTED_EDGE ( 'NONE', *, *, #4847, .F. ) ;
#2487 = CARTESIAN_POINT ( 'NONE',  ( -0.3425547822561927358, -4.734617004478652191, 21.47160996356192797 ) ) ;
#2488 = CARTESIAN_POINT ( 'NONE',  ( 22.06322963245343161, 6.860993603516468475, 19.00000000000000711 ) ) ;
#2489 = CARTESIAN_POINT ( 'NONE',  ( 21.57879005317655796, 3.795863246593992546, 18.99999999999999289 ) ) ;
#2490 = CARTESIAN_POINT ( 'NONE',  ( -11.83070597470446650, 4.911143914456491011, 20.07010595213679593 ) ) ;
#2491 = VECTOR ( 'NONE', #1980, 1000.000000000000000 ) ;
#2492 = CARTESIAN_POINT ( 'NONE',  ( -14.74723229068819386, 4.058328641835307948, 19.29801180865980115 ) ) ;
#2493 = DIRECTION ( 'NONE',  ( 0.1736481776669309418, 0.000000000000000000, -0.9848077530122080203 ) ) ;
#2494 = CARTESIAN_POINT ( 'NONE',  ( 18.70923453950042159, -3.272198603780082760, 4.022268949713619257 ) ) ;
#2495 = CARTESIAN_POINT ( 'NONE',  ( -50.00000000000000000, -2.881966011250104653, 16.00000000000000000 ) ) ;
#2496 = AXIS2_PLACEMENT_3D ( 'NONE', #4897, #566, #4985 ) ;
#2497 = CARTESIAN_POINT ( 'NONE',  ( -11.03063915331193634, 5.094974746830581935, 5.845045092764125982 ) ) ;
#2498 = CARTESIAN_POINT ( 'NONE',  ( -9.162255276640212998, 7.029601845077805500, 19.00000000000000000 ) ) ;
#2499 = CARTESIAN_POINT ( 'NONE',  ( -7.521333833146720771, -2.081749161292070216, 97.49437716547316768 ) ) ;
#2500 = CARTESIAN_POINT ( 'NONE',  ( -13.58910424463129019, 4.659563846288286904, 19.64606176932806036 ) ) ;
#2501 = CARTESIAN_POINT ( 'NONE',  ( -17.41247656760673834, -7.091450637486102160, 123.7620572938969019 ) ) ;
#2502 = ORIENTED_EDGE ( 'NONE', *, *, #1038, .T. ) ;
#2503 = VECTOR ( 'NONE', #2609, 1000.000000000000000 ) ;
#2504 = CARTESIAN_POINT ( 'NONE',  ( -16.00000000000000000, 2.881966011250104653, 16.00000000000000000 ) ) ;
#2505 = CARTESIAN_POINT ( 'NONE',  ( -2.203415817489142725, 5.415782509157965663, 19.18323445614212019 ) ) ;
#2506 = CARTESIAN_POINT ( 'NONE',  ( -14.07497990911701535, 6.311903005979425885, 19.00000000000000000 ) ) ;
#2507 = CARTESIAN_POINT ( 'NONE',  ( 18.38881159147382149, 11.45531264077785316, 70.05120874106590634 ) ) ;
#2508 = ORIENTED_EDGE ( 'NONE', *, *, #6059, .F. ) ;
#2509 = LINE ( 'NONE', #4484, #4273 ) ;
#2510 = CARTESIAN_POINT ( 'NONE',  ( -2.762282512133536372, -4.881653725801903043, 18.99999999999998934 ) ) ;
#2511 = CARTESIAN_POINT ( 'NONE',  ( 8.894396976156849988, 5.203055712632572494, 19.81197298590446110 ) ) ;
#2512 = CARTESIAN_POINT ( 'NONE',  ( -11.95985946550634438, -1.272127609226753053, 24.15118135527027476 ) ) ;
#2513 = VERTEX_POINT ( 'NONE', #2568 ) ;
#2514 = CARTESIAN_POINT ( 'NONE',  ( -13.71862150502138178, 1.885072081004205424, 21.67141539590284083 ) ) ;
#2515 = CARTESIAN_POINT ( 'NONE',  ( -9.463347583563521681, -7.535154654362612447, 121.7810042157509542 ) ) ;
#2516 = CARTESIAN_POINT ( 'NONE',  ( 21.83683840235594076, 7.153218929581888652, 21.06448855792289976 ) ) ;
#2517 = CARTESIAN_POINT ( 'NONE',  ( 13.99999999999999822, -3.341173369522269176, 4.000000000000000000 ) ) ;
#2518 = ORIENTED_EDGE ( 'NONE', *, *, #40, .F. ) ;
#2519 = CARTESIAN_POINT ( 'NONE',  ( -11.68731186091298646, 6.138681856241194446, 19.16225051542050650 ) ) ;
#2520 = CARTESIAN_POINT ( 'NONE',  ( -13.70686018838809872, 3.498758921518455800, 20.75321068049324325 ) ) ;
#2521 = DIRECTION ( 'NONE',  ( 0.6819983600624943687, -0.7313537016191744566, -0.000000000000000000 ) ) ;
#2522 = CARTESIAN_POINT ( 'NONE',  ( -12.02953677035120528, 6.986260468964501591, 18.99999999999999289 ) ) ;
#2523 =( NAMED_UNIT ( * ) PLANE_ANGLE_UNIT ( ) SI_UNIT ( $, .RADIAN. ) );
#2524 = EDGE_CURVE ( 'NONE', #6335, #5149, #4131, .T. ) ;
#2525 = CARTESIAN_POINT ( 'NONE',  ( -16.00000000000739675, 4.278704876181402383, 21.50000000000000000 ) ) ;
#2526 = CARTESIAN_POINT ( 'NONE',  ( 31.09986358972318143, 18.06247228545173300, 121.6516177853469713 ) ) ;
#2527 = CARTESIAN_POINT ( 'NONE',  ( -9.036797779470058245, 5.837977441285952196, 19.27636675252782794 ) ) ;
#2528 = CARTESIAN_POINT ( 'NONE',  ( -11.80479288887594080, -2.113134999445568596, 70.05120874106592055 ) ) ;
#2529 = CARTESIAN_POINT ( 'NONE',  ( -13.16925468717845149, 4.107621253364520442, 20.64208640419066398 ) ) ;
#2530 = FACE_OUTER_BOUND ( 'NONE', #2106, .T. ) ;
#2531 = ORIENTED_EDGE ( 'NONE', *, *, #3594, .F. ) ;
#2532 = ADVANCED_FACE ( 'NONE', ( #3054 ), #6096, .T. ) ;
#2533 = CARTESIAN_POINT ( 'NONE',  ( -50.00000000000000000, 5.001503505445727527, 6.913426270597010870 ) ) ;
#2534 = VECTOR ( 'NONE', #4616, 1000.000000000000000 ) ;
#2535 = CARTESIAN_POINT ( 'NONE',  ( -1.453874458642229417, 3.821456308787719802, 21.12570120074729374 ) ) ;
#2536 = CARTESIAN_POINT ( 'NONE',  ( 13.20731335923464300, 4.579800186380456495, 15.00000000000000533 ) ) ;
#2537 = CARTESIAN_POINT ( 'NONE',  ( -13.40493257712988218, 5.036091919829422281, 19.43438829642058607 ) ) ;
#2538 = CARTESIAN_POINT ( 'NONE',  ( 13.26068275701862120, 16.94524734036479074, 115.8311238661720921 ) ) ;
#2539 = VERTEX_POINT ( 'NONE', #1604 ) ;
#2540 = CARTESIAN_POINT ( 'NONE',  ( 15.15291200352694112, 16.20033310523271908, 97.49437716547349453 ) ) ;
#2541 = CARTESIAN_POINT ( 'NONE',  ( -13.87989334875721426, -13.99145063748610518, 124.6773615710613257 ) ) ;
#2542 = CARTESIAN_POINT ( 'NONE',  ( 10.40340328233132006, 5.991855556359810819, 19.35783239018151036 ) ) ;
#2543 = B_SPLINE_CURVE_WITH_KNOTS ( 'NONE', 3,
 ( #2073, #2043, #1589, #6147, #1342, #4291, #3213, #5626, #863, #5211, #831, #2244, #3737, #763, #374, #5144, #2344, #4190, #3281, #4322, #4255, #4222, #5761, #4795, #343, #5698, #2788, #6182, #2313, #5245, #312, #727, #6254, #5275, #3663, #1730, #1832, #3315, #1279, #3801, #5179, #2756, #2686, #2822, #3701, #6286, #2282, #1206, #1763, #3179, #5662, #4663, #242, #3252, #799, #4696, #2212, #4730, #1244, #6218, #2723, #277, #1799, #3772, #5732, #1310, #4765, #5792, #6373, #3834, #4853, #5368, #1862, #949, #3897, #2406, #3407, #5428, #2914, #3347 ),
 .UNSPECIFIED., .F., .F.,
 ( 4, 2, 2, 2, 2, 2, 2, 2, 2, 2, 2, 2, 2, 2, 2, 2, 2, 2, 2, 2, 2, 2, 2, 2, 2, 2, 2, 2, 2, 2, 2, 2, 2, 2, 2, 2, 2, 2, 2, 4 ),
 ( 0.000000000000000000, 0.004905520290188386361, 0.009811040580376767517, 0.01471656087056514954, 0.01962208116075353156, 0.02452760145094191532, 0.02698036159603611067, 0.02943312174113029908, 0.03065950181367739155, 0.03188588188622448749, 0.03249907192249803373, 0.03311226195877157996, 0.03372545199504512620, 0.03403204701318190278, 0.03433864203131867937, 0.03495183206759222561, 0.03556502210386576490, 0.03617821214013931114, 0.03679140217641285737, 0.03740459221268639667, 0.03801778224895994290, 0.03863097228523348220, 0.03924416232150702843, 0.03985735235778058161, 0.04016394737591735126, 0.04047054239405412784, 0.04169692246660122031, 0.04292330253914832666, 0.04414968261169543995, 0.04660244275678964571, 0.04905520290188385146, 0.05396072319207226992, 0.05641348333716648955, 0.05886624348226069531, 0.06131900362735490800, 0.06377176377244911376, 0.06867728406263753915, 0.07358280435282595067, 0.07603556449792017724, 0.07848832464301438994 ),
 .UNSPECIFIED. ) ;
#2544 = CARTESIAN_POINT ( 'NONE',  ( -8.373184539111383273, -5.124796280061185705, 70.05120874106580686 ) ) ;
#2545 = ORIENTED_EDGE ( 'NONE', *, *, #2189, .T. ) ;
#2546 = CARTESIAN_POINT ( 'NONE',  ( -12.11993209437918928, -0.7823850892683708036, 21.68788984938336384 ) ) ;
#2547 = CARTESIAN_POINT ( 'NONE',  ( -50.00000000000000000, -2.500000000000000000, 14.99999999999999112 ) ) ;
#2548 = CARTESIAN_POINT ( 'NONE',  ( 21.90952438391339285, 7.674948470301067083, 21.58493195714723001 ) ) ;
#2549 = EDGE_CURVE ( 'NONE', #671, #5483, #5779, .T. ) ;
#2550 = CARTESIAN_POINT ( 'NONE',  ( -16.00000000000000000, 4.278704876181099515, 19.00000000000000000 ) ) ;
#2551 = CARTESIAN_POINT ( 'NONE',  ( -10.67160492786914716, -5.148006910641927725, 19.00000000000000000 ) ) ;
#2552 = ORIENTED_EDGE ( 'NONE', *, *, #775, .F. ) ;
#2553 = CARTESIAN_POINT ( 'NONE',  ( -15.54418133801175195, 4.493094051036662151, 19.00000000000000000 ) ) ;
#2554 = AXIS2_PLACEMENT_3D ( 'NONE', #1399, #2819, #5757 ) ;
#2555 = CARTESIAN_POINT ( 'NONE',  ( -9.092756130899008582, -6.626287546615139412, 119.5431544228343341 ) ) ;
#2556 = LINE ( 'NONE', #1133, #1370 ) ;
#2557 = LINE ( 'NONE', #2586, #544 ) ;
#2558 = CARTESIAN_POINT ( 'NONE',  ( -9.648665438429677721, 4.825633933829649003, 20.36064044054469235 ) ) ;
#2559 = CARTESIAN_POINT ( 'NONE',  ( -12.41311702799431771, -6.043401503288515997, 97.49437716547343769 ) ) ;
#2560 = CARTESIAN_POINT ( 'NONE',  ( -14.42725275372801619, 5.746775134771216820, 19.00000000000000000 ) ) ;
#2561 = LINE ( 'NONE', #5502, #6004 ) ;
#2562 = ORIENTED_EDGE ( 'NONE', *, *, #1303, .T. ) ;
#2563 = CARTESIAN_POINT ( 'NONE',  ( -12.96297430770055215, 4.092640411432379999, 21.20160499251816333 ) ) ;
#2564 = EDGE_CURVE ( 'NONE', #4427, #22, #5362, .T. ) ;
#2565 = CARTESIAN_POINT ( 'NONE',  ( -8.656832840827524578, -10.98543644616047743, 121.7121435653459827 ) ) ;
#2566 = CARTESIAN_POINT ( 'NONE',  ( 18.48881244420145364, 7.286004963498083242, 20.17514269977245434 ) ) ;
#2567 = CARTESIAN_POINT ( 'NONE',  ( -0.6013554260431088760, 3.785339804146011566, 21.14700345129907078 ) ) ;
#2568 = CARTESIAN_POINT ( 'NONE',  ( -11.90752541248207130, 6.849999999999995204, 10.81811419226828619 ) ) ;
#2569 = CARTESIAN_POINT ( 'NONE',  ( -12.97677175492504453, 4.120389533051607600, 20.92226071511317187 ) ) ;
#2570 = CARTESIAN_POINT ( 'NONE',  ( 19.28566731617731378, -4.461727246135010816, 7.291381676313009486 ) ) ;
#2571 = ORIENTED_EDGE ( 'NONE', *, *, #4354, .T. ) ;
#2572 = LINE ( 'NONE', #5026, #1676 ) ;
#2573 = ADVANCED_FACE ( 'NONE', ( #4576 ), #5125, .F. ) ;
#2574 = CARTESIAN_POINT ( 'NONE',  ( 14.83571580395612166, 16.50011724121976542, 121.2634259298974087 ) ) ;
#2575 = CARTESIAN_POINT ( 'NONE',  ( 10.45820585988663787, 5.708584062444181484, 19.56732499439407036 ) ) ;
#2576 = CARTESIAN_POINT ( 'NONE',  ( -0.6476936352036001265, -3.050239629124889440, 70.05120874106560791 ) ) ;
#2577 = VERTEX_POINT ( 'NONE', #2124 ) ;
#2578 = CARTESIAN_POINT ( 'NONE',  ( 0.08618003871651215564, -4.658644955240236030, 21.46376998204408437 ) ) ;
#2579 = DIRECTION ( 'NONE',  ( -0.08782283631555487524, 0.8626791767894504970, 0.4980680549436666271 ) ) ;
#2580 = CARTESIAN_POINT ( 'NONE',  ( 22.12360260939909296, 6.960685031930137434, 19.00000000000103384 ) ) ;
#2581 = CARTESIAN_POINT ( 'NONE',  ( -12.45836014646247847, -2.499999999999999112, 13.84216167792365759 ) ) ;
#2582 = CARTESIAN_POINT ( 'NONE',  ( -13.82192361669521397, 3.562680078268354755, 20.46410765420269229 ) ) ;
#2583 = CARTESIAN_POINT ( 'NONE',  ( 20.38410732583066931, 2.577498541357487571, 13.52094453300079380 ) ) ;
#2584 = CARTESIAN_POINT ( 'NONE',  ( -9.355380149260714262, -9.003427020519009005, 119.9128829278316601 ) ) ;
#2585 = DIRECTION ( 'NONE',  ( -0.6819983600625022513, 0.7313537016191670181, -1.485617761692451402E-16 ) ) ;
#2586 = CARTESIAN_POINT ( 'NONE',  ( -16.00000000000000000, -8.000000000000001776, 16.50000000000000000 ) ) ;
#2587 = CARTESIAN_POINT ( 'NONE',  ( -9.377813759983187225, 6.735908008653490597, 19.00000000000000000 ) ) ;
#2588 = CARTESIAN_POINT ( 'NONE',  ( -13.67870082775000995, 4.056975829087935637, 15.00000000000001066 ) ) ;
#2589 = CARTESIAN_POINT ( 'NONE',  ( -13.73281855206657376, 4.547741630334010132, 19.65198604494662149 ) ) ;
#2590 = CARTESIAN_POINT ( 'NONE',  ( 24.80000000000000426, -8.000000000000003553, 19.00000000000000000 ) ) ;
#2591 = VERTEX_POINT ( 'NONE', #6052 ) ;
#2592 = CARTESIAN_POINT ( 'NONE',  ( 22.79173693857351068, 9.000000000000000000, 19.19279508673407619 ) ) ;
#2593 = CIRCLE ( 'NONE', #3953, 341.5000000000000000 ) ;
#2594 = CARTESIAN_POINT ( 'NONE',  ( 20.85680493198850982, 7.885322669481975133, 20.53757134956918406 ) ) ;
#2595 = CARTESIAN_POINT ( 'NONE',  ( -2.299251098029538642, 3.868833295231565828, 21.10459038271478605 ) ) ;
#2596 = CARTESIAN_POINT ( 'NONE',  ( 8.897889570550141514, 12.23598796411104672, 115.8311238661721205 ) ) ;
#2597 = VECTOR ( 'NONE', #1545, 1000.000000000000000 ) ;
#2598 = CARTESIAN_POINT ( 'NONE',  ( -13.30397484982120204, 4.833143705319263184, 19.63729889448398325 ) ) ;
#2599 = CARTESIAN_POINT ( 'NONE',  ( 19.25672064626204971, -4.696178767820459399, 7.127216953484122541 ) ) ;
#2600 = ORIENTED_EDGE ( 'NONE', *, *, #4830, .F. ) ;
#2601 = CARTESIAN_POINT ( 'NONE',  ( 14.85148756580864493, 16.06558027363793073, 97.49437716547349453 ) ) ;
#2602 = CARTESIAN_POINT ( 'NONE',  ( 7.373688562039387051, 4.316455016583836901, 21.68041551200454364 ) ) ;
#2603 = CARTESIAN_POINT ( 'NONE',  ( 7.146982177046847795, -0.6039545327292498156, 42.40200746962069900 ) ) ;
#2604 = EDGE_LOOP ( 'NONE', ( #1050, #2309, #2425, #3970, #2562, #1090, #3982, #4986 ) ) ;
#2605 = AXIS2_PLACEMENT_3D ( 'NONE', #5739, #5671, #287 ) ;
#2606 = CARTESIAN_POINT ( 'NONE',  ( -10.25891563134818263, -4.749951326780577965, 1.468383512879778419 ) ) ;
#2607 = LINE ( 'NONE', #2171, #4219 ) ;
#2608 = CARTESIAN_POINT ( 'NONE',  ( 21.50844666167697739, 7.458820469066584025, 18.99999999999824851 ) ) ;
#2609 = DIRECTION ( 'NONE',  ( 1.000000000000000000, 0.000000000000000000, 0.000000000000000000 ) ) ;
#2610 = CARTESIAN_POINT ( 'NONE',  ( 21.86909153733957822, 7.187938821660225130, 21.09217617372478770 ) ) ;
#2611 = ORIENTED_EDGE ( 'NONE', *, *, #4403, .F. ) ;
#2612 = CARTESIAN_POINT ( 'NONE',  ( -13.95576335763640685, 3.585245868703393679, 20.17974309296453583 ) ) ;
#2613 = CARTESIAN_POINT ( 'NONE',  ( -10.97020487112900256, 7.064854443356029634, 19.00000000000001421 ) ) ;
#2614 = CARTESIAN_POINT ( 'NONE',  ( -8.433443049050913132, -6.315114505167252368, 121.8349629017197486 ) ) ;
#2615 = CARTESIAN_POINT ( 'NONE',  ( -50.00000000000000000, 2.500000000000000444, 14.99999999999999112 ) ) ;
#2616 = CARTESIAN_POINT ( 'NONE',  ( 12.34968287182404900, 17.37993995496006505, 119.5638914411429283 ) ) ;
#2617 = CARTESIAN_POINT ( 'NONE',  ( -10.11074298104924196, 4.577898388752683623, 21.22230125295722303 ) ) ;
#2618 = CARTESIAN_POINT ( 'NONE',  ( -13.10708788669852787, 3.625919105020244171, 24.15118135527027476 ) ) ;
#2619 = CARTESIAN_POINT ( 'NONE',  ( -13.68509272735392024, 4.585833999966363095, 19.64999455625945401 ) ) ;
#2620 = CARTESIAN_POINT ( 'NONE',  ( -9.172680088824927580, -6.717550401571535268, 119.5376426805408840 ) ) ;
#2621 = ORIENTED_EDGE ( 'NONE', *, *, #1110, .T. ) ;
#2622 = DIRECTION ( 'NONE',  ( -0.000000000000000000, 1.000000000000000000, -0.000000000000000000 ) ) ;
#2623 = CARTESIAN_POINT ( 'NONE',  ( -9.405767420163730463, -9.003674696295982827, 119.8985092537304240 ) ) ;
#2624 = CARTESIAN_POINT ( 'NONE',  ( 19.28566731617731733, 4.461727246135009928, 7.291381676313011262 ) ) ;
#2625 = ADVANCED_FACE ( 'NONE', ( #5023 ), #3646, .T. ) ;
#2626 = CARTESIAN_POINT ( 'NONE',  ( 19.88404547892724139, 8.230279260610062764, 19.62576574738809398 ) ) ;
#2627 = CARTESIAN_POINT ( 'NONE',  ( -2.818881735456077564, -7.400484412891187525, 18.99999999999998934 ) ) ;
#2628 = CARTESIAN_POINT ( 'NONE',  ( -0.9388357672065126280, 6.293519390432734895, 19.00000000000000000 ) ) ;
#2629 = CARTESIAN_POINT ( 'NONE',  ( 21.83173610432852030, 7.147448078811377670, 21.05930758899748767 ) ) ;
#2630 = CARTESIAN_POINT ( 'NONE',  ( -13.10970545243256957, 4.465396865471066512, 20.08479888345055286 ) ) ;
#2631 = CARTESIAN_POINT ( 'NONE',  ( 13.32860690112538649, 17.07427380742503686, 115.8311238661720921 ) ) ;
#2632 = EDGE_LOOP ( 'NONE', ( #1754, #972, #3091, #3900 ) ) ;
#2633 = PLANE ( 'NONE',  #5285 ) ;
#2634 = CARTESIAN_POINT ( 'NONE',  ( -15.18043456376039657, -7.091450637486104824, 131.1278972122468076 ) ) ;
#2635 = CARTESIAN_POINT ( 'NONE',  ( 9.432001813435947568, 6.820764869595924651, 19.00000000000000000 ) ) ;
#2636 = CARTESIAN_POINT ( 'NONE',  ( -12.31164453199377640, 6.625975908842149487, 19.00000000000000000 ) ) ;
#2637 = CARTESIAN_POINT ( 'NONE',  ( 1.185866283990622438, -1.387751981227138831, 125.0000000000000284 ) ) ;
#2638 = ORIENTED_EDGE ( 'NONE', *, *, #1948, .T. ) ;
#2639 = LINE ( 'NONE', #6101, #5799 ) ;
#2640 = CARTESIAN_POINT ( 'NONE',  ( 22.46832860922613762, 6.417784187019813125, 19.48910761803884029 ) ) ;
#2641 = EDGE_CURVE ( 'NONE', #1363, #4239, #3680, .T. ) ;
#2642 = CARTESIAN_POINT ( 'NONE',  ( -25.19999999999999574, -7.091450637486111930, 121.1837425476318657 ) ) ;
#2643 = CARTESIAN_POINT ( 'NONE',  ( 24.42637027410182426, 7.145848463317968857, 18.99999999999998934 ) ) ;
#2644 = CARTESIAN_POINT ( 'NONE',  ( -12.44017684972833493, -2.506233700177322721, 13.77719725862358402 ) ) ;
#2645 = CARTESIAN_POINT ( 'NONE',  ( 21.93810954526940904, 7.366637397732334946, 21.25944399677533525 ) ) ;
#2646 = EDGE_CURVE ( 'NONE', #5140, #3305, #6129, .T. ) ;
#2647 = VERTEX_POINT ( 'NONE', #5542 ) ;
#2648 = CARTESIAN_POINT ( 'NONE',  ( -13.64893785075252275, 3.414120037496839455, 21.39518956774423941 ) ) ;
#2649 = DIRECTION ( 'NONE',  ( -0.08782283631555497239, -0.8626791767894503860, -0.4980680549436665716 ) ) ;
#2650 = CARTESIAN_POINT ( 'NONE',  ( 8.585486448071776522, 15.65003363215963006, 121.5679195410279192 ) ) ;
#2651 = CYLINDRICAL_SURFACE ( 'NONE', #6220, 0.6999999999999994005 ) ;
#2652 = CARTESIAN_POINT ( 'NONE',  ( 12.79010188947834159, 17.29673764499149158, 119.0645690386835724 ) ) ;
#2653 = CARTESIAN_POINT ( 'NONE',  ( -9.830572038597386708, 4.832231846381899842, 20.35801067936366238 ) ) ;
#2654 = CARTESIAN_POINT ( 'NONE',  ( -9.828561604882178671, -6.728496156517834059, 115.8311238661720921 ) ) ;
#2655 = VECTOR ( 'NONE', #1212, 1000.000000000000000 ) ;
#2656 = CARTESIAN_POINT ( 'NONE',  ( -13.43346032116815358, 3.764677074949317692, 20.99666059868633639 ) ) ;
#2657 = CARTESIAN_POINT ( 'NONE',  ( -50.00000000000000000, -3.475312508194680738, 3.610394695806004250 ) ) ;
#2658 = ORIENTED_EDGE ( 'NONE', *, *, #921, .T. ) ;
#2659 = PLANE ( 'NONE',  #1014 ) ;
#2660 = CARTESIAN_POINT ( 'NONE',  ( -9.705392203891481273, -8.942723475697510693, 119.7870951803851369 ) ) ;
#2661 = CARTESIAN_POINT ( 'NONE',  ( 19.37745775705297291, 7.187527173665714919, 21.59853813060169259 ) ) ;
#2662 = CARTESIAN_POINT ( 'NONE',  ( 3.780527875920945302, -3.640487435336169586, 18.99999999999501554 ) ) ;
#2663 = CARTESIAN_POINT ( 'NONE',  ( -2.719183977452796164, 3.899813685615563408, 21.09413738558778917 ) ) ;
#2664 = CARTESIAN_POINT ( 'NONE',  ( 21.72352641887598423, 6.600084789494690796, 15.00000000000000711 ) ) ;
#2665 = CARTESIAN_POINT ( 'NONE',  ( -13.33267481740484861, 4.818601596657997810, 19.63745628188202730 ) ) ;
#2666 = DIRECTION ( 'NONE',  ( 0.000000000000000000, -0.000000000000000000, 1.000000000000000000 ) ) ;
#2667 = EDGE_LOOP ( 'NONE', ( #1451, #2621, #3185, #1889 ) ) ;
#2668 = CARTESIAN_POINT ( 'NONE',  ( 18.63649051178634508, 18.06247228545159800, 124.4950348156776698 ) ) ;
#2669 = CARTESIAN_POINT ( 'NONE',  ( 20.38410732583066931, 2.577498541357487571, 13.52094453300079380 ) ) ;
#2670 = CARTESIAN_POINT ( 'NONE',  ( 4.911137583254299166, 4.013403388762552204, 21.61833395813219383 ) ) ;
#2671 = CARTESIAN_POINT ( 'NONE',  ( -12.08866490062176346, 4.860542165017332827, 20.07153275541030624 ) ) ;
#2672 = CARTESIAN_POINT ( 'NONE',  ( 3.649673462622079700, -3.900951805697550512, 15.00000000000002842 ) ) ;
#2673 = ORIENTED_EDGE ( 'NONE', *, *, #5443, .T. ) ;
#2674 = CARTESIAN_POINT ( 'NONE',  ( 12.87455459861117824, 17.17031604724434146, 118.9691472256529039 ) ) ;
#2675 = CARTESIAN_POINT ( 'NONE',  ( 14.77648864661572148, 8.403453800019139663, 19.00000000000000000 ) ) ;
#2676 =( BOUNDED_CURVE ( )  B_SPLINE_CURVE ( 3, ( #4067, #1647, #5550, #1092 ),
 .UNSPECIFIED., .F., .F. ) 
 B_SPLINE_CURVE_WITH_KNOTS ( ( 4, 4 ),
 ( 3.926990816987248056, 5.585053606381860547 ),
 .UNSPECIFIED. ) 
 CURVE ( )  GEOMETRIC_REPRESENTATION_ITEM ( )  RATIONAL_B_SPLINE_CURVE ( ( 1.000000000000000000, 0.7837268050771069028, 0.7837268050771069028, 1.000000000000000000 ) ) 
 REPRESENTATION_ITEM ( '' )  );
#2677 = DIRECTION ( 'NONE',  ( 0.000000000000000000, -1.000000000000000000, 0.000000000000000000 ) ) ;
#2678 = CARTESIAN_POINT ( 'NONE',  ( 21.84654180590223049, 7.164556433704173166, 21.07375283101901786 ) ) ;
#2679 = CARTESIAN_POINT ( 'NONE',  ( 15.22605263300209444, 6.804295539349178412, 19.59749477435545728 ) ) ;
#2680 = PLANE ( 'NONE',  #1054 ) ;
#2681 = CARTESIAN_POINT ( 'NONE',  ( 17.00448053598487164, 6.550672066132087856, 20.83310813323939215 ) ) ;
#2682 = EDGE_LOOP ( 'NONE', ( #4045, #1534, #6171, #3647 ) ) ;
#2683 = CARTESIAN_POINT ( 'NONE',  ( -14.58781622846637305, 3.752151683870438958, 19.47889308942156106 ) ) ;
#2684 = DIRECTION ( 'NONE',  ( 0.000000000000000000, -1.000000000000000000, 0.000000000000000000 ) ) ;
#2685 = CARTESIAN_POINT ( 'NONE',  ( -4.151986965050045164, -2.028204569009072866, 121.9708432805653047 ) ) ;
#2686 = CARTESIAN_POINT ( 'NONE',  ( -11.01691972121457042, -10.60566684029546991, 121.6477204112964472 ) ) ;
#2687 = CARTESIAN_POINT ( 'NONE',  ( -9.834583202255254619, 4.693169180769227289, 20.62893626682647508 ) ) ;
#2688 = CARTESIAN_POINT ( 'NONE',  ( -12.48839219117000532, -6.342319566564036393, 97.49437716547356558 ) ) ;
#2689 = CARTESIAN_POINT ( 'NONE',  ( -13.31811158452411625, 3.879117005793225381, 20.97257240489891217 ) ) ;
#2690 = LINE ( 'NONE', #4668, #3391 ) ;
#2691 = ORIENTED_EDGE ( 'NONE', *, *, #3028, .T. ) ;
#2692 = FACE_OUTER_BOUND ( 'NONE', #94, .T. ) ;
#2693 = CARTESIAN_POINT ( 'NONE',  ( -10.17192415137899708, -8.467594211963726636, 119.5356182652408705 ) ) ;
#2694 = DIRECTION ( 'NONE',  ( -0.7313537016191670181, -0.6819983600625022513, 0.000000000000000000 ) ) ;
#2695 = PRODUCT_DEFINITION_SHAPE ( 'NONE', 'NONE',  #708 ) ;
#2696 = CARTESIAN_POINT ( 'NONE',  ( 8.190062319660839307, -4.263793302182448564, 19.00000000000000000 ) ) ;
#2697 = CARTESIAN_POINT ( 'NONE',  ( -4.384298045682479383, 4.119580066794932272, 20.73995478229254985 ) ) ;
#2698 = CARTESIAN_POINT ( 'NONE',  ( 4.497028295999645486, 7.697260403841121423, 125.0000000000001137 ) ) ;
#2699 = CARTESIAN_POINT ( 'NONE',  ( -13.68026735876749633, 5.511241059415926458, 19.16479558759979440 ) ) ;
#2700 = DIRECTION ( 'NONE',  ( -0.7313537016191670181, -0.6819983600625022513, 0.000000000000000000 ) ) ;
#2701 = EDGE_LOOP ( 'NONE', ( #5543, #435, #3791, #121, #1416, #3038, #2228, #3482 ) ) ;
#2702 = CARTESIAN_POINT ( 'NONE',  ( -50.00000000000000000, -3.000000000000009770, 13.04091272864831019 ) ) ;
#2703 = AXIS2_PLACEMENT_3D ( 'NONE', #4246, #2710, #3763 ) ;
#2704 = CARTESIAN_POINT ( 'NONE',  ( 4.014409173290251154, 2.484085860012263947, 121.9689455091599939 ) ) ;
#2705 = CIRCLE ( 'NONE', #26, 341.5000000000000000 ) ;
#2706 = CARTESIAN_POINT ( 'NONE',  ( 5.739124392833746313, 4.078969747118709854, 21.30108945109589769 ) ) ;
#2707 = CARTESIAN_POINT ( 'NONE',  ( -13.33776962473693928, 6.639159128306460822, 19.00000000000000000 ) ) ;
#2708 = CARTESIAN_POINT ( 'NONE',  ( 6.060997871723202479, -2.973462231909556053, 14.99999999999999289 ) ) ;
#2709 = ORIENTED_EDGE ( 'NONE', *, *, #1242, .T. ) ;
#2710 = DIRECTION ( 'NONE',  ( -0.6819983600625022513, 0.7313537016191670181, -1.485617761692451402E-16 ) ) ;
#2711 = DIRECTION ( 'NONE',  ( 1.000000000000000000, 0.000000000000000000, 0.000000000000000000 ) ) ;
#2712 = CARTESIAN_POINT ( 'NONE',  ( 13.05032707188561503, 5.376885171530299878, 21.10598970484529957 ) ) ;
#2713 =( GEOMETRIC_REPRESENTATION_CONTEXT ( 3 ) GLOBAL_UNCERTAINTY_ASSIGNED_CONTEXT ( ( #857 ) ) GLOBAL_UNIT_ASSIGNED_CONTEXT ( ( #656, #168, #6077 ) ) REPRESENTATION_CONTEXT ( 'NONE', 'WORKASPACE' ) );
#2714 = CARTESIAN_POINT ( 'NONE',  ( 21.55689356848022697, 7.402302839567787451, 19.00000000000027711 ) ) ;
#2715 = VECTOR ( 'NONE', #3668, 1000.000000000000000 ) ;
#2716 = CARTESIAN_POINT ( 'NONE',  ( 18.39483666644462190, -5.109402950775783658, 2.239230008125900451 ) ) ;
#2717 = VECTOR ( 'NONE', #3383, 1000.000000000000000 ) ;
#2718 = ORIENTED_EDGE ( 'NONE', *, *, #1618, .T. ) ;
#2719 =( BOUNDED_CURVE ( )  B_SPLINE_CURVE ( 3, ( #1024, #6246, #1993, #3476 ),
 .UNSPECIFIED., .F., .F. ) 
 B_SPLINE_CURVE_WITH_KNOTS ( ( 4, 4 ),
 ( 4.055830193070228518, 4.712388980384684345 ),
 .UNSPECIFIED. ) 
 CURVE ( )  GEOMETRIC_REPRESENTATION_ITEM ( )  RATIONAL_B_SPLINE_CURVE ( ( 1.000000000000000000, 0.9643989955806475667, 0.9643989955806475667, 1.000000000000000000 ) ) 
 REPRESENTATION_ITEM ( '' )  );
#2720 = CARTESIAN_POINT ( 'NONE',  ( -14.37802916087050420, 3.657345669704673785, 19.70096199744877907 ) ) ;
#2721 = CARTESIAN_POINT ( 'NONE',  ( 24.42073244491057693, 7.886126790063944902, 19.00000000000001421 ) ) ;
#2722 = CARTESIAN_POINT ( 'NONE',  ( -4.749754594842457323, -2.616761554141040502, 121.9586210758400000 ) ) ;
#2723 = CARTESIAN_POINT ( 'NONE',  ( -2.284560614224374397, -7.732111361151574158, 121.9283221473133665 ) ) ;
#2724 = CARTESIAN_POINT ( 'NONE',  ( -15.33853058486728749, -9.573965526745718435, 15.99999999999999645 ) ) ;
#2725 = CARTESIAN_POINT ( 'NONE',  ( -9.800412944128041204, 5.877814731324723319, 19.27395413787837697 ) ) ;
#2726 = CARTESIAN_POINT ( 'NONE',  ( -12.29295974212652887, -4.911144938628689616, 70.05120874106596318 ) ) ;
#2727 = CARTESIAN_POINT ( 'NONE',  ( -13.89329078941240603, 4.052998906827632197, 19.88290671105342966 ) ) ;
#2728 = CARTESIAN_POINT ( 'NONE',  ( -10.00000000000000000, -9.573965526745718435, -2.095573554126934505E-15 ) ) ;
#2729 = ORIENTED_EDGE ( 'NONE', *, *, #2165, .T. ) ;
#2730 = LINE ( 'NONE', #4670, #2655 ) ;
#2731 = CARTESIAN_POINT ( 'NONE',  ( -9.925627753989772373, -8.136703955447393000, 121.7539811132136265 ) ) ;
#2732 = ADVANCED_FACE ( 'NONE', ( #3194 ), #4205, .T. ) ;
#2733 = CARTESIAN_POINT ( 'NONE',  ( 5.568428348205832989, -5.493102737927605617, 19.00000000000000000 ) ) ;
#2734 = CARTESIAN_POINT ( 'NONE',  ( -4.391742248297818563, 4.042624689895474077, 21.05248676987586975 ) ) ;
#2735 = CARTESIAN_POINT ( 'NONE',  ( 0.3931713962458142086, 3.737869959931061636, 24.15118135527023213 ) ) ;
#2736 = ADVANCED_FACE ( 'NONE', ( #4681 ), #3543, .T. ) ;
#2737 = CARTESIAN_POINT ( 'NONE',  ( -12.97767820163203289, 4.082296501503655861, 21.22566427542886558 ) ) ;
#2738 = CARTESIAN_POINT ( 'NONE',  ( -9.145650506430190063, -8.987204107337566583, 119.9184318039505825 ) ) ;
#2739 = ORIENTED_EDGE ( 'NONE', *, *, #4860, .F. ) ;
#2740 = CARTESIAN_POINT ( 'NONE',  ( 12.92157953904068179, 13.05522777819899360, 121.4925101329481123 ) ) ;
#2741 = CARTESIAN_POINT ( 'NONE',  ( 4.081547851204443411, 3.971181772979190061, 20.92448732678746026 ) ) ;
#2742 = CARTESIAN_POINT ( 'NONE',  ( -12.33945488554367920, 4.362326827636347382, 21.20794194616807360 ) ) ;
#2743 = CARTESIAN_POINT ( 'NONE',  ( 16.41283147932548303, 2.308993492663564240, 14.99999999999998757 ) ) ;
#2744 = ORIENTED_EDGE ( 'NONE', *, *, #2108, .T. ) ;
#2745 = CARTESIAN_POINT ( 'NONE',  ( 15.00000000000000000, 4.749951326780577965, 1.468383512879778419 ) ) ;
#2746 = CARTESIAN_POINT ( 'NONE',  ( 12.61946570269470058, 17.42114441406472025, 119.2632434517771145 ) ) ;
#2747 = CARTESIAN_POINT ( 'NONE',  ( 14.49754839584088018, 6.373643782988640538, 19.86220142924675969 ) ) ;
#2748 = CARTESIAN_POINT ( 'NONE',  ( -13.38909085573966706, 1.672854751576283494, 18.99999999999956657 ) ) ;
#2749 = CIRCLE ( 'NONE', #3373, 333.5000000000000000 ) ;
#2750 = ORIENTED_EDGE ( 'NONE', *, *, #3370, .F. ) ;
#2751 = CARTESIAN_POINT ( 'NONE',  ( -15.85920416112349507, 4.577900763783508076, 19.00000000000000000 ) ) ;
#2752 = EDGE_CURVE ( 'NONE', #5260, #5030, #2676, .T. ) ;
#2753 = CARTESIAN_POINT ( 'NONE',  ( 24.16441483395469447, 6.231657551266724049, 19.00000000000000000 ) ) ;
#2754 = CARTESIAN_POINT ( 'NONE',  ( -6.535816297139310116, -4.350732983483265315, 121.9105576111674765 ) ) ;
#2755 = CARTESIAN_POINT ( 'NONE',  ( -13.87989334875721426, -13.99145063748610518, 124.6773615710613257 ) ) ;
#2756 = CARTESIAN_POINT ( 'NONE',  ( -11.18420971834003730, -10.48824917773103138, 121.6457633450066567 ) ) ;
#2757 = CARTESIAN_POINT ( 'NONE',  ( 12.84927457050583754, 17.09344586521040910, 118.9883711096899219 ) ) ;
#2758 = CARTESIAN_POINT ( 'NONE',  ( -9.895995979459993208, 5.881164100268557959, 19.27366329917099463 ) ) ;
#2759 = CARTESIAN_POINT ( 'NONE',  ( -13.77366215388061477, 3.466735249513526629, 15.00000000000001421 ) ) ;
#2760 = CARTESIAN_POINT ( 'NONE',  ( -14.66345978623030355, 4.716815941987676730, 19.17354853675967519 ) ) ;
#2761 = CARTESIAN_POINT ( 'NONE',  ( 20.38410732583066931, -9.573965526745718435, 13.52094453300079557 ) ) ;
#2762 = ORIENTED_EDGE ( 'NONE', *, *, #4455, .T. ) ;
#2763 = CARTESIAN_POINT ( 'NONE',  ( -14.93604570052263547, -7.091450637486104824, 131.1361544408449333 ) ) ;
#2764 = CARTESIAN_POINT ( 'NONE',  ( -12.22266174828037144, -7.762914082312712516, 121.6948019197290023 ) ) ;
#2765 = DIRECTION ( 'NONE',  ( 0.000000000000000000, 6.938893903907233308E-16, -1.000000000000000000 ) ) ;
#2766 = AXIS2_PLACEMENT_3D ( 'NONE', #3319, #4325, #5279 ) ;
#2767 = DIRECTION ( 'NONE',  ( -0.000000000000000000, 1.000000000000000000, -0.000000000000000000 ) ) ;
#2768 = CARTESIAN_POINT ( 'NONE',  ( 9.899992403147111375, -3.372754761169273863, 19.00000000000000000 ) ) ;
#2769 = CARTESIAN_POINT ( 'NONE',  ( -3.552753266427039147, 4.036798107001927427, 20.75814326837886625 ) ) ;
#2770 = CARTESIAN_POINT ( 'NONE',  ( -1.387564570297192379, 0.6256715915053753241, 125.0000000000000568 ) ) ;
#2771 = CARTESIAN_POINT ( 'NONE',  ( -13.15936233077566442, 4.439880006124721668, 20.08565927396994155 ) ) ;
#2772 = CARTESIAN_POINT ( 'NONE',  ( 21.55811662234158277, 7.981173495360380343, 21.97251797671394513 ) ) ;
#2773 = ADVANCED_FACE ( 'NONE', ( #90 ), #4524, .F. ) ;
#2774 = ORIENTED_EDGE ( 'NONE', *, *, #3074, .F. ) ;
#2775 = CARTESIAN_POINT ( 'NONE',  ( 4.093291659684606287, 2.390369766351445602, 119.8508372786152307 ) ) ;
#2776 = CARTESIAN_POINT ( 'NONE',  ( 5.528843749799999152, 5.904568819327595364, 19.06983393699253071 ) ) ;
#2777 = CARTESIAN_POINT ( 'NONE',  ( -12.10901588378286498, 4.431772403915586800, 21.20254813958336015 ) ) ;
#2778 = ADVANCED_FACE ( 'NONE', ( #4041 ), #157, .F. ) ;
#2779 = CARTESIAN_POINT ( 'NONE',  ( 10.51704729649796732, 14.31844773392192138, 124.9999999999999716 ) ) ;
#2780 = EDGE_LOOP ( 'NONE', ( #5078, #1301, #2031, #5160 ) ) ;
#2781 = CARTESIAN_POINT ( 'NONE',  ( 14.65992054606221195, 18.31951043851788441, 121.1873220201463965 ) ) ;
#2782 = CARTESIAN_POINT ( 'NONE',  ( -16.19320294400054294, -13.99145063748610518, 124.0887446909358829 ) ) ;
#2783 = CARTESIAN_POINT ( 'NONE',  ( -13.98957213864504290, -2.418431531280731850, 19.00000000000000000 ) ) ;
#2784 = ORIENTED_EDGE ( 'NONE', *, *, #5720, .F. ) ;
#2785 = LINE ( 'NONE', #6251, #4063 ) ;
#2786 = ADVANCED_FACE ( 'NONE', ( #6065 ), #4501, .T. ) ;
#2787 = CARTESIAN_POINT ( 'NONE',  ( 12.60240348463647031, 19.51905068325367054, 121.2347678593600904 ) ) ;
#2788 = CARTESIAN_POINT ( 'NONE',  ( -11.73707025257577286, -6.690238420498425320, 121.7396185914218165 ) ) ;
#2789 = CARTESIAN_POINT ( 'NONE',  ( -10.37609213514602935, 6.458644943411055550, 19.05588973408606535 ) ) ;
#2790 = CARTESIAN_POINT ( 'NONE',  ( -13.67524906930632334, 4.293493691855720051, 19.86480877046123794 ) ) ;
#2791 = DIRECTION ( 'NONE',  ( 1.000000000000000000, 0.000000000000000000, 0.000000000000000000 ) ) ;
#2792 = CARTESIAN_POINT ( 'NONE',  ( -14.54543422795485164, -7.091450637486103936, 124.4510499728029203 ) ) ;
#2793 = CARTESIAN_POINT ( 'NONE',  ( -41.97652148833346075, -22.73581001826987347, 118.7689988222012971 ) ) ;
#2794 = CARTESIAN_POINT ( 'NONE',  ( -10.20525848282621162, -8.091662114703371600, 119.4691095733585797 ) ) ;
#2795 = DIRECTION ( 'NONE',  ( 0.000000000000000000, -1.000000000000000000, -6.938893903907233308E-16 ) ) ;
#2796 = FACE_OUTER_BOUND ( 'NONE', #2632, .T. ) ;
#2797 = CARTESIAN_POINT ( 'NONE',  ( 22.92666563899370047, 4.844243327196893212, 19.00000000000001421 ) ) ;
#2798 = CARTESIAN_POINT ( 'NONE',  ( -7.852095962993164591, 6.016785754549987431, 19.16901104416890789 ) ) ;
#2799 = CARTESIAN_POINT ( 'NONE',  ( -3.469323016566695284, -1.627344308384468752, 124.9999999999999432 ) ) ;
#2800 = CARTESIAN_POINT ( 'NONE',  ( -13.00144365461607521, 4.107374128223537646, 20.92427176326317451 ) ) ;
#2801 = CARTESIAN_POINT ( 'NONE',  ( -8.961312729548888356, -8.967595851238424842, 119.9188708959358820 ) ) ;
#2802 = ORIENTED_EDGE ( 'NONE', *, *, #1606, .F. ) ;
#2803 = CARTESIAN_POINT ( 'NONE',  ( 1.369020956404878087, -1.351354014233065559, 119.9475375832501385 ) ) ;
#2804 = CARTESIAN_POINT ( 'NONE',  ( 4.660442208783230456, 6.497985628007527659, 19.00000000000000000 ) ) ;
#2805 = CARTESIAN_POINT ( 'NONE',  ( -12.58811930088838693, 4.304100823607513782, 20.91366606062320699 ) ) ;
#2806 = CARTESIAN_POINT ( 'NONE',  ( 10.32096194070833306, 11.79059715886216075, 115.8311238661721632 ) ) ;
#2807 = ORIENTED_EDGE ( 'NONE', *, *, #1586, .F. ) ;
#2808 = EDGE_CURVE ( 'NONE', #6205, #4634, #5964, .T. ) ;
#2809 = CARTESIAN_POINT ( 'NONE',  ( -12.38410732583066576, 2.577498541357488460, 13.52094453300079202 ) ) ;
#2810 = CARTESIAN_POINT ( 'NONE',  ( 11.68461439905278176, 5.064045311302493246, 21.76021295620806484 ) ) ;
#2811 = CARTESIAN_POINT ( 'NONE',  ( 14.55795300469653064, 6.147798542283259060, 20.13181557046389969 ) ) ;
#2812 = CARTESIAN_POINT ( 'NONE',  ( 21.45076360648897662, 7.965254782725805782, 21.97920891162310397 ) ) ;
#2813 = AXIS2_PLACEMENT_3D ( 'NONE', #3960, #37, #4440 ) ;
#2814 = EDGE_CURVE ( 'NONE', #4873, #3032, #6140, .T. ) ;
#2815 = CARTESIAN_POINT ( 'NONE',  ( -12.57417855494201753, 0.1937053884843595863, 18.99999999999958789 ) ) ;
#2816 = ORIENTED_EDGE ( 'NONE', *, *, #6387, .F. ) ;
#2817 = VECTOR ( 'NONE', #5940, 1000.000000000000000 ) ;
#2818 = ADVANCED_FACE ( 'NONE', ( #3065 ), #5995, .T. ) ;
#2819 = DIRECTION ( 'NONE',  ( -1.000000000000000000, 0.000000000000000000, 3.469446951953614978E-15 ) ) ;
#2820 = CARTESIAN_POINT ( 'NONE',  ( 22.04306660943605678, 6.843880945378996827, 19.00000000000024158 ) ) ;
#2821 = CARTESIAN_POINT ( 'NONE',  ( -12.99460751075747922, -13.99145063748610518, 123.5049592826824778 ) ) ;
#2822 = CARTESIAN_POINT ( 'NONE',  ( -10.65841868580007024, -10.80235977644373691, 121.6535991198626334 ) ) ;
#2823 = CARTESIAN_POINT ( 'NONE',  ( -10.18544886439338093, 5.888353670148209318, 19.27277707990833377 ) ) ;
#2824 = CARTESIAN_POINT ( 'NONE',  ( -14.48284171043981949, 3.980333155562601810, 19.47089573848301569 ) ) ;
#2825 = CARTESIAN_POINT ( 'NONE',  ( 13.69018638185974446, -3.333733164898839085, 3.954033068182968069 ) ) ;
#2826 = ORIENTED_EDGE ( 'NONE', *, *, #4647, .F. ) ;
#2827 = DIRECTION ( 'NONE',  ( -1.000000000000000000, 0.000000000000000000, 3.469446951953614978E-15 ) ) ;
#2828 = CARTESIAN_POINT ( 'NONE',  ( -9.829432127037268430, -7.502071525091813520, 119.4969606614125013 ) ) ;
#2829 = DIRECTION ( 'NONE',  ( -0.6819983600625022513, 0.7313537016191670181, -1.485617761692451402E-16 ) ) ;
#2830 = PLANE ( 'NONE',  #770 ) ;
#2831 = CARTESIAN_POINT ( 'NONE',  ( 21.17381224298918951, 6.588502150922764145, 21.06713669854235960 ) ) ;
#2832 = CARTESIAN_POINT ( 'NONE',  ( -5.754957613109544567, 6.682313851365863755, 19.00000000000000000 ) ) ;
#2833 = CARTESIAN_POINT ( 'NONE',  ( -5.452539406514549825, 3.933492073521442478, 24.15118135527024279 ) ) ;
#2834 = CARTESIAN_POINT ( 'NONE',  ( -13.43828126478747897, 4.759228526856306374, 19.64068660911338071 ) ) ;
#2835 = CARTESIAN_POINT ( 'NONE',  ( -2.889399037712195195, -5.651382084592071031, 120.0008222005975682 ) ) ;
#2836 = ORIENTED_EDGE ( 'NONE', *, *, #833, .T. ) ;
#2837 = EDGE_CURVE ( 'NONE', #4352, #4817, #6319, .T. ) ;
#2838 = CARTESIAN_POINT ( 'NONE',  ( 0.8904135494093630143, -1.927357084772019169, 119.9584467373495329 ) ) ;
#2839 = CIRCLE ( 'NONE', #3069, 334.5000000000000568 ) ;
#2840 = B_SPLINE_CURVE_WITH_KNOTS ( 'NONE', 3,
 ( #6207, #4313, #335, #479, #6277, #16, #825, #366, #2782, #1962, #2336, #2476, #5753, #5920 ),
 .UNSPECIFIED., .F., .F.,
 ( 4, 2, 2, 2, 2, 2, 4 ),
 ( 0.004895151153985415927, 0.005142441252325686586, 0.005389731350665958112, 0.005637021449006228771, 0.005884311547346499430, 0.006378891744027019930, 0.006873471940707540431 ),
 .UNSPECIFIED. ) ;
#2841 = CARTESIAN_POINT ( 'NONE',  ( 2.353427225422752400, 4.762019159657337575, 19.51409072491275154 ) ) ;
#2842 = CARTESIAN_POINT ( 'NONE',  ( -12.86529259490931132, 6.484900563142701024, 19.00000000000000000 ) ) ;
#2843 = CARTESIAN_POINT ( 'NONE',  ( 19.74834179458635930, 4.271675295283698048, 15.00000000000001421 ) ) ;
#2844 = EDGE_LOOP ( 'NONE', ( #2508, #2762, #3097, #616 ) ) ;
#2845 = CARTESIAN_POINT ( 'NONE',  ( 12.80071894134723642, 17.02798272495258658, 119.1623457508218280 ) ) ;
#2846 = CARTESIAN_POINT ( 'NONE',  ( 12.96140344283233681, 5.750156112748150861, 20.11374545551105086 ) ) ;
#2847 = CARTESIAN_POINT ( 'NONE',  ( 21.43489129435772256, 7.960122999966892543, 21.97743330274951390 ) ) ;
#2848 = CARTESIAN_POINT ( 'NONE',  ( -13.67024508303169128, 1.782150941204241112, 21.68886342547038026 ) ) ;
#2849 = ORIENTED_EDGE ( 'NONE', *, *, #5817, .T. ) ;
#2850 = CARTESIAN_POINT ( 'NONE',  ( -16.00000000000740386, 4.278704876181391725, 19.00000000000000000 ) ) ;
#2851 = CARTESIAN_POINT ( 'NONE',  ( 11.06183065167189028, 18.96076863741690133, 121.3338255310943623 ) ) ;
#2852 = CARTESIAN_POINT ( 'NONE',  ( 13.17467302363723469, 19.45705281418412724, 121.2089500825526613 ) ) ;
#2853 = CARTESIAN_POINT ( 'NONE',  ( -10.16247587716935108, -7.915210729582585536, 119.4613108499145113 ) ) ;
#2854 = CARTESIAN_POINT ( 'NONE',  ( -10.91990498434292611, 4.845587699133186987, 20.34298094609628293 ) ) ;
#2855 = CARTESIAN_POINT ( 'NONE',  ( -13.58178831388267405, 3.570061009012169162, 21.03658595371638995 ) ) ;
#2856 = CARTESIAN_POINT ( 'NONE',  ( -12.31893931958761712, -2.808702478859955942, 13.15135840397382516 ) ) ;
#2857 = EDGE_CURVE ( 'NONE', #2420, #4682, #2749, .T. ) ;
#2858 = ORIENTED_EDGE ( 'NONE', *, *, #6255, .T. ) ;
#2859 = CARTESIAN_POINT ( 'NONE',  ( -50.00000000000000000, -4.000000000000009770, 16.50000000000000000 ) ) ;
#2860 = CARTESIAN_POINT ( 'NONE',  ( -9.870422748666726420, -8.033821110179383496, 121.7572829224150013 ) ) ;
#2861 = CARTESIAN_POINT ( 'NONE',  ( -10.25891563134818263, -4.749951326780577965, 1.468383512879778419 ) ) ;
#2862 = CARTESIAN_POINT ( 'NONE',  ( -10.25891563134819151, 4.749951326780577965, 1.468383512879778419 ) ) ;
#2863 = EDGE_CURVE ( 'NONE', #2917, #3510, #2607, .T. ) ;
#2864 = DIRECTION ( 'NONE',  ( -0.7313537016191670181, -0.6819983600625021403, 0.000000000000000000 ) ) ;
#2865 = CARTESIAN_POINT ( 'NONE',  ( -7.628450633580428963, 4.422503563665711290, 20.97367727796647330 ) ) ;
#2866 = CARTESIAN_POINT ( 'NONE',  ( -12.48164224224872676, 1.542886111187764975, 42.40200746962067768 ) ) ;
#2867 = CARTESIAN_POINT ( 'NONE',  ( -13.37366340535011489, 4.796253442398946021, 19.63859325049095617 ) ) ;
#2868 = CYLINDRICAL_SURFACE ( 'NONE', #6109, 331.9999999999999432 ) ;
#2869 = ORIENTED_EDGE ( 'NONE', *, *, #3414, .F. ) ;
#2870 = AXIS2_PLACEMENT_3D ( 'NONE', #5508, #3056, #603 ) ;
#2871 = CARTESIAN_POINT ( 'NONE',  ( -6.515973911946529640, -10.36006870189667595, 121.7891859982565137 ) ) ;
#2872 = CARTESIAN_POINT ( 'NONE',  ( 2.364835098568875082, 4.530274931824314066, 19.75109353641036236 ) ) ;
#2873 = CARTESIAN_POINT ( 'NONE',  ( -13.41217121623049557, 6.286388398222491958, 19.00000000000000000 ) ) ;
#2874 = CARTESIAN_POINT ( 'NONE',  ( 8.419146538093992049, -1.914927760289874659, 15.00000000000003020 ) ) ;
#2875 = ORIENTED_EDGE ( 'NONE', *, *, #5589, .F. ) ;
#2876 = VECTOR ( 'NONE', #3273, 1000.000000000000114 ) ;
#2877 = CARTESIAN_POINT ( 'NONE',  ( -11.13586399559487994, 0.1009693113123329156, 6.441804827775508890 ) ) ;
#2878 = CARTESIAN_POINT ( 'NONE',  ( 22.91240362408296249, -2.860407207010061015, 15.97698997787413688 ) ) ;
#2879 = CARTESIAN_POINT ( 'NONE',  ( -12.63608882864023109, -0.07016315797236147289, 21.68292761774184996 ) ) ;
#2880 = CARTESIAN_POINT ( 'NONE',  ( -8.857593371407901373, -8.586424409302024330, 115.8311238661721347 ) ) ;
#2881 = ORIENTED_EDGE ( 'NONE', *, *, #3301, .T. ) ;
#2882 = CARTESIAN_POINT ( 'NONE',  ( -15.99999999999977440, 2.865844158232207839, 18.99999999999995026 ) ) ;
#2883 = CARTESIAN_POINT ( 'NONE',  ( 10.07575870055475598, 17.63326740385356928, 121.4340149537666349 ) ) ;
#2884 = CARTESIAN_POINT ( 'NONE',  ( 15.70902595191188844, 24.96247228545157526, 122.4062528731765980 ) ) ;
#2885 = ADVANCED_FACE ( 'NONE', ( #4076 ), #2205, .T. ) ;
#2886 = DIRECTION ( 'NONE',  ( 0.000000000000000000, 0.7071067811865462405, -0.7071067811865489050 ) ) ;
#2887 = CARTESIAN_POINT ( 'NONE',  ( -10.38340858514158249, 5.401260284441704584, 19.63460884682086416 ) ) ;
#2888 = CARTESIAN_POINT ( 'NONE',  ( -14.76415987131940177, 4.594875677189714125, 19.17486013732553829 ) ) ;
#2889 = CARTESIAN_POINT ( 'NONE',  ( -13.79247895933575485, -7.091450637486106601, 124.1848370930173502 ) ) ;
#2890 = CARTESIAN_POINT ( 'NONE',  ( -11.64900123948828892, 1.518929630741644221, 9.351950750036964521 ) ) ;
#2891 = CARTESIAN_POINT ( 'NONE',  ( -11.75462431052158863, -6.717215619003420457, 121.7383654456557451 ) ) ;
#2892 = CARTESIAN_POINT ( 'NONE',  ( 19.45321014796795112, 24.96247228545161434, 123.8749766126179566 ) ) ;
#2893 = CARTESIAN_POINT ( 'NONE',  ( -10.63660999587733080, -3.475312508194680738, 3.610394695806004250 ) ) ;
#2894 = CARTESIAN_POINT ( 'NONE',  ( -7.456425854538855091, 5.970446662048453312, 19.16992603403665996 ) ) ;
#2895 = CARTESIAN_POINT ( 'NONE',  ( -6.599916161016710525, -1.529035162441686468, 97.49437716547383559 ) ) ;
#2896 = CARTESIAN_POINT ( 'NONE',  ( -13.32669261770203484, 4.561594899618345522, 19.84462212702827344 ) ) ;
#2897 = CARTESIAN_POINT ( 'NONE',  ( -50.00000000000000000, 4.000000000000000000, 15.00000000000000178 ) ) ;
#2898 = ORIENTED_EDGE ( 'NONE', *, *, #6192, .T. ) ;
#2899 = CARTESIAN_POINT ( 'NONE',  ( -0.3405598637398381534, -6.129168809231152260, 121.9743534148339563 ) ) ;
#2900 = CARTESIAN_POINT ( 'NONE',  ( 1.487494777805358437, 5.945493922244466489, 19.00000000000000000 ) ) ;
#2901 = CARTESIAN_POINT ( 'NONE',  ( -12.74791232176250588, 4.331988852707316262, 20.62160695390734233 ) ) ;
#2902 = CARTESIAN_POINT ( 'NONE',  ( 21.69282297133821302, 7.780198521445902848, 24.15118135527027832 ) ) ;
#2903 = VERTEX_POINT ( 'NONE', #4182 ) ;
#2904 = CARTESIAN_POINT ( 'NONE',  ( 13.06846412651804279, 16.96416671639208573, 120.2888155753304602 ) ) ;
#2905 = CARTESIAN_POINT ( 'NONE',  ( 12.24164264449606421, 5.199465507633636463, 21.09009296486513563 ) ) ;
#2906 = CARTESIAN_POINT ( 'NONE',  ( 0.07942121298907817151, -4.695680584123635981, 19.00000000000166978 ) ) ;
#2907 = CARTESIAN_POINT ( 'NONE',  ( -12.17659961783449241, -6.789740386166378983, 97.49437716547349453 ) ) ;
#2908 = ORIENTED_EDGE ( 'NONE', *, *, #1530, .F. ) ;
#2909 = CARTESIAN_POINT ( 'NONE',  ( -13.81543329294692057, 2.889366215866212340, 21.45319240187825116 ) ) ;
#2910 = COLOUR_RGB ( '',0.7921568627450980005, 0.8196078431372548767, 0.9333333333333333481 ) ;
#2911 = VECTOR ( 'NONE', #23, 1000.000000000000227 ) ;
#2912 = LINE ( 'NONE', #1581, #5806 ) ;
#2913 = VECTOR ( 'NONE', #6145, 1000.000000000000114 ) ;
#2914 = CARTESIAN_POINT ( 'NONE',  ( 14.28910748298263478, 15.47888264887455989, 121.3356029841884123 ) ) ;
#2915 = CARTESIAN_POINT ( 'NONE',  ( -10.27090045682023245, 7.064948223304357455, 19.00000000000000000 ) ) ;
#2916 = CARTESIAN_POINT ( 'NONE',  ( -15.18313045979217613, 4.487526764463879658, 19.06073965627563283 ) ) ;
#2917 = VERTEX_POINT ( 'NONE', #6103 ) ;
#2918 = CARTESIAN_POINT ( 'NONE',  ( 14.31507458164906055, 3.328550549831915895, 3.962041806921993814 ) ) ;
#2919 = FACE_OUTER_BOUND ( 'NONE', #5229, .T. ) ;
#2920 = DIRECTION ( 'NONE',  ( 0.000000000000000000, 0.7660444431189771253, 0.6427876096865403621 ) ) ;
#2921 = VECTOR ( 'NONE', #932, 1000.000000000000000 ) ;
#2922 = CARTESIAN_POINT ( 'NONE',  ( -6.826510197048959228, 4.549446861017456101, 20.40746125376869102 ) ) ;
#2923 = CARTESIAN_POINT ( 'NONE',  ( -9.733034356882313887, -1.314778887176057731, 70.05120874106606266 ) ) ;
#2924 = AXIS2_PLACEMENT_3D ( 'NONE', #2291, #2795, #2765 ) ;
#2925 = CARTESIAN_POINT ( 'NONE',  ( -13.54986991187292134, 4.956862154094268114, 19.43675109119849154 ) ) ;
#2926 = CARTESIAN_POINT ( 'NONE',  ( -17.01604184608298453, -7.091450637486105713, 124.2411089296028308 ) ) ;
#2927 = ORIENTED_EDGE ( 'NONE', *, *, #4294, .F. ) ;
#2928 =( BOUNDED_CURVE ( )  B_SPLINE_CURVE ( 3, ( #4944, #466, #5399, #432 ),
 .UNSPECIFIED., .F., .F. ) 
 B_SPLINE_CURVE_WITH_KNOTS ( ( 4, 4 ),
 ( 1.642021537340123016, 1.654110246825017061 ),
 .UNSPECIFIED. ) 
 CURVE ( )  GEOMETRIC_REPRESENTATION_ITEM ( )  RATIONAL_B_SPLINE_CURVE ( ( 1.000000000000000000, 0.9999878219623253850, 0.9999878219623253850, 1.000000000000000000 ) ) 
 REPRESENTATION_ITEM ( '' )  );
#2929 = CARTESIAN_POINT ( 'NONE',  ( -9.364011484499288329, 4.556400918644998299, 21.21674284901554230 ) ) ;
#2930 = EDGE_CURVE ( 'NONE', #609, #4141, #806, .T. ) ;
#2931 = CARTESIAN_POINT ( 'NONE',  ( -7.725995998378871299, -8.868977469506090117, 121.7945888331197750 ) ) ;
#2932 = EDGE_CURVE ( 'NONE', #5149, #5015, #5136, .T. ) ;
#2933 = CARTESIAN_POINT ( 'NONE',  ( 2.397296788228950870, 3.870834814628874909, 20.88858630022013330 ) ) ;
#2934 = CARTESIAN_POINT ( 'NONE',  ( -13.52870855610183476, 6.566742086468273953, 19.00000000000000000 ) ) ;
#2935 = CARTESIAN_POINT ( 'NONE',  ( 20.88275103536654598, 11.45580203713433320, 42.40200746962062084 ) ) ;
#2936 = EDGE_LOOP ( 'NONE', ( #4928, #4363, #2269, #1333, #4724 ) ) ;
#2937 = CARTESIAN_POINT ( 'NONE',  ( 14.45378499753492463, 16.29641093940471563, 121.2910637001997571 ) ) ;
#2938 = CARTESIAN_POINT ( 'NONE',  ( -50.00000000000000000, -3.475312508194680738, 3.610394695806004250 ) ) ;
#2939 = CARTESIAN_POINT ( 'NONE',  ( 0.5443123147283587260, -7.116598162237585790, 18.99999999999999289 ) ) ;
#2940 = B_SPLINE_CURVE_WITH_KNOTS ( 'NONE', 3,
 ( #4373, #2845, #5299, #5870, #5927, #1393, #2904, #5330, #2965, #6362, #3917, #3398, #4428, #5389, #4401, #973, #485, #910, #2937, #2368 ),
 .UNSPECIFIED., .F., .F.,
 ( 4, 2, 2, 2, 2, 1, 1, 2, 2, 2, 4 ),
 ( 0.000000000000000000, 0.2500000000001160183, 0.3750000000001741940, 0.4375000000001990630, 0.4687500000002154388, 0.4843750000002233214, 0.4921875000002273182, 0.4960937500002323142, 0.5000000000002373657, 0.7500000000001186828, 1.000000000000000000 ),
 .UNSPECIFIED. ) ;
#2941 = CARTESIAN_POINT ( 'NONE',  ( -9.236445468521711888, -3.306295675556992997, 24.15118135527021437 ) ) ;
#2942 = ORIENTED_EDGE ( 'NONE', *, *, #1038, .F. ) ;
#2943 = CARTESIAN_POINT ( 'NONE',  ( 21.50606785317361158, 6.865135091826870983, 21.06591149758573067 ) ) ;
#2944 = CARTESIAN_POINT ( 'NONE',  ( 24.79999999999999361, -9.573965526745718435, 16.00000000000000000 ) ) ;
#2945 = CARTESIAN_POINT ( 'NONE',  ( -10.06746594993243527, -7.795086889076063841, 119.4807231685845466 ) ) ;
#2946 = CARTESIAN_POINT ( 'NONE',  ( -11.60681135490517768, 5.370445120061518196, 19.62794188757404612 ) ) ;
#2947 = EDGE_CURVE ( 'NONE', #294, #5491, #5694, .T. ) ;
#2948 = CARTESIAN_POINT ( 'NONE',  ( -13.60920444409470953, 3.488231257004987818, 21.37319986864890353 ) ) ;
#2949 = DIRECTION ( 'NONE',  ( 0.9848077530122080203, 0.000000000000000000, 0.1736481776669309418 ) ) ;
#2950 = FACE_OUTER_BOUND ( 'NONE', #2936, .T. ) ;
#2951 = CARTESIAN_POINT ( 'NONE',  ( -38.16948821214907639, -28.75698628249002553, 128.1765454752462290 ) ) ;
#2952 = DIRECTION ( 'NONE',  ( -1.000000000000000000, -0.000000000000000000, -0.000000000000000000 ) ) ;
#2953 = CARTESIAN_POINT ( 'NONE',  ( -9.363436918525520625, 7.040799067076979334, 19.00000000000000000 ) ) ;
#2954 = CARTESIAN_POINT ( 'NONE',  ( -8.523610694613759975, 5.171515215478338590, 15.00000000000001421 ) ) ;
#2955 = CARTESIAN_POINT ( 'NONE',  ( -13.26840464907215456, 4.595403459805641688, 19.84189549074592307 ) ) ;
#2956 = CARTESIAN_POINT ( 'NONE',  ( -14.91455359357385824, -2.860759503331519849, 15.97742798766488548 ) ) ;
#2957 = VERTEX_POINT ( 'NONE', #1506 ) ;
#2958 = CARTESIAN_POINT ( 'NONE',  ( -8.996961910558979980, 4.532310829600210589, 21.22534824107899354 ) ) ;
#2959 = CARTESIAN_POINT ( 'NONE',  ( -5.426302255623410176, -9.805023368432884467, 121.8290191386076629 ) ) ;
#2960 = CARTESIAN_POINT ( 'NONE',  ( 1.534160651041203582, 4.265252008591786215, 19.97761102569437952 ) ) ;
#2961 =( BOUNDED_CURVE ( )  B_SPLINE_CURVE ( 3, ( #6137, #4721, #751, #5203 ),
 .UNSPECIFIED., .F., .T. ) 
 B_SPLINE_CURVE_WITH_KNOTS ( ( 4, 4 ),
 ( 1.667546534607186492, 1.669479286354671244 ),
 .UNSPECIFIED. ) 
 CURVE ( )  GEOMETRIC_REPRESENTATION_ITEM ( )  RATIONAL_B_SPLINE_CURVE ( ( 1.000000000000000000, 0.9999996887059143802, 0.9999996887059143802, 1.000000000000000000 ) ) 
 REPRESENTATION_ITEM ( '' )  );
#2962 = CARTESIAN_POINT ( 'NONE',  ( -13.03269785046209606, 4.965939961330960273, 19.63550508315950793 ) ) ;
#2963 = CARTESIAN_POINT ( 'NONE',  ( 21.66022214263489332, 7.750656481145566268, 24.15118135527028898 ) ) ;
#2964 = ORIENTED_EDGE ( 'NONE', *, *, #921, .F. ) ;
#2965 = CARTESIAN_POINT ( 'NONE',  ( 13.17022195561272824, 16.92153074441126392, 120.4554237253510820 ) ) ;
#2966 = EDGE_CURVE ( 'NONE', #5015, #4483, #3895, .T. ) ;
#2967 = CARTESIAN_POINT ( 'NONE',  ( 2.102902087758000693, -4.145281958676620526, 21.42759360554363113 ) ) ;
#2968 = CIRCLE ( 'NONE', #3705, 0.7000000000000002887 ) ;
#2969 = CARTESIAN_POINT ( 'NONE',  ( -11.07604025670254444, -4.147531977632402445, 42.40200746962059952 ) ) ;
#2970 = ORIENTED_EDGE ( 'NONE', *, *, #3121, .F. ) ;
#2971 = CARTESIAN_POINT ( 'NONE',  ( -13.55068111873139358, 1.959269614249062208, 19.00000000000001066 ) ) ;
#2972 = CARTESIAN_POINT ( 'NONE',  ( -10.31209862149287027, 5.109402950775784547, 1.769999238000232289 ) ) ;
#2973 = CARTESIAN_POINT ( 'NONE',  ( -50.00000000000000000, 4.696178767820459399, 7.127216953484121653 ) ) ;
#2974 = CARTESIAN_POINT ( 'NONE',  ( -11.24207107878438094, 4.571367522442365328, 21.19979824208187580 ) ) ;
#2975 = CARTESIAN_POINT ( 'NONE',  ( -13.62779598672949000, 3.454839868025714189, 21.38491756473773009 ) ) ;
#2976 = LINE ( 'NONE', #470, #958 ) ;
#2977 = B_SPLINE_CURVE_WITH_KNOTS ( 'NONE', 3,
 ( #3374, #3771, #5730, #1309, #3280, #5244, #830, #2852, #3800, #2787, #5760, #5791, #4764, #2312, #4290, #6253, #1830, #889 ),
 .UNSPECIFIED., .F., .F.,
 ( 4, 2, 2, 2, 2, 2, 2, 2, 4 ),
 ( 0.002245012582866600694, 0.002827218966551856612, 0.003409425350237112531, 0.003991631733922368884, 0.004573838117607625237, 0.005156044501292880722, 0.005738250884978137074, 0.006320457268663392560, 0.006902663652348648912 ),
 .UNSPECIFIED. ) ;
#2978 = CARTESIAN_POINT ( 'NONE',  ( -13.67976016714512966, 1.800651472461390679, 21.68918199593567664 ) ) ;
#2979 = PLANE ( 'NONE',  #1560 ) ;
#2980 = CARTESIAN_POINT ( 'NONE',  ( -3.750990980343718473, 4.022445358905363477, -210.0000000000000284 ) ) ;
#2981 = CARTESIAN_POINT ( 'NONE',  ( -9.120305452377190036, 4.536508921838258601, 21.24446099015529654 ) ) ;
#2982 = CARTESIAN_POINT ( 'NONE',  ( -6.903499867705229498, 2.512040903263353275, 42.40200746962069900 ) ) ;
#2983 = CARTESIAN_POINT ( 'NONE',  ( -13.23726197594877441, 3.912400383835181295, 21.26787871036412625 ) ) ;
#2984 = DIRECTION ( 'NONE',  ( 0.7313537016191671292, 0.6819983600625021403, 0.000000000000000000 ) ) ;
#2985 = ORIENTED_EDGE ( 'NONE', *, *, #5568, .T. ) ;
#2986 = CARTESIAN_POINT ( 'NONE',  ( -11.57186805337687652, 4.556550241022074843, 21.17215187033351853 ) ) ;
#2987 = CARTESIAN_POINT ( 'NONE',  ( -4.903213587853462840, -7.277687035733308996, 121.8902569335099173 ) ) ;
#2988 = CARTESIAN_POINT ( 'NONE',  ( -2.278796198924974536, 4.199264064607730162, 20.19811168760594811 ) ) ;
#2989 = CARTESIAN_POINT ( 'NONE',  ( -13.66987481549263528, 5.516487586107561292, 19.16478173888189929 ) ) ;
#2990 = CARTESIAN_POINT ( 'NONE',  ( 13.16497525145094372, 16.76353242251758147, 115.8311238661721347 ) ) ;
#2991 = VERTEX_POINT ( 'NONE', #4937 ) ;
#2992 = CARTESIAN_POINT ( 'NONE',  ( 20.70599982472175427, 12.06447065487097703, 42.40200746962064926 ) ) ;
#2993 = LINE ( 'NONE', #2093, #440 ) ;
#2994 = CARTESIAN_POINT ( 'NONE',  ( -3.565715107464157985, -4.856810367485755009, 21.53453659732571879 ) ) ;
#2995 = CARTESIAN_POINT ( 'NONE',  ( 9.493529373252293624, 6.479146456773309026, 19.07339466530943994 ) ) ;
#2996 = EDGE_CURVE ( 'NONE', #4179, #1972, #3134, .T. ) ;
#2997 = CARTESIAN_POINT ( 'NONE',  ( -6.193370345143836886, -8.436457686488294527, 124.9999999999997442 ) ) ;
#2998 = ORIENTED_EDGE ( 'NONE', *, *, #1459, .F. ) ;
#2999 = CARTESIAN_POINT ( 'NONE',  ( 10.31583381411814138, -0.3128275644372962017, 21.26856867263803252 ) ) ;
#3001 = EDGE_CURVE ( 'NONE', #2591, #4179, #4485, .T. ) ;
#3000 = CARTESIAN_POINT ( 'NONE',  ( -9.560639049119355803, -7.651755926136134534, 121.7754941869627316 ) ) ;
#3002 = CARTESIAN_POINT ( 'NONE',  ( 23.47688918264595870, 5.317201494260092254, 19.00000000000000711 ) ) ;
#3003 = CARTESIAN_POINT ( 'NONE',  ( -20.06677489291575966, -13.99145063748610518, 131.4999999999999716 ) ) ;
#3004 = CARTESIAN_POINT ( 'NONE',  ( -7.167239194526498380, -6.687366942137492387, 19.00000000000000711 ) ) ;
#3005 = EDGE_LOOP ( 'NONE', ( #1358, #2611, #2691, #5813, #6275, #1528, #3601, #1096 ) ) ;
#3006 = CARTESIAN_POINT ( 'NONE',  ( -11.96434339723089657, 4.888465492051032868, 20.07044635102894858 ) ) ;
#3007 = CIRCLE ( 'NONE', #2084, 332.0000000000000568 ) ;
#3008 = CARTESIAN_POINT ( 'NONE',  ( -14.10075339030064789, 3.717579472257415141, 19.91138847641078868 ) ) ;
#3009 = PLANE ( 'NONE',  #4369 ) ;
#3010 = CARTESIAN_POINT ( 'NONE',  ( -13.40483105315772860, 6.622642948758575621, 19.00000000000000711 ) ) ;
#3011 = VECTOR ( 'NONE', #5427, 1000.000000000000000 ) ;
#3012 = CARTESIAN_POINT ( 'NONE',  ( -9.516142077980019209, -7.128046303654111959, 119.5162769193788250 ) ) ;
#3013 = AXIS2_PLACEMENT_3D ( 'NONE', #920, #491, #3465 ) ;
#3014 = DIRECTION ( 'NONE',  ( -0.9212888906039395920, 0.3888788758080875541, 0.000000000000000000 ) ) ;
#3015 = CARTESIAN_POINT ( 'NONE',  ( 11.73415741204732932, 17.84546899693958011, 120.9445246794998070 ) ) ;
#3016 = CARTESIAN_POINT ( 'NONE',  ( -9.094951161017830188, 4.931533729694897339, 20.09609363368574009 ) ) ;
#3017 = CARTESIAN_POINT ( 'NONE',  ( -13.68074170634378994, 3.064845021608354259, 24.15118135527027476 ) ) ;
#3018 = CARTESIAN_POINT ( 'NONE',  ( -14.51973590386285196, 6.055471781972554979, 19.00000000000000000 ) ) ;
#3019 = CARTESIAN_POINT ( 'NONE',  ( 18.63660999587733613, -3.475312508194680738, 3.610394695806004250 ) ) ;
#3020 = ORIENTED_EDGE ( 'NONE', *, *, #5487, .F. ) ;
#3021 = VECTOR ( 'NONE', #4320, 1000.000000000000114 ) ;
#3022 = CARTESIAN_POINT ( 'NONE',  ( -16.00000000000000000, -4.000000000000000000, 15.00000000000000178 ) ) ;
#3023 = CARTESIAN_POINT ( 'NONE',  ( -13.84774698872232968, 2.466392591719536842, 21.51495177740561715 ) ) ;
#3024 = CARTESIAN_POINT ( 'NONE',  ( -0.5688757924751463024, 5.030459086586713369, 19.31111106508631892 ) ) ;
#3025 = CARTESIAN_POINT ( 'NONE',  ( -14.03528027446843041, 6.331693139172212881, 19.00000000000000000 ) ) ;
#3026 = CARTESIAN_POINT ( 'NONE',  ( 18.90245878537072244, 12.01345057690353890, 70.05120874106590634 ) ) ;
#3027 = EDGE_LOOP ( 'NONE', ( #163, #272, #6392, #4007 ) ) ;
#3028 = EDGE_CURVE ( 'NONE', #15, #548, #1609, .T. ) ;
#3029 = CARTESIAN_POINT ( 'NONE',  ( 22.07839653727009122, 5.907689117210098040, 15.00000000000000711 ) ) ;
#3030 = CARTESIAN_POINT ( 'NONE',  ( 8.010342403427600289, 5.593821829991683536, 19.34797373403124610 ) ) ;
#3031 = CARTESIAN_POINT ( 'NONE',  ( -5.603200373244325405, -6.661878553450920393, 97.49437716547390664 ) ) ;
#3032 = VERTEX_POINT ( 'NONE', #2001 ) ;
#3033 = CARTESIAN_POINT ( 'NONE',  ( 18.01033040658117201, 4.377916968068294779, 21.11369115123021700 ) ) ;
#3034 = CARTESIAN_POINT ( 'NONE',  ( -9.406946188348001670, -7.467936395476280964, 121.7841634112942444 ) ) ;
#3035 = CARTESIAN_POINT ( 'NONE',  ( 22.09756821468582899, 6.908096557573200514, 19.00000000000030198 ) ) ;
#3036 = LINE ( 'NONE', #1009, #4374 ) ;
#3037 = CARTESIAN_POINT ( 'NONE',  ( -1.484559940496289254, -7.374191786275679839, 19.00000000000000355 ) ) ;
#3038 = ORIENTED_EDGE ( 'NONE', *, *, #5135, .T. ) ;
#3039 = CARTESIAN_POINT ( 'NONE',  ( -13.64058009570904417, 3.461939522090242249, 21.06759852434560543 ) ) ;
#3040 = CARTESIAN_POINT ( 'NONE',  ( -8.405039095954197848, -13.99145063748610873, 123.1360464756590005 ) ) ;
#3041 = CARTESIAN_POINT ( 'NONE',  ( -13.67977731531037122, 1.800686070518151105, 21.68917500863579662 ) ) ;
#3042 = CARTESIAN_POINT ( 'NONE',  ( -9.280119772242315435, -6.846228065263981755, 119.5309948109820937 ) ) ;
#3043 = CARTESIAN_POINT ( 'NONE',  ( 14.51570695887618712, 18.06247228545155536, 121.1955566833746616 ) ) ;
#3044 = DIRECTION ( 'NONE',  ( 0.000000000000000000, -1.239088197126291852E-15, -1.000000000000000000 ) ) ;
#3045 = CARTESIAN_POINT ( 'NONE',  ( -9.657248197638862663, 4.598118333340316610, 20.92902264911129251 ) ) ;
#3046 = CARTESIAN_POINT ( 'NONE',  ( -13.23944501178370281, 3.546544540503226095, 24.15118135527026766 ) ) ;
#3047 = CARTESIAN_POINT ( 'NONE',  ( -13.20484281441032515, 4.083243633297652941, 20.64635832409220839 ) ) ;
#3048 = CARTESIAN_POINT ( 'NONE',  ( 17.76607770524114827, -9.359040458770056858, -1.326639257469184985 ) ) ;
#3049 = ORIENTED_EDGE ( 'NONE', *, *, #2966, .F. ) ;
#3050 = CARTESIAN_POINT ( 'NONE',  ( 18.63660999587732903, 3.475312508194681183, 3.610394695806000254 ) ) ;
#3051 = CARTESIAN_POINT ( 'NONE',  ( 18.59970211364905879, 6.944981027442445942, 21.21020935370167138 ) ) ;
#3052 = AXIS2_PLACEMENT_3D ( 'NONE', #4109, #1159, #581 ) ;
#3053 = CARTESIAN_POINT ( 'NONE',  ( -2.253006026101790571, 4.615537092588067658, 19.70607885473133791 ) ) ;
#3054 = FACE_OUTER_BOUND ( 'NONE', #1605, .T. ) ;
#3055 = CARTESIAN_POINT ( 'NONE',  ( -12.96361626070259021, 4.127030591762825829, 20.92205035366724175 ) ) ;
#3056 = DIRECTION ( 'NONE',  ( 1.000000000000000000, 0.000000000000000000, 0.000000000000000000 ) ) ;
#3057 = ORIENTED_EDGE ( 'NONE', *, *, #5885, .F. ) ;
#3058 = CARTESIAN_POINT ( 'NONE',  ( 18.74999165331412243, 12.27600357453029645, 70.05120874106590634 ) ) ;
#3059 = B_SPLINE_CURVE_WITH_KNOTS ( 'NONE', 3,
 ( #558, #4977, #5432, #3591, #4948, #4016, #165, #2143, #1015, #3106, #1132, #2041, #1044, #3010, #6003, #5555, #2522, #131, #2613, #4117, #4562, #5005, #66, #3526, #1490, #3559, #3990, #2109, #4084, #5462, #5968, #1550, #587, #4049, #6035, #1585, #38, #5070 ),
 .UNSPECIFIED., .F., .F.,
 ( 4, 2, 2, 2, 2, 2, 2, 2, 2, 2, 2, 2, 2, 2, 2, 2, 2, 2, 4 ),
 ( 0.04943656356068896335, 0.04997414046090694478, 0.05051171736112491928, 0.05104929426134290765, 0.05158687116156088909, 0.05212444806177887052, 0.05266202496199685196, 0.05373717876243282177, 0.05481233256286878464, 0.05588748636330475444, 0.05803779396417668712, 0.06018810156504861286, 0.06233840916592053860, 0.06663902436766439008, 0.06878933196853631582, 0.07093963956940824156, 0.07524025477115209304, 0.07954086997289594452, 0.08384148517463978212 ),
 .UNSPECIFIED. ) ;
#3060 = CARTESIAN_POINT ( 'NONE',  ( -15.66918529334246735, -7.091450637486104824, 131.1109613602280319 ) ) ;
#3061 = CARTESIAN_POINT ( 'NONE',  ( 9.698489190654482783, 5.341151585493771670, 19.81926193991890273 ) ) ;
#3062 = CARTESIAN_POINT ( 'NONE',  ( -7.632150081926760699, -3.555486575874352795, 15.00000000000006928 ) ) ;
#3063 = ORIENTED_EDGE ( 'NONE', *, *, #1303, .F. ) ;
#3064 = CARTESIAN_POINT ( 'NONE',  ( -16.00000000000014921, 1.991666771924934132, 18.99999999999981171 ) ) ;
#3065 = FACE_OUTER_BOUND ( 'NONE', #915, .T. ) ;
#3066 = CARTESIAN_POINT ( 'NONE',  ( 22.10214402167918024, 7.421293639590365032, 19.00000000000408207 ) ) ;
#3067 = AXIS2_PLACEMENT_3D ( 'NONE', #6187, #5216, #346 ) ;
#3068 = LINE ( 'NONE', #5519, #3956 ) ;
#3069 = AXIS2_PLACEMENT_3D ( 'NONE', #1630, #2079, #4056 ) ;
#3070 = CARTESIAN_POINT ( 'NONE',  ( -0.05118259746751677858, -7.219691890816863911, 19.00000000000000355 ) ) ;
#3071 = ORIENTED_EDGE ( 'NONE', *, *, #1819, .T. ) ;
#3072 = CARTESIAN_POINT ( 'NONE',  ( -14.99790556779186090, 4.215985024779955737, 19.17944047834729560 ) ) ;
#3073 = FACE_OUTER_BOUND ( 'NONE', #1541, .T. ) ;
#3074 = EDGE_CURVE ( 'NONE', #6356, #5683, #3979, .T. ) ;
#3075 = CARTESIAN_POINT ( 'NONE',  ( -9.390876128490827313, -9.211760642629990059, 121.7415161118147040 ) ) ;
#3076 = CARTESIAN_POINT ( 'NONE',  ( -16.00000000000000000, -9.573965526745718435, 16.00000000000000000 ) ) ;
#3077 = CARTESIAN_POINT ( 'NONE',  ( 11.60508300782803914, 17.95019771236142603, 121.0643555431069842 ) ) ;
#3078 = CARTESIAN_POINT ( 'NONE',  ( -9.479036331431462514, 4.589612646845885990, 20.93261320983555507 ) ) ;
#3079 = CARTESIAN_POINT ( 'NONE',  ( -11.97382945861488857, -2.073333055221487253, 70.05120874106590634 ) ) ;
#3080 = CARTESIAN_POINT ( 'NONE',  ( -13.39217994123622368, 4.110980304529293861, 20.38467494856062601 ) ) ;
#3081 = CARTESIAN_POINT ( 'NONE',  ( -8.236626041574961476, -5.677602200067212834, 119.6040966874894735 ) ) ;
#3082 = EDGE_LOOP ( 'NONE', ( #1387, #2826, #209, #6367, #4038, #4701, #5874 ) ) ;
#3083 = CARTESIAN_POINT ( 'NONE',  ( 11.69944149404774159, 7.630928023377848035, 19.00000000000000000 ) ) ;
#3084 = CARTESIAN_POINT ( 'NONE',  ( -12.95220882209137692, 4.098050163405873469, 21.20269007290027119 ) ) ;
#3085 = EDGE_CURVE ( 'NONE', #3522, #5095, #685, .T. ) ;
#3086 = CARTESIAN_POINT ( 'NONE',  ( 18.25291681923062725, 8.011632340199794200, 19.38915491754480769 ) ) ;
#3087 = CARTESIAN_POINT ( 'NONE',  ( -2.299832430839829911, 3.859278011369680961, 21.42549023252022877 ) ) ;
#3088 = CARTESIAN_POINT ( 'NONE',  ( 20.58387652649111388, 11.99212706821765906, 42.40200746962066347 ) ) ;
#3089 = CARTESIAN_POINT ( 'NONE',  ( -13.21231785666789094, 4.625491158927676594, 19.84027923511234803 ) ) ;
#3090 = CARTESIAN_POINT ( 'NONE',  ( 14.59147304773560272, -3.343284608540926239, 3.809889153012329110 ) ) ;
#3091 = ORIENTED_EDGE ( 'NONE', *, *, #240, .F. ) ;
#3092 = CARTESIAN_POINT ( 'NONE',  ( 20.58387652649113875, 11.99212706821768393, 42.40200746962064926 ) ) ;
#3093 = CARTESIAN_POINT ( 'NONE',  ( -14.93604570052263547, -7.091450637486104824, 131.1361544408449333 ) ) ;
#3094 = CARTESIAN_POINT ( 'NONE',  ( 21.40771213455940369, 8.742549761943998021, 19.63493216837922262 ) ) ;
#3095 = CARTESIAN_POINT ( 'NONE',  ( 9.791005314627188483, 4.827475900542275156, 20.71225669584907081 ) ) ;
#3096 = CARTESIAN_POINT ( 'NONE',  ( 6.423673465400481675, -2.182140840513397073, 24.15118135527028187 ) ) ;
#3097 = ORIENTED_EDGE ( 'NONE', *, *, #2273, .F. ) ;
#3098 = CARTESIAN_POINT ( 'NONE',  ( 24.79999999999999005, 9.000000000000000000, 16.50000000000000000 ) ) ;
#3099 = CARTESIAN_POINT ( 'NONE',  ( -21.02586606187816898, -7.091450637486104824, 121.3982070158709234 ) ) ;
#3100 = CARTESIAN_POINT ( 'NONE',  ( 21.51891866515102691, 7.533719007922518252, 19.00000000000173372 ) ) ;
#3101 = CARTESIAN_POINT ( 'NONE',  ( -13.50725929275243864, 1.904763153663287856, 18.99999999999960210 ) ) ;
#3102 = FACE_OUTER_BOUND ( 'NONE', #3826, .T. ) ;
#3103 = ORIENTED_EDGE ( 'NONE', *, *, #808, .T. ) ;
#3104 = CARTESIAN_POINT ( 'NONE',  ( -15.62981363377001109, 4.325950198482495068, 19.00000000000000000 ) ) ;
#3105 = EDGE_CURVE ( 'NONE', #6069, #4577, #2993, .T. ) ;
#3106 = CARTESIAN_POINT ( 'NONE',  ( -14.52350742264385985, 6.056217934112041235, 18.99999999999998579 ) ) ;
#3107 = CARTESIAN_POINT ( 'NONE',  ( 14.38428087343136852, 18.06247228545155536, 121.1807253621139182 ) ) ;
#3108 = LINE ( 'NONE', #5110, #1381 ) ;
#3109 = CARTESIAN_POINT ( 'NONE',  ( -10.01809022042099606, 4.609674092526545586, 20.92192988567409273 ) ) ;
#3110 = CARTESIAN_POINT ( 'NONE',  ( -11.70136603516623985, -5.147484102397108074, 97.49437716547352295 ) ) ;
#3111 = CARTESIAN_POINT ( 'NONE',  ( -14.03660274534100871, 4.937272706495485330, 19.27986384167165568 ) ) ;
#3112 = PLANE ( 'NONE',  #1943 ) ;
#3113 = ORIENTED_EDGE ( 'NONE', *, *, #3810, .T. ) ;
#3114 = CARTESIAN_POINT ( 'NONE',  ( -13.74537039023903340, 3.194370645361976457, 21.42001949276962947 ) ) ;
#3115 = AXIS2_PLACEMENT_3D ( 'NONE', #2702, #1747, #5196 ) ;
#3116 = CARTESIAN_POINT ( 'NONE',  ( -9.309863266183732833, -9.205909195669335077, 121.7439276041790350 ) ) ;
#3117 = CARTESIAN_POINT ( 'NONE',  ( -10.58918105242034358, -1.959329148473219151, 18.99999999999915801 ) ) ;
#3118 = CARTESIAN_POINT ( 'NONE',  ( -0.5610260583924752131, 5.330897016414303025, 19.18761970112699800 ) ) ;
#3119 = CARTESIAN_POINT ( 'NONE',  ( 21.83171184249239616, 7.147427084241162909, 21.05930808063053661 ) ) ;
#3120 = VECTOR ( 'NONE', #1926, 1000.000000000000000 ) ;
#3121 = EDGE_CURVE ( 'NONE', #3505, #4073, #3933, .T. ) ;
#3122 = CARTESIAN_POINT ( 'NONE',  ( -13.05672695767325209, 4.336118704003651736, 20.35535349342470468 ) ) ;
#3123 = CARTESIAN_POINT ( 'NONE',  ( 19.00143136166156310, 12.12268024765191221, 70.05120874106590634 ) ) ;
#3124 = ORIENTED_EDGE ( 'NONE', *, *, #118, .F. ) ;
#3125 = CARTESIAN_POINT ( 'NONE',  ( 18.88003539922290130, 11.98231002367169395, 70.05120874106590634 ) ) ;
#3126 = CARTESIAN_POINT ( 'NONE',  ( 12.98155136798687259, 17.32657544656357373, 118.9989158519937860 ) ) ;
#3127 = EDGE_CURVE ( 'NONE', #4644, #5622, #1558, .T. ) ;
#3128 = CARTESIAN_POINT ( 'NONE',  ( 8.647943124005214699, 6.681218549349891234, 19.00000000000000000 ) ) ;
#3129 = CARTESIAN_POINT ( 'NONE',  ( -12.19705145535876056, 6.052674181952892418, 19.16241564651846474 ) ) ;
#3130 = EDGE_CURVE ( 'NONE', #478, #5054, #4908, .T. ) ;
#3131 = CARTESIAN_POINT ( 'NONE',  ( -5.862521100796616480, -4.584034304459879472, 24.15118135527028542 ) ) ;
#3132 = ORIENTED_EDGE ( 'NONE', *, *, #3971, .T. ) ;
#3133 = CARTESIAN_POINT ( 'NONE',  ( 12.26207293265204790, 17.28736038337132186, 119.6228972463901670 ) ) ;
#3134 =( BOUNDED_CURVE ( )  B_SPLINE_CURVE ( 3, ( #2453, #3948, #512, #2483 ),
 .UNSPECIFIED., .F., .T. ) 
 B_SPLINE_CURVE_WITH_KNOTS ( ( 4, 4 ),
 ( 0.6108652381980156365, 2.443460952792055885 ),
 .UNSPECIFIED. ) 
 CURVE ( )  GEOMETRIC_REPRESENTATION_ITEM ( )  RATIONAL_B_SPLINE_CURVE ( ( 1.000000000000000000, 0.7391742860058152509, 0.7391742860058152509, 1.000000000000000000 ) ) 
 REPRESENTATION_ITEM ( '' )  );
#3135 = CARTESIAN_POINT ( 'NONE',  ( 21.92545932104990669, 2.646806675770809747, 15.65440641489371565 ) ) ;
#3136 = CARTESIAN_POINT ( 'NONE',  ( 21.86474820210887771, 7.188516804429411877, 21.09394322204392935 ) ) ;
#3137 = CARTESIAN_POINT ( 'NONE',  ( -15.91591842304989157, 0.6985727656724950441, 19.00000000000000000 ) ) ;
#3138 = CARTESIAN_POINT ( 'NONE',  ( 16.97639600679458383, 6.642875636048747090, 20.48487612776184363 ) ) ;
#3139 = CARTESIAN_POINT ( 'NONE',  ( -2.916198452000186681, -7.419495320185358622, 19.00000000000000000 ) ) ;
#3140 = VERTEX_POINT ( 'NONE', #5090 ) ;
#3141 = CARTESIAN_POINT ( 'NONE',  ( -14.35594037360190001, 3.711341500921053971, 19.69823567768518657 ) ) ;
#3142 = DIRECTION ( 'NONE',  ( -1.079299744218610763E-14, 1.000000000000000000, 0.000000000000000000 ) ) ;
#3143 = CARTESIAN_POINT ( 'NONE',  ( -4.840454667077837669, -2.469072767835251536, 119.8018631092355548 ) ) ;
#3144 = DIRECTION ( 'NONE',  ( 1.000000000000000000, 0.000000000000000000, 0.000000000000000000 ) ) ;
#3145 = CARTESIAN_POINT ( 'NONE',  ( -10.09321068356258522, 5.622213319570819934, 19.43392637750025997 ) ) ;
#3146 = CARTESIAN_POINT ( 'NONE',  ( -14.14847237809049041, 0.2304284073147633560, 42.40200746962064926 ) ) ;
#3147 = CARTESIAN_POINT ( 'NONE',  ( -13.82399051591944605, 4.466074253555296636, 19.65619073124619831 ) ) ;
#3148 = DIRECTION ( 'NONE',  ( -2.178330401786158105E-16, 0.000000000000000000, 1.000000000000000000 ) ) ;
#3149 = ORIENTED_EDGE ( 'NONE', *, *, #4830, .T. ) ;
#3150 = DIRECTION ( 'NONE',  ( 1.000000000000000000, 0.000000000000000000, 0.000000000000000000 ) ) ;
#3151 = CARTESIAN_POINT ( 'NONE',  ( -10.03344887755355508, -8.705994056754272847, 119.6268836574467969 ) ) ;
#3152 = DIRECTION ( 'NONE',  ( 0.000000000000000000, 0.000000000000000000, -1.000000000000000000 ) ) ;
#3153 = CARTESIAN_POINT ( 'NONE',  ( 16.14164593652393620, 6.575344025487591004, 20.14946364688664104 ) ) ;
#3154 = CARTESIAN_POINT ( 'NONE',  ( 19.57552624927867768, 9.140256117627606258, 19.08211477303338199 ) ) ;
#3155 = CARTESIAN_POINT ( 'NONE',  ( 7.135985517435390335, -2.176395416428036800, 18.99999999999832312 ) ) ;
#3156 = CARTESIAN_POINT ( 'NONE',  ( -3.541734248047912370, 4.167661927471737471, 20.46832288934788124 ) ) ;
#3157 = CARTESIAN_POINT ( 'NONE',  ( 17.20720531022184474, 6.931599867838064810, 24.15118135527026055 ) ) ;
#3158 = B_SPLINE_CURVE_WITH_KNOTS ( 'NONE', 3,
 ( #4414, #5348, #2892, #4859, #4389, #6350, #4892, #5373, #2468, #955, #472, #2438 ),
 .UNSPECIFIED., .F., .F.,
 ( 4, 2, 2, 2, 2, 4 ),
 ( 0.006865562925209597704, 0.007114352870532841128, 0.007363142815856084551, 0.007860722706502544510, 0.008358302597149003602, 0.008855882487795462693 ),
 .UNSPECIFIED. ) ;
#3159 = CARTESIAN_POINT ( 'NONE',  ( -13.03322549055399548, 4.191622474765809514, 20.62691097417598129 ) ) ;
#3160 = CARTESIAN_POINT ( 'NONE',  ( 14.70693430900759680, -3.385086341305040492, 3.711340065729909821 ) ) ;
#3161 = ORIENTED_EDGE ( 'NONE', *, *, #6059, .T. ) ;
#3162 = CARTESIAN_POINT ( 'NONE',  ( -0.3409991800312067722, 0.3656768508095292747, -210.0000000000000000 ) ) ;
#3163 = CARTESIAN_POINT ( 'NONE',  ( 12.81924118742660745, 17.69335085646434180, 121.3077203407589337 ) ) ;
#3164 = EDGE_CURVE ( 'NONE', #4889, #2957, #1226, .T. ) ;
#3165 = CARTESIAN_POINT ( 'NONE',  ( 6.560240085463821202, 4.177745120825854030, 21.32023789045829787 ) ) ;
#3166 = CARTESIAN_POINT ( 'NONE',  ( -12.05633288906813050, 4.723918455230035285, 20.33918050671812239 ) ) ;
#3167 = CARTESIAN_POINT ( 'NONE',  ( 1.343568863479328357, -2.039731242568147973, 70.05120874106602002 ) ) ;
#3168 = VERTEX_POINT ( 'NONE', #5545 ) ;
#3169 = CARTESIAN_POINT ( 'NONE',  ( -12.38410732583066398, -9.573965526745718435, 13.52094453300079202 ) ) ;
#3170 = CARTESIAN_POINT ( 'NONE',  ( 14.47253292709598327, 18.82944492032429906, 121.1723492976133656 ) ) ;
#3171 = CARTESIAN_POINT ( 'NONE',  ( -16.00000000000000000, -9.573965526745718435, 19.00000000000000000 ) ) ;
#3172 = CARTESIAN_POINT ( 'NONE',  ( 21.88454061799632910, 7.219058949960231786, 21.12056791307555770 ) ) ;
#3173 = CARTESIAN_POINT ( 'NONE',  ( 15.42673040966559661, 6.090683563233005415, 20.80760998617266821 ) ) ;
#3174 = DIRECTION ( 'NONE',  ( -0.7313537016191670181, -0.6819983600625022513, 0.000000000000000000 ) ) ;
#3175 = CARTESIAN_POINT ( 'NONE',  ( 16.78976246291662378, 7.255607254056306132, 19.60703857024273589 ) ) ;
#3176 = ORIENTED_EDGE ( 'NONE', *, *, #4287, .F. ) ;
#3177 = CARTESIAN_POINT ( 'NONE',  ( -13.99784084021442077, 3.485538998259446686, 20.18971556576375903 ) ) ;
#3178 = DIRECTION ( 'NONE',  ( 0.000000000000000000, 0.7660444431189771253, 0.6427876096865403621 ) ) ;
#3179 = CARTESIAN_POINT ( 'NONE',  ( -9.275882216076148268, -11.04680234342357359, 121.6911287024867079 ) ) ;
#3180 = CARTESIAN_POINT ( 'NONE',  ( -9.980527049760892666, 6.452139804221721953, 19.05614122190651827 ) ) ;
#3181 = CARTESIAN_POINT ( 'NONE',  ( -12.75340885493435117, -0.2657899147290549435, 24.15118135527027476 ) ) ;
#3182 = AXIS2_PLACEMENT_3D ( 'NONE', #4214, #1124, #192 ) ;
#3183 = CARTESIAN_POINT ( 'NONE',  ( -14.09311566634962531, 4.889724766189439187, 19.28077290437342128 ) ) ;
#3184 = LINE ( 'NONE', #3048, #665 ) ;
#3185 = ORIENTED_EDGE ( 'NONE', *, *, #4662, .F. ) ;
#3186 = CYLINDRICAL_SURFACE ( 'NONE', #4111, 0.7000000000000009548 ) ;
#3187 = CARTESIAN_POINT ( 'NONE',  ( -11.49435577790658236, -10.21569905412400736, 121.6438676969240902 ) ) ;
#3188 = CARTESIAN_POINT ( 'NONE',  ( 13.99999999999999822, 3.341173369522269176, 4.000000000000000000 ) ) ;
#3189 = CARTESIAN_POINT ( 'NONE',  ( 18.58459731325717712, 6.991542703315040796, 21.94126937100745778 ) ) ;
#3190 = CARTESIAN_POINT ( 'NONE',  ( 14.57463687623683235, 1.890174076349695920, 19.00000000000168043 ) ) ;
#3191 = CARTESIAN_POINT ( 'NONE',  ( -2.705109543827854068, 4.102586107916042835, 20.48403643528679652 ) ) ;
#3192 = CARTESIAN_POINT ( 'NONE',  ( 20.65558543883880915, 8.149081677560822357, 24.15118135527027832 ) ) ;
#3193 = CARTESIAN_POINT ( 'NONE',  ( -13.56290105165615500, 5.252093361824121232, 19.27345847478088459 ) ) ;
#3194 = FACE_OUTER_BOUND ( 'NONE', #4134, .T. ) ;
#3195 = ORIENTED_EDGE ( 'NONE', *, *, #371, .F. ) ;
#3196 = CARTESIAN_POINT ( 'NONE',  ( 18.21851732329480456, 8.999999999999998224, 19.02753092030335225 ) ) ;
#3197 = CARTESIAN_POINT ( 'NONE',  ( 10.91113545777545291, 13.60522592326166347, 119.2786008945474521 ) ) ;
#3198 = CARTESIAN_POINT ( 'NONE',  ( 4.907411253573197740, 4.050334156084321791, 20.94173978425728677 ) ) ;
#3199 = CARTESIAN_POINT ( 'NONE',  ( -12.22341430768684845, 4.400361864059215478, 21.20496022874761621 ) ) ;
#3200 = CARTESIAN_POINT ( 'NONE',  ( 0.3604212721188141400, -2.565160904869103753, 70.05120874106594897 ) ) ;
#3201 = ORIENTED_EDGE ( 'NONE', *, *, #6174, .T. ) ;
#3202 = CARTESIAN_POINT ( 'NONE',  ( -11.76661714627018540, 7.359102268665039581, 10.01898370386698289 ) ) ;
#3203 = CARTESIAN_POINT ( 'NONE',  ( -13.71862150502144573, 1.885072081004354416, 21.67141539590284438 ) ) ;
#3204 = ADVANCED_FACE ( 'NONE', ( #4609 ), #4660, .F. ) ;
#3205 = CARTESIAN_POINT ( 'NONE',  ( 20.62048271473643624, 10.27531621723651156, 19.00000000000000000 ) ) ;
#3206 = FACE_OUTER_BOUND ( 'NONE', #3277, .T. ) ;
#3207 = ORIENTED_EDGE ( 'NONE', *, *, #3675, .F. ) ;
#3208 = CARTESIAN_POINT ( 'NONE',  ( -13.68295698517464132, 3.343313780384646883, 21.41077586625739571 ) ) ;
#3209 = ADVANCED_FACE ( 'NONE', ( #6371 ), #5556, .F. ) ;
#3210 = CARTESIAN_POINT ( 'NONE',  ( 23.69706205969961488, 5.529647761852380938, 19.00000000000000711 ) ) ;
#3211 = EDGE_CURVE ( 'NONE', #488, #478, #439, .T. ) ;
#3212 = CARTESIAN_POINT ( 'NONE',  ( 0.7126516067842052493, 6.054551668923031649, 121.9684544595385773 ) ) ;
#3213 = CARTESIAN_POINT ( 'NONE',  ( 2.691622553354469094, 8.317286769732701757, 121.9160560705279437 ) ) ;
#3214 = SURFACE_STYLE_FILL_AREA ( #5663 ) ;
#3215 = CARTESIAN_POINT ( 'NONE',  ( -9.766451056032781963, 7.055236320319709264, 19.00000000000000000 ) ) ;
#3216 = CARTESIAN_POINT ( 'NONE',  ( -14.10103042281573416, -0.5423440528436220820, 42.40200746962059242 ) ) ;
#3217 = CARTESIAN_POINT ( 'NONE',  ( -13.54646093673838081, 3.754062484486154094, 20.70243878925579040 ) ) ;
#3218 = CARTESIAN_POINT ( 'NONE',  ( 19.17156698767087164, 5.385874850037471795, 6.644286557642075763 ) ) ;
#3219 = ORIENTED_EDGE ( 'NONE', *, *, #858, .T. ) ;
#3220 = CARTESIAN_POINT ( 'NONE',  ( 12.99999999999999822, 3.000000000000000000, -5.026757405899497200E-16 ) ) ;
#3221 = CARTESIAN_POINT ( 'NONE',  ( -10.17673791027059060, -7.987372415906642154, 119.4655725944638078 ) ) ;
#3222 = LINE ( 'NONE', #5283, #4884 ) ;
#3223 = DIRECTION ( 'NONE',  ( -0.6819983600625022513, 0.7313537016191670181, -1.485617761692451402E-16 ) ) ;
#3224 = CARTESIAN_POINT ( 'NONE',  ( 19.61518973974471081, 5.437441785516766934, 21.08390762273750951 ) ) ;
#3225 = CARTESIAN_POINT ( 'NONE',  ( -4.213391129840123206, 5.881605293799641032, 19.06072472889821157 ) ) ;
#3226 = CARTESIAN_POINT ( 'NONE',  ( 4.502114980183848481, 3.734421144608111920, 15.00000000000000355 ) ) ;
#3227 = CARTESIAN_POINT ( 'NONE',  ( -13.44418539738913587, 5.016200120881657121, 19.43453337212811505 ) ) ;
#3228 = CARTESIAN_POINT ( 'NONE',  ( 2.972754741702523074, 0.7487691917440943978, 119.9006972922674521 ) ) ;
#3229 = VERTEX_POINT ( 'NONE', #3963 ) ;
#3230 = VECTOR ( 'NONE', #4637, 999.9999999999998863 ) ;
#3231 = DIRECTION ( 'NONE',  ( 1.000000000000000000, 0.000000000000000000, 0.000000000000000000 ) ) ;
#3232 = VECTOR ( 'NONE', #1517, 1000.000000000000000 ) ;
#3233 = CARTESIAN_POINT ( 'NONE',  ( 2.756706246444632580, 0.4659440039458613847, 119.9062697847323449 ) ) ;
#3234 = B_SPLINE_CURVE_WITH_KNOTS ( 'NONE', 3,
 ( #2063, #549, #1063, #1007, #4463, #2546, #2032, #610, #977, #1511, #518, #1, #2005, #4039, #4997, #5454, #5516, #30, #5932, #5992, #122, #2487, #2578, #3516, #4969, #4913, #4942, #4490, #1973, #1577, #1035, #2999, #59, #4554, #5960, #3550, #1542, #3033, #1091, #5875, #5484, #1457, #3434, #5394, #2943, #1484 ),
 .UNSPECIFIED., .F., .F.,
 ( 4, 2, 2, 2, 2, 2, 2, 2, 2, 2, 2, 2, 2, 2, 2, 2, 2, 2, 2, 2, 2, 2, 4 ),
 ( -5.999999999916615688E-08, 0.001292978072472872287, 0.002586016144945743785, 0.003879054217418615499, 0.005172092289891487213, 0.006465130362364358493, 0.007758168434837230641, 0.01034424457978297060, 0.01163728265225584188, 0.01293032072472871316, 0.01551639686967445919, 0.01680943494214733047, 0.01810247301462020522, 0.02068854915956595472, 0.02327462530451170422, 0.02586070144945744678, 0.03103285373934893884, 0.03361892988429469181, 0.03620500602924043437, 0.03749804410171330565, 0.03879108217418617693, 0.04008412024665904821, 0.04137715831913191949 ),
 .UNSPECIFIED. ) ;
#3235 = AXIS2_PLACEMENT_3D ( 'NONE', #5939, #4252, #4727 ) ;
#3236 = VECTOR ( 'NONE', #5066, 1000.000000000000000 ) ;
#3237 = CARTESIAN_POINT ( 'NONE',  ( 5.706578519940167737, 4.360937938984799978, 20.32252224994552137 ) ) ;
#3238 = ADVANCED_FACE ( 'NONE', ( #2919 ), #2979, .F. ) ;
#3239 = CARTESIAN_POINT ( 'NONE',  ( -12.38433937883174174, 5.444166010531028554, 19.42931536922978353 ) ) ;
#3240 = CARTESIAN_POINT ( 'NONE',  ( -2.687835601585728984, -4.892497001221812525, 15.00000000000000711 ) ) ;
#3241 = ORIENTED_EDGE ( 'NONE', *, *, #2354, .T. ) ;
#3242 = CARTESIAN_POINT ( 'NONE',  ( 20.29946476712515135, 3.000000000000007994, 13.04091272864830842 ) ) ;
#3243 = CARTESIAN_POINT ( 'NONE',  ( 12.49943210018666839, 17.68996612834826365, 121.3221895467090690 ) ) ;
#3244 = CARTESIAN_POINT ( 'NONE',  ( 20.68051874571359505, 10.29535629601447688, 19.00000000000000711 ) ) ;
#3245 = CARTESIAN_POINT ( 'NONE',  ( -15.56247958096014727, 0.01272423497916102923, 19.00000000000002132 ) ) ;
#3246 = VECTOR ( 'NONE', #1587, 999.9999999999998863 ) ;
#3247 = VERTEX_POINT ( 'NONE', #4470 ) ;
#3248 = CARTESIAN_POINT ( 'NONE',  ( -14.39808216296706078, 3.602530427581744465, 19.70371289643527035 ) ) ;
#3249 = CARTESIAN_POINT ( 'NONE',  ( 14.97011341614814128, 24.96247228545156815, 122.3327068215102571 ) ) ;
#3250 = CARTESIAN_POINT ( 'NONE',  ( -1.201055190283296659, 0.9584192950655824328, 122.0042855455904771 ) ) ;
#3251 = EDGE_CURVE ( 'NONE', #1006, #3777, #6239, .T. ) ;
#3252 = CARTESIAN_POINT ( 'NONE',  ( -7.491702939807312056, -10.74580624475490787, 121.7530481129351188 ) ) ;
#3253 = CARTESIAN_POINT ( 'NONE',  ( 12.32015039472785212, 17.36003047105857888, 119.5950962465501988 ) ) ;
#3254 = CARTESIAN_POINT ( 'NONE',  ( -10.18892821537209237, 5.624527183396534014, 19.43345840373921263 ) ) ;
#3255 = CARTESIAN_POINT ( 'NONE',  ( -8.480387471607876648, -9.486781253112688717, 125.0000000000000000 ) ) ;
#3256 = CARTESIAN_POINT ( 'NONE',  ( -13.42857385084266042, 4.079256330846540379, 20.38876690504789835 ) ) ;
#3257 = ORIENTED_EDGE ( 'NONE', *, *, #4549, .F. ) ;
#3258 = CARTESIAN_POINT ( 'NONE',  ( -50.00000000000000000, 6.949951326780577254, 9.675665299435893374 ) ) ;
#3259 = CARTESIAN_POINT ( 'NONE',  ( -9.905186674691643489, -8.094261062736851642, 121.7551345290358569 ) ) ;
#3260 = DIRECTION ( 'NONE',  ( -0.7313537016191670181, -0.6819983600625022513, 0.000000000000000000 ) ) ;
#3261 = DIRECTION ( 'NONE',  ( -0.7313537016191671292, -0.6819983600625021403, 0.000000000000000000 ) ) ;
#3262 = CARTESIAN_POINT ( 'NONE',  ( 13.25329988306220663, -1.475612838024677798, 19.00000000000000000 ) ) ;
#3263 = CARTESIAN_POINT ( 'NONE',  ( -5.111190649048070078, 5.121746852584986520, 19.46321462875699382 ) ) ;
#3264 = CARTESIAN_POINT ( 'NONE',  ( 2.313571808350251224, 3.721188130541396522, 15.00000000000002487 ) ) ;
#3265 = CARTESIAN_POINT ( 'NONE',  ( -14.09762406539179658, 6.300516805112691188, 19.00000000000000000 ) ) ;
#3266 = CARTESIAN_POINT ( 'NONE',  ( 12.81335201148267089, 17.01124444611512843, 119.0222335956482880 ) ) ;
#3267 = VERTEX_POINT ( 'NONE', #4356 ) ;
#3268 = CARTESIAN_POINT ( 'NONE',  ( 9.237261816528103964, 6.774396147705797233, 121.8086936973260066 ) ) ;
#3269 = CARTESIAN_POINT ( 'NONE',  ( 7.208024477963177468, 5.486182101357496066, 19.34463244633974099 ) ) ;
#3270 = CARTESIAN_POINT ( 'NONE',  ( -12.92184935613961549, 5.542519862145545595, 19.27148092413354519 ) ) ;
#3271 = CARTESIAN_POINT ( 'NONE',  ( 16.15821500483201234, 6.841281385440594498, 42.40200746962059952 ) ) ;
#3272 = ORIENTED_EDGE ( 'NONE', *, *, #3750, .T. ) ;
#3273 = DIRECTION ( 'NONE',  ( 0.000000000000000000, 0.7660444431189771253, 0.6427876096865403621 ) ) ;
#3274 = CARTESIAN_POINT ( 'NONE',  ( 14.60318457927766289, 5.978683369744496545, 20.45208723527413852 ) ) ;
#3275 = CARTESIAN_POINT ( 'NONE',  ( 20.76105404718206771, 10.32029902912599972, 19.00000000000001066 ) ) ;
#3276 = CARTESIAN_POINT ( 'NONE',  ( -13.49906290990778324, 1.895605995911070707, 18.99999999999996092 ) ) ;
#3277 = EDGE_LOOP ( 'NONE', ( #1852, #573, #3557, #3427, #3733, #1510, #6347, #1887, #4522, #3201 ) ) ;
#3278 = CARTESIAN_POINT ( 'NONE',  ( -16.00000000000004263, 4.007586495812655691, 18.99999999999997513 ) ) ;
#3279 = CARTESIAN_POINT ( 'NONE',  ( -7.384748157150043291, -5.199927503727570510, 121.8796631038244840 ) ) ;
#3280 = CARTESIAN_POINT ( 'NONE',  ( 14.04131869384856124, 19.04960422647839025, 121.1841326593574450 ) ) ;
#3281 = CARTESIAN_POINT ( 'NONE',  ( -10.15558678293358774, -4.824293638126849082, 121.8272144840646405 ) ) ;
#3282 = CARTESIAN_POINT ( 'NONE',  ( -10.29571214828028403, 4.705043850397139238, 20.62104908746091425 ) ) ;
#3283 = CARTESIAN_POINT ( 'NONE',  ( -13.63521897565551377, 4.331262205269206689, 19.86200838618862718 ) ) ;
#3284 = CARTESIAN_POINT ( 'NONE',  ( -50.00000000000000000, 8.999999999999998224, 19.00000000000000000 ) ) ;
#3285 = VERTEX_POINT ( 'NONE', #412 ) ;
#3286 = PLANE ( 'NONE',  #5442 ) ;
#3287 = EDGE_CURVE ( 'NONE', #4873, #1967, #1491, .T. ) ;
#3288 = CARTESIAN_POINT ( 'NONE',  ( -10.21304134689954068, -8.144324137066330849, 119.4735197350483276 ) ) ;
#3289 = DIRECTION ( 'NONE',  ( 0.1126197424618102377, 0.7611709911701149966, 0.6386982979536898197 ) ) ;
#3290 = CARTESIAN_POINT ( 'NONE',  ( 24.79999999999999716, 4.000000000000000000, 16.50000000000000000 ) ) ;
#3291 = VECTOR ( 'NONE', #3806, 1000.000000000000000 ) ;
#3292 = EDGE_CURVE ( 'NONE', #2991, #15, #527, .T. ) ;
#3293 = CARTESIAN_POINT ( 'NONE',  ( 19.42301034750132160, 4.890607709523423274, 18.99999999999998934 ) ) ;
#3294 = CARTESIAN_POINT ( 'NONE',  ( -4.340633343988084647, 4.570072389017337144, 19.90392809411361341 ) ) ;
#3295 = CARTESIAN_POINT ( 'NONE',  ( 3.938638625045255637, 5.824934151260644732, 97.49437716547309662 ) ) ;
#3296 = CARTESIAN_POINT ( 'NONE',  ( -12.98619011243493659, 4.077819328262407339, 21.22689469470494927 ) ) ;
#3297 = CARTESIAN_POINT ( 'NONE',  ( -7.881907053228004223, -8.737599883835033054, 119.9533019789208339 ) ) ;
#3298 = ORIENTED_EDGE ( 'NONE', *, *, #5510, .F. ) ;
#3299 = EDGE_CURVE ( 'NONE', #1079, #484, #2380, .T. ) ;
#3300 = CARTESIAN_POINT ( 'NONE',  ( 8.398319790243258254, 5.389938245542801987, 121.8584889327772913 ) ) ;
#3301 = EDGE_CURVE ( 'NONE', #4124, #3285, #4040, .T. ) ;
#3302 = CARTESIAN_POINT ( 'NONE',  ( 4.818703583380076871, 4.929494780055330594, 19.53062555546835810 ) ) ;
#3303 = CARTESIAN_POINT ( 'NONE',  ( -12.57482802544112488, 4.272161819335982713, 21.21515020438164356 ) ) ;
#3304 = CARTESIAN_POINT ( 'NONE',  ( 9.213171676218884443, 0.9757528667306029080, 42.40200746962060663 ) ) ;
#3305 = VERTEX_POINT ( 'NONE', #3413 ) ;
#3306 = PLANE ( 'NONE',  #117 ) ;
#3307 = CARTESIAN_POINT ( 'NONE',  ( 12.56987473479621364, 17.24564977846711145, 121.3404792134383143 ) ) ;
#3308 = CARTESIAN_POINT ( 'NONE',  ( 13.85683916091884171, 5.573068525580780808, 21.12159657546865432 ) ) ;
#3309 = CARTESIAN_POINT ( 'NONE',  ( 21.61285101337805159, 7.409693064929150808, 18.99999999999998224 ) ) ;
#3310 = CARTESIAN_POINT ( 'NONE',  ( -15.09654563563407415, -0.8340006537162123479, 19.00000000000000711 ) ) ;
#3311 = ORIENTED_EDGE ( 'NONE', *, *, #3551, .F. ) ;
#3312 = LINE ( 'NONE', #5366, #5758 ) ;
#3313 = CARTESIAN_POINT ( 'NONE',  ( 10.56880523510713310, 18.29706203402169606, 121.3854200805187702 ) ) ;
#3314 = CARTESIAN_POINT ( 'NONE',  ( 16.14031697803957144, 24.96247228545157526, 122.5188867697122959 ) ) ;
#3315 = CARTESIAN_POINT ( 'NONE',  ( -11.96582257062025789, -9.567882224658060153, 121.6483564392899837 ) ) ;
#3316 = CARTESIAN_POINT ( 'NONE',  ( -10.28840576775762905, 5.399864628427981650, 19.63526758723799404 ) ) ;
#3317 = ADVANCED_FACE ( 'NONE', ( #1016 ), #1902, .F. ) ;
#3318 = CARTESIAN_POINT ( 'NONE',  ( -13.79277175541065681, 3.622059747106785021, 20.45305659433929080 ) ) ;
#3319 = CARTESIAN_POINT ( 'NONE',  ( -50.00000000000000000, -8.000000000000003553, 19.00000000000000000 ) ) ;
#3320 = EDGE_LOOP ( 'NONE', ( #517, #2400, #5575 ) ) ;
#3321 = PLANE ( 'NONE',  #2367 ) ;
#3322 = CARTESIAN_POINT ( 'NONE',  ( -10.05423387685106995, -7.778078414249987915, 119.4817215672446338 ) ) ;
#3323 = DIRECTION ( 'NONE',  ( 0.000000000000000000, 0.000000000000000000, -1.000000000000000000 ) ) ;
#3324 = DIRECTION ( 'NONE',  ( -0.7313537016191671292, -0.6819983600625022513, 0.000000000000000000 ) ) ;
#3325 = CARTESIAN_POINT ( 'NONE',  ( -11.08914378595944683, -5.426771006327830271, 6.176841352261375206 ) ) ;
#3326 = CARTESIAN_POINT ( 'NONE',  ( -7.542886998693894895, 5.192437051347410737, 19.65660425051190430 ) ) ;
#3327 = CARTESIAN_POINT ( 'NONE',  ( 5.815173547875715165, 4.898472747007257766, 70.05120874106602002 ) ) ;
#3328 = CARTESIAN_POINT ( 'NONE',  ( -13.47892216162807699, 4.997103424992249465, 19.43529101023599281 ) ) ;
#3329 = CARTESIAN_POINT ( 'NONE',  ( -7.536685433572785087, -8.608036441762823898, 119.9686535345628471 ) ) ;
#3330 = ORIENTED_EDGE ( 'NONE', *, *, #5331, .T. ) ;
#3331 = CARTESIAN_POINT ( 'NONE',  ( 5.288419071176327257, 4.491583611092591077, 121.9289706231332104 ) ) ;
#3332 = EDGE_CURVE ( 'NONE', #6213, #3819, #1907, .T. ) ;
#3333 = CARTESIAN_POINT ( 'NONE',  ( 1.478350933910069998, 6.275228209849323058, 19.00000000000000000 ) ) ;
#3334 = VECTOR ( 'NONE', #4312, 1000.000000000000000 ) ;
#3335 = CARTESIAN_POINT ( 'NONE',  ( -12.45334075543081376, 5.697891369146590002, 19.27015116882487078 ) ) ;
#3336 = CARTESIAN_POINT ( 'NONE',  ( 8.475826795337956909, 10.53066484344407527, 125.0000000000000568 ) ) ;
#3337 = VERTEX_POINT ( 'NONE', #1955 ) ;
#3338 = DIRECTION ( 'NONE',  ( -0.7313537016191670181, -0.6819983600625021403, 0.000000000000000000 ) ) ;
#3339 = CARTESIAN_POINT ( 'NONE',  ( 21.40135564276447511, 7.948639020449801862, 21.97624650414689640 ) ) ;
#3340 = EDGE_CURVE ( 'NONE', #3742, #2481, #498, .T. ) ;
#3341 = CARTESIAN_POINT ( 'NONE',  ( -12.42246544149894127, -0.3777523287653248296, 21.68504355214857071 ) ) ;
#3342 = EDGE_LOOP ( 'NONE', ( #4991, #1497, #447, #1123, #2037, #6100 ) ) ;
#3343 = VECTOR ( 'NONE', #4526, 1000.000000000000000 ) ;
#3344 = CARTESIAN_POINT ( 'NONE',  ( 21.43089780087240115, 7.958634484322317348, 21.97663971864241717 ) ) ;
#3345 = EDGE_CURVE ( 'NONE', #6143, #2026, #3158, .T. ) ;
#3346 = CARTESIAN_POINT ( 'NONE',  ( 17.35764652206156100, 24.96247228545159302, 123.3653183570316969 ) ) ;
#3347 = CARTESIAN_POINT ( 'NONE',  ( 14.66616383513879818, 16.18338385139124114, 121.2859238891044953 ) ) ;
#3348 = CARTESIAN_POINT ( 'NONE',  ( -10.57370627824897369, 6.460671474600954589, 19.05576699098746474 ) ) ;
#3349 = CARTESIAN_POINT ( 'NONE',  ( -14.45406934745715688, 4.033702622265757931, 19.46870533461628483 ) ) ;
#3350 = DIRECTION ( 'NONE',  ( 1.000000000000000000, 0.000000000000000000, 0.000000000000000000 ) ) ;
#3351 = ORIENTED_EDGE ( 'NONE', *, *, #2549, .F. ) ;
#3352 = DIRECTION ( 'NONE',  ( 1.000000000000000000, 0.000000000000000000, 0.000000000000000000 ) ) ;
#3353 = CARTESIAN_POINT ( 'NONE',  ( -9.883517380069719138, -8.051576692627760323, 121.7564777726129108 ) ) ;
#3354 = CARTESIAN_POINT ( 'NONE',  ( 19.75725549962717409, 8.326093578350077351, 9.965891167458801547 ) ) ;
#3355 =( BOUNDED_CURVE ( )  B_SPLINE_CURVE ( 3, ( #1176, #174, #3506, #2021 ),
 .UNSPECIFIED., .F., .T. ) 
 B_SPLINE_CURVE_WITH_KNOTS ( ( 4, 4 ),
 ( 5.108673631406699833, 5.759586531581296853 ),
 .UNSPECIFIED. ) 
 CURVE ( )  GEOMETRIC_REPRESENTATION_ITEM ( )  RATIONAL_B_SPLINE_CURVE ( ( 1.000000000000000000, 0.9650032527845043839, 0.9650032527845043839, 1.000000000000000000 ) ) 
 REPRESENTATION_ITEM ( '' )  );
#3356 = CARTESIAN_POINT ( 'NONE',  ( 19.36963010460614143, 18.06247228545160155, 130.4714591923205660 ) ) ;
#3357 = CARTESIAN_POINT ( 'NONE',  ( -7.488237433176198721, 5.684194217053686771, 19.28190893742741707 ) ) ;
#3358 = CARTESIAN_POINT ( 'NONE',  ( -8.538314236374834110, -5.329140121066811453, 115.8311238661721632 ) ) ;
#3359 = CARTESIAN_POINT ( 'NONE',  ( -13.71625447806266074, 5.492459208112377311, 19.16498870925930831 ) ) ;
#3360 = CARTESIAN_POINT ( 'NONE',  ( -66.89984848717527655, 71.74130422303811372, -210.0000000000000284 ) ) ;
#3361 = ORIENTED_EDGE ( 'NONE', *, *, #359, .T. ) ;
#3362 = CARTESIAN_POINT ( 'NONE',  ( -2.209464023735441263, -7.663884744896680701, 121.9297224704308462 ) ) ;
#3363 = CARTESIAN_POINT ( 'NONE',  ( 20.89414620448241067, 7.776811515456197199, 21.99114389717782103 ) ) ;
#3364 = CARTESIAN_POINT ( 'NONE',  ( 3.185592684046516965, 4.795303556384028276, 19.51977960839052173 ) ) ;
#3365 = CARTESIAN_POINT ( 'NONE',  ( -12.71111650398779602, 4.250090566923492297, 20.91707667866107556 ) ) ;
#3366 = CARTESIAN_POINT ( 'NONE',  ( 14.17390183615581734, 2.413188441288928843, 24.15118135527030674 ) ) ;
#3367 = ORIENTED_EDGE ( 'NONE', *, *, #158, .T. ) ;
#3368 = CARTESIAN_POINT ( 'NONE',  ( -15.12350322672152103, 2.881966011250103321, 16.00000000000000000 ) ) ;
#3369 = CARTESIAN_POINT ( 'NONE',  ( -13.49401735492753041, 1.885350025190597023, 18.99999999999996447 ) ) ;
#3370 = EDGE_CURVE ( 'NONE', #3168, #3229, #1520, .T. ) ;
#3371 = CARTESIAN_POINT ( 'NONE',  ( -12.40920954787283570, -6.200859961168776024, 97.49437716547345190 ) ) ;
#3372 = ORIENTED_EDGE ( 'NONE', *, *, #5091, .T. ) ;
#3373 = AXIS2_PLACEMENT_3D ( 'NONE', #5061, #611, #645 ) ;
#3374 = CARTESIAN_POINT ( 'NONE',  ( 14.65992054606221195, 18.31951043851788441, 121.1873220201463965 ) ) ;
#3375 = LINE ( 'NONE', #3865, #1565 ) ;
#3376 = CARTESIAN_POINT ( 'NONE',  ( 0.000000000000000000, 0.000000000000000000, 0.000000000000000000 ) ) ;
#3377 = CARTESIAN_POINT ( 'NONE',  ( -10.57387525122061511, 7.067044622107140128, 19.00000000000000000 ) ) ;
#3378 = CARTESIAN_POINT ( 'NONE',  ( -13.81134558532695955, 3.851633354575274559, 20.14702038103724036 ) ) ;
#3379 = CARTESIAN_POINT ( 'NONE',  ( -9.330424480594906811, -9.002564434145011063, 119.9196257367680261 ) ) ;
#3380 = ORIENTED_EDGE ( 'NONE', *, *, #4749, .F. ) ;
#3381 = CARTESIAN_POINT ( 'NONE',  ( -16.00000000000000000, -2.881966011250104653, 16.00000000000000000 ) ) ;
#3382 = CARTESIAN_POINT ( 'NONE',  ( -9.739705659896657153, -7.869687100526013168, 121.7651099185092676 ) ) ;
#3383 = DIRECTION ( 'NONE',  ( 1.000000000000000000, 0.000000000000000000, 0.000000000000000000 ) ) ;
#3384 = CARTESIAN_POINT ( 'NONE',  ( 20.67806583640847862, 6.193556430994283879, 21.07054764361105725 ) ) ;
#3385 = CARTESIAN_POINT ( 'NONE',  ( -8.337668245771636677, 5.055954619544599460, 19.85675732551846551 ) ) ;
#3386 = CARTESIAN_POINT ( 'NONE',  ( -9.429508522800164272, 5.285700506506427310, 15.00000000000001599 ) ) ;
#3387 = CARTESIAN_POINT ( 'NONE',  ( -13.03758892278155379, 4.049652991233030797, 21.23436521523672482 ) ) ;
#3388 = CARTESIAN_POINT ( 'NONE',  ( -11.90752541248207841, -6.849999999999996092, 10.81811419226829152 ) ) ;
#3389 = ORIENTED_EDGE ( 'NONE', *, *, #3340, .F. ) ;
#3390 =( BOUNDED_CURVE ( )  B_SPLINE_CURVE ( 3, ( #6131, #1713, #3682, #6164 ),
 .UNSPECIFIED., .F., .F. ) 
 B_SPLINE_CURVE_WITH_KNOTS ( ( 4, 4 ),
 ( 4.712388980384687898, 5.368947767699138396 ),
 .UNSPECIFIED. ) 
 CURVE ( )  GEOMETRIC_REPRESENTATION_ITEM ( )  RATIONAL_B_SPLINE_CURVE ( ( 1.000000000000000000, 0.9643989955806480108, 0.9643989955806480108, 1.000000000000000000 ) ) 
 REPRESENTATION_ITEM ( '' )  );
#3391 = VECTOR ( 'NONE', #407, 1000.000000000000000 ) ;
#3392 = CARTESIAN_POINT ( 'NONE',  ( -5.248043538580858147, -9.706539736753198255, 121.8353042334280190 ) ) ;
#3393 = CARTESIAN_POINT ( 'NONE',  ( 1.496634979703805879, 5.615893383362288382, 19.06609098632625532 ) ) ;
#3394 = CARTESIAN_POINT ( 'NONE',  ( -13.12017366836748877, 4.671622447349917273, 19.83953863039396381 ) ) ;
#3395 = CARTESIAN_POINT ( 'NONE',  ( 10.90362445949476999, 0.3570795184064297079, 24.15118135527030674 ) ) ;
#3396 = ORIENTED_EDGE ( 'NONE', *, *, #3882, .T. ) ;
#3397 = CIRCLE ( 'NONE', #5656, 1.499999999999999556 ) ;
#3398 = CARTESIAN_POINT ( 'NONE',  ( 13.26353932426897408, 16.88073006996143732, 120.5839642260240083 ) ) ;
#3399 = DIRECTION ( 'NONE',  ( 1.000000000000000000, 0.000000000000000000, 0.000000000000000000 ) ) ;
#3400 = CARTESIAN_POINT ( 'NONE',  ( -0.8982330952261189383, -7.327075280738371887, 18.99999999999999289 ) ) ;
#3401 = ADVANCED_FACE ( 'NONE', ( #3932 ), #1178, .T. ) ;
#3402 = CARTESIAN_POINT ( 'NONE',  ( -13.19504085162991558, -3.864431579638207825, 70.05120874106614792 ) ) ;
#3403 = ORIENTED_EDGE ( 'NONE', *, *, #3292, .F. ) ;
#3404 = CARTESIAN_POINT ( 'NONE',  ( -15.99999999999995204, 2.720327009212393676, 18.99999999999997158 ) ) ;
#3405 = CARTESIAN_POINT ( 'NONE',  ( 11.48054446314562149, 16.58344349678020535, 121.4157932985491186 ) ) ;
#3406 = CARTESIAN_POINT ( 'NONE',  ( -13.35735986828072441, -13.99145063748610518, 123.7733007188273007 ) ) ;
#3407 = CARTESIAN_POINT ( 'NONE',  ( 13.11465174967377045, 13.38947778080170536, 121.4725176221104874 ) ) ;
#3408 = EDGE_CURVE ( 'NONE', #1972, #1427, #4060, .T. ) ;
#3409 = CARTESIAN_POINT ( 'NONE',  ( -10.29277694706566315, 4.984136696832553781, 20.08153365130358026 ) ) ;
#3410 = CARTESIAN_POINT ( 'NONE',  ( -13.75580338131878122, 3.692092481058856901, 20.44085979167070377 ) ) ;
#3411 = ORIENTED_EDGE ( 'NONE', *, *, #166, .F. ) ;
#3412 = LINE ( 'NONE', #4387, #3120 ) ;
#3413 = CARTESIAN_POINT ( 'NONE',  ( -20.06677489291575256, -13.99145063748610518, 121.1155172141363465 ) ) ;
#3414 = EDGE_CURVE ( 'NONE', #3305, #5424, #1402, .T. ) ;
#3415 = CARTESIAN_POINT ( 'NONE',  ( 23.29362208201428430, 5.157817016849072012, 18.99999999999994671 ) ) ;
#3416 = ADVANCED_FACE ( 'NONE', ( #1598 ), #3569, .T. ) ;
#3417 = CARTESIAN_POINT ( 'NONE',  ( -5.791198835407922019, 6.371878677616259701, 19.00000000000000000 ) ) ;
#3418 = CARTESIAN_POINT ( 'NONE',  ( -9.187362578128645652, -3.134716665141190184, 97.49437716547335242 ) ) ;
#3419 = CARTESIAN_POINT ( 'NONE',  ( -13.49311171167704515, 4.989055170812654261, 19.43558302642848901 ) ) ;
#3420 = CARTESIAN_POINT ( 'NONE',  ( -13.74342158001884329, -2.598319896566706699, 15.54946422657200067 ) ) ;
#3421 = ORIENTED_EDGE ( 'NONE', *, *, #808, .F. ) ;
#3422 = CARTESIAN_POINT ( 'NONE',  ( 0.8959469194681213278, 3.765525426609507953, 21.48898716943572396 ) ) ;
#3423 = CARTESIAN_POINT ( 'NONE',  ( -7.660746886154884194, -10.78582477394362549, 121.7470501362676316 ) ) ;
#3424 = CARTESIAN_POINT ( 'NONE',  ( 0.6729485314261627327, 6.261967544665144381, 19.00000000000000000 ) ) ;
#3425 = CARTESIAN_POINT ( 'NONE',  ( -13.81191694228835765, 6.102627172713313897, 19.00000000000000000 ) ) ;
#3426 = CARTESIAN_POINT ( 'NONE',  ( 11.50878944959005068, 16.22947699496036833, 125.0000000000000000 ) ) ;
#3427 = ORIENTED_EDGE ( 'NONE', *, *, #61, .T. ) ;
#3428 = DIRECTION ( 'NONE',  ( 0.000000000000000000, 0.000000000000000000, 1.000000000000000000 ) ) ;
#3429 = UNCERTAINTY_MEASURE_WITH_UNIT (LENGTH_MEASURE( 1.000000000000000082E-05 ), #3773, 'distance_accuracy_value', 'NONE');
#3430 = EDGE_CURVE ( 'NONE', #5002, #1363, #4705, .T. ) ;
#3431 = CARTESIAN_POINT ( 'NONE',  ( -8.578320171492535451, -3.277618615333213636, 19.00000000000165912 ) ) ;
#3432 = CARTESIAN_POINT ( 'NONE',  ( -3.822199131162578034, -4.240671583262413336, 70.05120874106631845 ) ) ;
#3433 = ORIENTED_EDGE ( 'NONE', *, *, #6387, .T. ) ;
#3434 = CARTESIAN_POINT ( 'NONE',  ( 20.50283623792611110, 6.055895168770454973, 21.07206181946231638 ) ) ;
#3435 = VECTOR ( 'NONE', #3595, 1000.000000000000114 ) ;
#3436 = CARTESIAN_POINT ( 'NONE',  ( 21.83485052256323655, 7.150997757603725802, 21.06269679575040499 ) ) ;
#3437 = LINE ( 'NONE', #5908, #1992 ) ;
#3438 = AXIS2_PLACEMENT_3D ( 'NONE', #2944, #4043, #490 ) ;
#3439 = CARTESIAN_POINT ( 'NONE',  ( 19.36852581044377786, 4.668494298486259630, 7.761295548447312065 ) ) ;
#3440 = CARTESIAN_POINT ( 'NONE',  ( -10.96954067379118847, 6.758413866489660471, 19.00000000000000000 ) ) ;
#3441 = CARTESIAN_POINT ( 'NONE',  ( -14.68429531514169462, 4.177013108216016235, 19.29513258893011951 ) ) ;
#3442 = CARTESIAN_POINT ( 'NONE',  ( 16.24177203656577362, 18.06247228545157313, 123.6243637415049790 ) ) ;
#3443 = DIRECTION ( 'NONE',  ( 0.000000000000000000, 0.000000000000000000, -1.000000000000000000 ) ) ;
#3444 = DIRECTION ( 'NONE',  ( 0.08782283631555502790, -0.8626791767894502749, 0.4980680549436669047 ) ) ;
#3445 = EDGE_CURVE ( 'NONE', #3229, #2116, #1307, .T. ) ;
#3446 = CARTESIAN_POINT ( 'NONE',  ( 21.38136981817502047, 7.941850665222500716, 21.97585148859250381 ) ) ;
#3447 = CARTESIAN_POINT ( 'NONE',  ( 21.68602674062727687, 7.021458591698232610, 21.06122923367609090 ) ) ;
#3448 = CARTESIAN_POINT ( 'NONE',  ( -8.736606219140407248, 4.763248130436195993, 20.37478042383139254 ) ) ;
#3449 = CARTESIAN_POINT ( 'NONE',  ( -6.888179199423561272, -5.196939753382918248, 125.0000000000000284 ) ) ;
#3450 = CARTESIAN_POINT ( 'NONE',  ( -13.19122766498957056, 4.421682601743493812, 20.08771907151931302 ) ) ;
#3451 = DIRECTION ( 'NONE',  ( 0.6819983600625021403, -0.7313537016191671292, 0.000000000000000000 ) ) ;
#3452 = ORIENTED_EDGE ( 'NONE', *, *, #2049, .F. ) ;
#3453 = CARTESIAN_POINT ( 'NONE',  ( -2.779369566696121119, 3.876994158956029946, 21.38933349175884757 ) ) ;
#3454 = CARTESIAN_POINT ( 'NONE',  ( -1.669717650028385902, -4.662164347448428003, 121.9742989644163771 ) ) ;
#3455 = CARTESIAN_POINT ( 'NONE',  ( 1.548026847981101906, 3.771711679775998860, 21.20065668405007031 ) ) ;
#3456 = CARTESIAN_POINT ( 'NONE',  ( -13.07787440163928139, 5.482177536983754429, 19.27201406765694003 ) ) ;
#3457 = CARTESIAN_POINT ( 'NONE',  ( 21.52885358174682651, 5.471587053895087926, 15.00000000000000533 ) ) ;
#3458 = ORIENTED_EDGE ( 'NONE', *, *, #2857, .F. ) ;
#3459 = CARTESIAN_POINT ( 'NONE',  ( 12.21877063243128880, 5.302033419835904482, 20.75397910778649901 ) ) ;
#3460 = CARTESIAN_POINT ( 'NONE',  ( -8.646458494391303873, -3.413609931965256195, 21.64352451316684878 ) ) ;
#3461 = CARTESIAN_POINT ( 'NONE',  ( -10.32763301320022364, -1.826887502561154841, 15.00000000000001066 ) ) ;
#3462 = ORIENTED_EDGE ( 'NONE', *, *, #2342, .F. ) ;
#3463 = LINE ( 'NONE', #1232, #401 ) ;
#3464 = CARTESIAN_POINT ( 'NONE',  ( -10.25891563134819151, 4.749951326780577965, 1.468383512879778419 ) ) ;
#3465 = DIRECTION ( 'NONE',  ( 0.000000000000000000, -6.938893903907233308E-16, 1.000000000000000000 ) ) ;
#3466 = CARTESIAN_POINT ( 'NONE',  ( -11.31499427889913179, 5.882530270277396944, 19.26974471603116967 ) ) ;
#3467 = CARTESIAN_POINT ( 'NONE',  ( -13.93698704500232921, 3.626601235018253711, 20.17500462791213778 ) ) ;
#3468 = CARTESIAN_POINT ( 'NONE',  ( -10.96919382288019484, -13.99145063748610518, 123.0371422191622912 ) ) ;
#3469 = CARTESIAN_POINT ( 'NONE',  ( -13.67978588892115965, 1.800703369743268834, 21.68917151480210848 ) ) ;
#3470 = CARTESIAN_POINT ( 'NONE',  ( 11.90878442545944615, 17.70035233643529793, 120.7376266526863304 ) ) ;
#3471 = CARTESIAN_POINT ( 'NONE',  ( -9.480558132584066655, 4.557431361230509737, 21.23612751581978841 ) ) ;
#3472 = CARTESIAN_POINT ( 'NONE',  ( -12.55063029627271654, 3.901550364212204691, 24.15118135527028187 ) ) ;
#3473 = CARTESIAN_POINT ( 'NONE',  ( -14.57915343906828554, 5.632986743242265781, 19.00000000000000000 ) ) ;
#3474 = CARTESIAN_POINT ( 'NONE',  ( -16.87345599002081187, -7.091450637486106601, 124.5169856026654998 ) ) ;
#3475 = VERTEX_POINT ( 'NONE', #6262 ) ;
#3476 = CARTESIAN_POINT ( 'NONE',  ( 15.00000000000000000, 4.202752579821934731, 3.000000000000001776 ) ) ;
#3477 = CARTESIAN_POINT ( 'NONE',  ( -8.555966569126779220, -8.908640267897299125, 119.9250126146062172 ) ) ;
#3478 = CARTESIAN_POINT ( 'NONE',  ( -2.286797191717823807, 4.070048198138194628, 20.49189320825625771 ) ) ;
#3479 = CARTESIAN_POINT ( 'NONE',  ( -13.21881207383453827, 4.875674837544830886, 19.63678388367343430 ) ) ;
#3480 = ADVANCED_FACE ( 'NONE', ( #382 ), #4772, .T. ) ;
#3481 = CARTESIAN_POINT ( 'NONE',  ( 21.97387237395703963, 5.824007850576481182, 14.99999999999998401 ) ) ;
#3482 = ORIENTED_EDGE ( 'NONE', *, *, #257, .T. ) ;
#3483 = CARTESIAN_POINT ( 'NONE',  ( 21.05709719106427258, 11.67061894641860675, 42.40200746962064926 ) ) ;
#3484 = CARTESIAN_POINT ( 'NONE',  ( 23.12415694238730524, -2.881966011250105542, 15.99999999999999645 ) ) ;
#3485 = ADVANCED_FACE ( 'NONE', ( #1738 ), #3523, .F. ) ;
#3486 = CARTESIAN_POINT ( 'NONE',  ( -7.115987307713386834, -3.946639044465856117, 18.99999999999832667 ) ) ;
#3487 = CIRCLE ( 'NONE', #4931, 334.5000000000000568 ) ;
#3488 = CARTESIAN_POINT ( 'NONE',  ( -11.01322031007121360, -2.132718954146195500, 24.15118135527026055 ) ) ;
#3489 = ORIENTED_EDGE ( 'NONE', *, *, #723, .F. ) ;
#3490 = CARTESIAN_POINT ( 'NONE',  ( -16.00000000000013500, 1.424181519388241224, 19.00000000000004974 ) ) ;
#3491 = CARTESIAN_POINT ( 'NONE',  ( -11.44897425527757662, -6.333993419350745668, 121.7572754203630296 ) ) ;
#3492 = DIRECTION ( 'NONE',  ( 1.000000000000000000, 0.000000000000000000, 0.000000000000000000 ) ) ;
#3493 = CARTESIAN_POINT ( 'NONE',  ( -15.89595113057610654, 0.6592591911874319255, 19.00000000000000000 ) ) ;
#3494 = CARTESIAN_POINT ( 'NONE',  ( -12.17385373634905754, 6.955366642636179542, 19.00000000000000000 ) ) ;
#3495 = CARTESIAN_POINT ( 'NONE',  ( -13.70339676323453659, 3.506139475054589560, 20.75131671830278890 ) ) ;
#3496 = DIRECTION ( 'NONE',  ( -0.7313537016191743456, -0.6819983600624942577, -6.930533790769990738E-14 ) ) ;
#3497 = FACE_OUTER_BOUND ( 'NONE', #1456, .T. ) ;
#3498 = CARTESIAN_POINT ( 'NONE',  ( -9.338284295098240761, -9.002902455429968143, 119.9175364359968938 ) ) ;
#3499 = EDGE_CURVE ( 'NONE', #4889, #3505, #116, .T. ) ;
#3500 = CARTESIAN_POINT ( 'NONE',  ( 17.17021132614668488, 18.06247228545158379, 123.5737263903630065 ) ) ;
#3501 = CARTESIAN_POINT ( 'NONE',  ( -9.267865405293669312, 5.132093777113580835, 19.84722009353231087 ) ) ;
#3502 = CARTESIAN_POINT ( 'NONE',  ( -9.362859643578936186, -8.094786078262954376, 125.0000000000000284 ) ) ;
#3503 = CARTESIAN_POINT ( 'NONE',  ( -13.66054042078159725, 4.885453798469327147, 19.43922879085952715 ) ) ;
#3504 = CARTESIAN_POINT ( 'NONE',  ( -13.62867814383590215, 3.455681634135914670, 21.36334138732137333 ) ) ;
#3505 = VERTEX_POINT ( 'NONE', #350 ) ;
#3506 = CARTESIAN_POINT ( 'NONE',  ( -12.31893931958761712, 2.808702478859953278, 13.15135840397382516 ) ) ;
#3507 = CARTESIAN_POINT ( 'NONE',  ( -0.5821143864286021374, 4.523534815585654734, 19.72231887524875660 ) ) ;
#3508 = CARTESIAN_POINT ( 'NONE',  ( -13.02122467853698673, 4.197982266212149760, 20.62618681544334365 ) ) ;
#3509 = CARTESIAN_POINT ( 'NONE',  ( 21.82329699017195423, 7.898558219559491889, 24.15118135527024990 ) ) ;
#3510 = VERTEX_POINT ( 'NONE', #2321 ) ;
#3511 = CARTESIAN_POINT ( 'NONE',  ( 17.58033816002095406, 24.96247228545159302, 123.9219042649072691 ) ) ;
#3512 = CARTESIAN_POINT ( 'NONE',  ( 22.78558220408792323, 18.06247228545164063, 122.2717107701281805 ) ) ;
#3513 = CARTESIAN_POINT ( 'NONE',  ( 7.861515983347406866, 6.556486210156323935, 19.00000000000000000 ) ) ;
#3514 = CARTESIAN_POINT ( 'NONE',  ( -7.325872146658812589, -5.443390012232041109, 42.40200746962096900 ) ) ;
#3515 = ORIENTED_EDGE ( 'NONE', *, *, #2863, .T. ) ;
#3516 = CARTESIAN_POINT ( 'NONE',  ( 0.9267248407643619013, -4.472199150569211135, 21.44869120363565784 ) ) ;
#3517 = CARTESIAN_POINT ( 'NONE',  ( -11.68076030714717284, -6.619659459487417408, 121.7431314757193235 ) ) ;
#3518 = CARTESIAN_POINT ( 'NONE',  ( 23.56962467483319301, 5.403694373526298556, 19.00000000000000711 ) ) ;
#3519 = EDGE_CURVE ( 'NONE', #4239, #488, #2236, .T. ) ;
#3520 = CARTESIAN_POINT ( 'NONE',  ( -12.39497025781924222, -2.551721009565632414, 13.58255128169539994 ) ) ;
#3521 = CARTESIAN_POINT ( 'NONE',  ( 7.177316238369975565, -4.762572502938708929, 19.00000000000000355 ) ) ;
#3522 = VERTEX_POINT ( 'NONE', #4704 ) ;
#3523 = TOROIDAL_SURFACE ( 'NONE', #2605, 335.5000000000000000, 2.000000000000001332 ) ;
#3524 = CARTESIAN_POINT ( 'NONE',  ( -13.83473517585047219, 3.534825701969683820, 20.46849164269828592 ) ) ;
#3525 = LINE ( 'NONE', #2466, #2491 ) ;
#3526 = CARTESIAN_POINT ( 'NONE',  ( -5.646050171072160673, 6.672505783559791404, 18.99999999999998579 ) ) ;
#3527 = VECTOR ( 'NONE', #243, 1000.000000000000000 ) ;
#3528 = DIRECTION ( 'NONE',  ( 0.000000000000000000, -0.6427876096865345890, 0.7660444431189821213 ) ) ;
#3529 = CARTESIAN_POINT ( 'NONE',  ( -9.289929579182214070, -7.326662957532396270, 121.7906833783901845 ) ) ;
#3530 = CARTESIAN_POINT ( 'NONE',  ( -10.06746594993243527, -7.795086889076063841, 119.4807231685845466 ) ) ;
#3531 = CARTESIAN_POINT ( 'NONE',  ( 10.78130627416763154, 18.58293192188649812, 121.3628660685151459 ) ) ;
#3532 = CARTESIAN_POINT ( 'NONE',  ( -9.392186320455206072, 6.431107812537551816, 19.05651155660374840 ) ) ;
#3533 = CARTESIAN_POINT ( 'NONE',  ( -14.15149167623673065, -0.2727534487035754296, 42.40200746962063505 ) ) ;
#3534 = CARTESIAN_POINT ( 'NONE',  ( -13.25486142728870043, 3.934939376590464555, 20.96132996288404371 ) ) ;
#3535 = CARTESIAN_POINT ( 'NONE',  ( -0.1702569523400833118, 2.123730586502592832, 119.9660626493175641 ) ) ;
#3536 = ORIENTED_EDGE ( 'NONE', *, *, #2439, .F. ) ;
#3537 = CARTESIAN_POINT ( 'NONE',  ( 21.10246260736749591, 2.500000000000000444, 14.99999999999999112 ) ) ;
#3538 = CARTESIAN_POINT ( 'NONE',  ( -13.79872339476116672, 2.111422075254012487, 21.60916725661214244 ) ) ;
#3539 = AXIS2_PLACEMENT_3D ( 'NONE', #1255, #5189, #3261 ) ;
#3540 = CARTESIAN_POINT ( 'NONE',  ( -1.017555053586637781, 4.124262255267585608, 20.21800939048596746 ) ) ;
#3541 = CARTESIAN_POINT ( 'NONE',  ( 11.38209841298517944, 7.856156191480615725, 70.05120874106602002 ) ) ;
#3542 = CARTESIAN_POINT ( 'NONE',  ( -13.53260857538670869, 5.267434466790329672, 19.27339018235328538 ) ) ;
#3543 = CYLINDRICAL_SURFACE ( 'NONE', #2870, 0.7000000000000009548 ) ;
#3544 = ORIENTED_EDGE ( 'NONE', *, *, #3211, .F. ) ;
#3545 = CARTESIAN_POINT ( 'NONE',  ( 15.37451458980740071, 15.67527441021435486, 97.49437716547349453 ) ) ;
#3546 = CARTESIAN_POINT ( 'NONE',  ( 14.71648215424736783, 16.27739969281326893, 121.2792822277915832 ) ) ;
#3547 = CARTESIAN_POINT ( 'NONE',  ( 10.28229988535445827, 6.617878116036572500, 19.07409784072097025 ) ) ;
#3548 = CARTESIAN_POINT ( 'NONE',  ( -7.284183664385844637, -7.169631914408435058, 97.49437716547384980 ) ) ;
#3549 = ORIENTED_EDGE ( 'NONE', *, *, #513, .F. ) ;
#3550 = CARTESIAN_POINT ( 'NONE',  ( 16.20035307464269536, 3.222788394955935942, 21.14954230366202026 ) ) ;
#3551 = EDGE_CURVE ( 'NONE', #5266, #3337, #2053, .T. ) ;
#3552 = DIRECTION ( 'NONE',  ( 0.000000000000000000, -1.000000000000000000, 0.000000000000000000 ) ) ;
#3553 = CARTESIAN_POINT ( 'NONE',  ( 22.11400869768292310, 6.939177651088469290, 18.99999999999942091 ) ) ;
#3554 = LINE ( 'NONE', #270, #3858 ) ;
#3555 = CARTESIAN_POINT ( 'NONE',  ( 17.03256506517515589, 6.458468496215429511, 21.18134013871693710 ) ) ;
#3556 = CARTESIAN_POINT ( 'NONE',  ( -8.525577584306580192, -6.229322314331357191, 19.00000000000000711 ) ) ;
#3557 = ORIENTED_EDGE ( 'NONE', *, *, #4287, .T. ) ;
#3558 = CARTESIAN_POINT ( 'NONE',  ( -15.52200497932073375, 4.533710680186615605, 19.00000000000000000 ) ) ;
#3559 = CARTESIAN_POINT ( 'NONE',  ( -2.813220812814316130, 6.384952671077329889, 19.00000000000000355 ) ) ;
#3560 = CARTESIAN_POINT ( 'NONE',  ( -9.353016337558102578, -7.403107011753444766, 121.7871773092224856 ) ) ;
#3561 = CARTESIAN_POINT ( 'NONE',  ( 18.24251763992448616, 18.06247228545159444, 123.8298092549968175 ) ) ;
#3562 = DIRECTION ( 'NONE',  ( 1.000000000000000000, 0.000000000000000000, 0.000000000000000000 ) ) ;
#3563 = CARTESIAN_POINT ( 'NONE',  ( -9.112678700855486369, 4.655275282588372754, 20.64172553662503873 ) ) ;
#3564 = CARTESIAN_POINT ( 'NONE',  ( -14.18189767983416161, -0.08198111757982923242, 42.40200746962064926 ) ) ;
#3565 = CARTESIAN_POINT ( 'NONE',  ( -13.53926007327398295, 4.693435600258738738, 19.64423792911961897 ) ) ;
#3566 = LINE ( 'NONE', #1107, #5025 ) ;
#3567 = ORIENTED_EDGE ( 'NONE', *, *, #5091, .F. ) ;
#3568 = CARTESIAN_POINT ( 'NONE',  ( 21.69317063080559294, 8.999999999999998224, 19.44900816162230939 ) ) ;
#3569 = PLANE ( 'NONE',  #4868 ) ;
#3570 = AXIS2_PLACEMENT_3D ( 'NONE', #6162, #1085, #2700 ) ;
#3571 = CARTESIAN_POINT ( 'NONE',  ( -0.9623333656375502310, 5.646174963716380724, 19.06374001774211635 ) ) ;
#3572 = DIRECTION ( 'NONE',  ( 0.000000000000000000, 6.938893903907233308E-16, -1.000000000000000000 ) ) ;
#3573 = CARTESIAN_POINT ( 'NONE',  ( -13.67506961260721177, 5.513867755184531205, 19.16478871133775641 ) ) ;
#3574 = CARTESIAN_POINT ( 'NONE',  ( 13.99999999999999822, -3.341173369522269176, 4.000000000000000000 ) ) ;
#3575 = EDGE_LOOP ( 'NONE', ( #3103, #3124, #1108, #635, #1638, #705, #6259, #5690 ) ) ;
#3576 = CARTESIAN_POINT ( 'NONE',  ( 18.62877232143168982, 12.29711780215970407, 70.05120874106590634 ) ) ;
#3577 = CARTESIAN_POINT ( 'NONE',  ( 21.83169435428905913, 7.147512297120242053, 21.05973114880314867 ) ) ;
#3578 = CARTESIAN_POINT ( 'NONE',  ( 7.914048489753588100, 6.216670406081854061, 19.07198654888855671 ) ) ;
#3579 = CARTESIAN_POINT ( 'NONE',  ( 2.598795999990611172, -1.325799232754233614, 97.49437716547330979 ) ) ;
#3580 = EDGE_LOOP ( 'NONE', ( #758, #2927, #5059, #6153, #429, #6361, #2750 ) ) ;
#3581 = CARTESIAN_POINT ( 'NONE',  ( -13.74053990598775954, 1.875388339527362058, 20.98522670783541599 ) ) ;
#3582 =( BOUNDED_CURVE ( )  B_SPLINE_CURVE ( 3, ( #4907, #3887, #1001, #5843 ),
 .UNSPECIFIED., .F., .F. ) 
 B_SPLINE_CURVE_WITH_KNOTS ( ( 4, 4 ),
 ( 0.6108652381980076429, 2.356194490192340840 ),
 .UNSPECIFIED. ) 
 CURVE ( )  GEOMETRIC_REPRESENTATION_ITEM ( )  RATIONAL_B_SPLINE_CURVE ( ( 1.000000000000000000, 0.7618584064576918724, 0.7618584064576918724, 1.000000000000000000 ) ) 
 REPRESENTATION_ITEM ( '' )  );
#3583 = CARTESIAN_POINT ( 'NONE',  ( -12.66743079374536585, -7.091450637486104824, 121.7004211792185089 ) ) ;
#3584 = CARTESIAN_POINT ( 'NONE',  ( 21.64374117884314686, 7.960167945144401180, 21.93353797438754071 ) ) ;
#3585 = VECTOR ( 'NONE', #5827, 1000.000000000000000 ) ;
#3586 = AXIS2_PLACEMENT_3D ( 'NONE', #4407, #1947, #828 ) ;
#3587 = FACE_OUTER_BOUND ( 'NONE', #5393, .T. ) ;
#3588 = CARTESIAN_POINT ( 'NONE',  ( -14.00372492345306519, -2.401562692106734342, 19.00000000000000711 ) ) ;
#3589 = ORIENTED_EDGE ( 'NONE', *, *, #5731, .F. ) ;
#3590 = CARTESIAN_POINT ( 'NONE',  ( -15.55516399069710864, 4.472322343468400518, 19.00000000000000000 ) ) ;
#3591 = CARTESIAN_POINT ( 'NONE',  ( -15.66484963568249711, 4.915907236192435192, 19.00000000000001776 ) ) ;
#3592 = CARTESIAN_POINT ( 'NONE',  ( -9.258543840866773067, -7.288685786223837226, 121.7924138308602409 ) ) ;
#3593 = EDGE_CURVE ( 'NONE', #5789, #1652, #3222, .T. ) ;
#3594 = EDGE_CURVE ( 'NONE', #1879, #5598, #1693, .T. ) ;
#3595 = DIRECTION ( 'NONE',  ( -0.1126197424618090859, 0.7611709911701199927, 0.6386982979536840466 ) ) ;
#3596 = CYLINDRICAL_SURFACE ( 'NONE', #5294, 333.4999999999999432 ) ;
#3597 = CARTESIAN_POINT ( 'NONE',  ( -9.300431792480628346, 4.546970141534384169, 21.24029425298754248 ) ) ;
#3598 = CARTESIAN_POINT ( 'NONE',  ( -9.684729883585919907, -8.718924168748751313, 125.0000000000000000 ) ) ;
#3599 = CARTESIAN_POINT ( 'NONE',  ( -14.68620981703469575, 5.936850073475287815, 19.00000000000000000 ) ) ;
#3600 = DIRECTION ( 'NONE',  ( -0.000000000000000000, 1.000000000000000000, -0.000000000000000000 ) ) ;
#3601 = ORIENTED_EDGE ( 'NONE', *, *, #5421, .T. ) ;
#3602 = ADVANCED_FACE ( 'NONE', ( #6191 ), #5707, .T. ) ;
#3603 = CARTESIAN_POINT ( 'NONE',  ( -16.00000000000000000, -4.000000000000009770, 16.50000000000000000 ) ) ;
#3604 = CARTESIAN_POINT ( 'NONE',  ( 19.68213453360594656, 8.825813208575100433, 19.23860483037545421 ) ) ;
#3605 = ADVANCED_FACE ( 'NONE', ( #1772 ), #1289, .T. ) ;
#3606 = CARTESIAN_POINT ( 'NONE',  ( -5.983474574098986309, -4.427657782238087592, 21.58649936679361048 ) ) ;
#3607 = CARTESIAN_POINT ( 'NONE',  ( -0.5929918535502572974, 4.106763552020666452, 20.22472775954105018 ) ) ;
#3608 = CARTESIAN_POINT ( 'NONE',  ( 8.786978908485686190, 10.03109264358003294, 97.49437716547321031 ) ) ;
#3609 = CARTESIAN_POINT ( 'NONE',  ( -13.90011815218807634, 6.059157025233287364, 19.00000000000000000 ) ) ;
#3610 = CARTESIAN_POINT ( 'NONE',  ( -50.00000000000000000, 2.500000000000000000, 14.99999999999999112 ) ) ;
#3611 = VERTEX_POINT ( 'NONE', #5220 ) ;
#3612 = CARTESIAN_POINT ( 'NONE',  ( 15.41841586789131568, 16.00179537475533209, 97.49437716547349453 ) ) ;
#3613 = CARTESIAN_POINT ( 'NONE',  ( 21.90124677093205818, 18.06247228545164063, 122.5622873264479153 ) ) ;
#3614 = CARTESIAN_POINT ( 'NONE',  ( 8.808813652968215280, 5.716295415596150953, 19.35126754049888120 ) ) ;
#3615 = CARTESIAN_POINT ( 'NONE',  ( -11.78421135150320787, 4.634163044668374809, 20.60479800851669197 ) ) ;
#3616 = CARTESIAN_POINT ( 'NONE',  ( -1.681103413180075057, -3.492499386066021394, 70.05120874106646056 ) ) ;
#3617 = ORIENTED_EDGE ( 'NONE', *, *, #725, .T. ) ;
#3618 = CARTESIAN_POINT ( 'NONE',  ( 12.26316478934924703, 17.56499828919153572, 121.3385582488423893 ) ) ;
#3619 = CARTESIAN_POINT ( 'NONE',  ( 21.10246260736749591, 2.500000000000000444, 14.99999999999999112 ) ) ;
#3620 = CARTESIAN_POINT ( 'NONE',  ( 21.52300765123766979, 7.426018754568017854, 18.99999999999941735 ) ) ;
#3621 = CARTESIAN_POINT ( 'NONE',  ( -50.00000000000000000, 3.499999999999999556, 13.90693813243274946 ) ) ;
#3622 = CARTESIAN_POINT ( 'NONE',  ( 17.03829759818192002, 6.439648169753562357, 21.55058607081608812 ) ) ;
#3623 = CARTESIAN_POINT ( 'NONE',  ( 21.92828459375539296, 7.321307357788983339, 21.21525719074444183 ) ) ;
#3624 = VERTEX_POINT ( 'NONE', #4264 ) ;
#3625 = CARTESIAN_POINT ( 'NONE',  ( -13.87910226772966205, 3.431892841227569768, 20.48180170068195594 ) ) ;
#3626 = FACE_OUTER_BOUND ( 'NONE', #3696, .T. ) ;
#3627 = CARTESIAN_POINT ( 'NONE',  ( 10.10294653448667290, 14.38792859487161735, 119.7786767981557006 ) ) ;
#3628 = CARTESIAN_POINT ( 'NONE',  ( -50.00000000000000000, 4.299999999999999822, 2.004614623063062151 ) ) ;
#3629 = CARTESIAN_POINT ( 'NONE',  ( 16.77152902102990595, 8.999999999999998224, 19.00000000000000000 ) ) ;
#3630 = CARTESIAN_POINT ( 'NONE',  ( -10.07414171861263874, 6.758060166091136800, 19.00000000000000000 ) ) ;
#3631 = CARTESIAN_POINT ( 'NONE',  ( -13.73460411074944609, 3.864289174751664557, 15.00000000000001243 ) ) ;
#3632 = CARTESIAN_POINT ( 'NONE',  ( -13.77964030675471463, 4.507400112984215390, 19.65403926202175811 ) ) ;
#3633 = LINE ( 'NONE', #1174, #1411 ) ;
#3634 = EDGE_LOOP ( 'NONE', ( #1347, #53, #1503, #2908, #4033, #1187 ) ) ;
#3635 = CARTESIAN_POINT ( 'NONE',  ( 12.99999999999999822, -9.573965526745718435, 2.999999999999999112 ) ) ;
#3636 = ADVANCED_FACE ( 'NONE', ( #839 ), #6293, .T. ) ;
#3637 = CARTESIAN_POINT ( 'NONE',  ( -9.532919477866746760, -8.992216124409988964, 119.8565841813287562 ) ) ;
#3638 = CARTESIAN_POINT ( 'NONE',  ( 16.24569313272265703, 6.220948328933405769, 21.16678111300725007 ) ) ;
#3639 = CLOSED_SHELL ( 'NONE', ( #631, #1666, #2778, #3796, #3485, #562, #3480, #4822, #5097, #2732, #5971, #3238, #3605, #2786, #762, #6249, #4615, #2532, #848, #2885, #817, #2136, #5878, #541, #47, #1323, #638, #2369, #1505, #1571, #1873, #2625, #5777, #2074, #197, #4545, #4081, #1417, #4625, #3955, #2339, #4922, #1127, #5119, #3401, #3416, #142, #3841, #2773, #1394, #3602, #6034, #5221, #5412, #2736, #998, #5034, #2818, #4757, #1870, #3636, #4759, #5479, #3317, #2292, #114, #3769, #6263, #274, #2573, #4472, #5794, #3851, #3209, #3961, #5822, #5645, #3712, #5695, #1792, #5254, #452, #4168, #3204 ) ) ;
#3640 = CARTESIAN_POINT ( 'NONE',  ( -9.221741317733375354, -11.04121540829560466, 121.6929909297044361 ) ) ;
#3641 = CARTESIAN_POINT ( 'NONE',  ( 18.18017082872491130, 1.548335765512462325, 19.00000000000001066 ) ) ;
#3642 = CARTESIAN_POINT ( 'NONE',  ( -4.270136851490311081, 5.296786954427495253, 19.29506323037010418 ) ) ;
#3643 = CARTESIAN_POINT ( 'NONE',  ( 13.00691408783669978, 5.671505457056086108, 24.15118135527023213 ) ) ;
#3644 = CIRCLE ( 'NONE', #4276, 333.5000000000000000 ) ;
#3645 = CARTESIAN_POINT ( 'NONE',  ( -13.07918105471280157, 4.324750922621553251, 20.35561679886875552 ) ) ;
#3646 = PLANE ( 'NONE',  #6375 ) ;
#3647 = ORIENTED_EDGE ( 'NONE', *, *, #437, .F. ) ;
#3648 = CARTESIAN_POINT ( 'NONE',  ( -15.24838542977064293, -13.99145063748610873, 130.8724627977284456 ) ) ;
#3649 = CARTESIAN_POINT ( 'NONE',  ( 21.83168564831800040, 7.147554717459502882, 21.05994175971162718 ) ) ;
#3650 = CARTESIAN_POINT ( 'NONE',  ( 6.539305463556531528, 4.340115124530544932, 20.65538338480043379 ) ) ;
#3651 = CARTESIAN_POINT ( 'NONE',  ( -12.02400087751449931, 4.587294745442738630, 20.60682825802593499 ) ) ;
#3652 = CARTESIAN_POINT ( 'NONE',  ( 1.696195350174911631, -1.150222855712778047, 115.8311238661721632 ) ) ;
#3653 = ORIENTED_EDGE ( 'NONE', *, *, #4847, .T. ) ;
#3654 = CARTESIAN_POINT ( 'NONE',  ( 10.78130627416763154, 18.58293192188649812, 121.3628660685151459 ) ) ;
#3655 = CARTESIAN_POINT ( 'NONE',  ( 13.26192619821496521, 19.56763474771017641, 121.1995130729399364 ) ) ;
#3656 = CARTESIAN_POINT ( 'NONE',  ( 12.99999999999999822, 4.299999999999999822, 2.004614623063062151 ) ) ;
#3657 = CARTESIAN_POINT ( 'NONE',  ( 24.32542080071260671, 6.653480003424277811, 19.00000000000003197 ) ) ;
#3658 = DIRECTION ( 'NONE',  ( 1.000000000000000000, 0.000000000000000000, 0.000000000000000000 ) ) ;
#3659 = ORIENTED_EDGE ( 'NONE', *, *, #5568, .F. ) ;
#3660 = CARTESIAN_POINT ( 'NONE',  ( -13.86243832986097502, 3.473274653742282059, 20.47642120496546170 ) ) ;
#3661 = FACE_OUTER_BOUND ( 'NONE', #2682, .T. ) ;
#3662 = CARTESIAN_POINT ( 'NONE',  ( -8.337467471097141924, -5.793988712291248788, 119.5973785393833566 ) ) ;
#3663 = CARTESIAN_POINT ( 'NONE',  ( -12.26065710231322470, -8.602324459365471299, 121.6684708908451711 ) ) ;
#3664 = CARTESIAN_POINT ( 'NONE',  ( 12.40977027146636757, 17.40813948288391444, 119.4993657475518347 ) ) ;
#3665 = CARTESIAN_POINT ( 'NONE',  ( -9.821107806847722443, 5.160346430413581764, 19.84194085356849513 ) ) ;
#3666 = CARTESIAN_POINT ( 'NONE',  ( -14.08385164643673271, -0.8798690332107055312, 42.40200746962066347 ) ) ;
#3667 = CARTESIAN_POINT ( 'NONE',  ( -13.28748829215621718, 3.907223210939298585, 20.96682347889449360 ) ) ;
#3668 = DIRECTION ( 'NONE',  ( 1.000000000000000000, 0.000000000000000000, 0.000000000000000000 ) ) ;
#3669 = VERTEX_POINT ( 'NONE', #1872 ) ;
#3670 = CARTESIAN_POINT ( 'NONE',  ( 24.03115657551620288, 8.999999999999998224, 19.00000000000000000 ) ) ;
#3671 = CARTESIAN_POINT ( 'NONE',  ( -10.08129729346654280, -10.99355329225139499, 121.6668157556079848 ) ) ;
#3672 = CARTESIAN_POINT ( 'NONE',  ( 15.54061022458974506, 8.623487510049187676, 19.00000000000000000 ) ) ;
#3673 = CARTESIAN_POINT ( 'NONE',  ( 20.72569285400199490, 8.266336384275389193, 19.91535148241706921 ) ) ;
#3674 = CARTESIAN_POINT ( 'NONE',  ( 21.59531937374343613, 3.810606734159806663, 19.00000000000000000 ) ) ;
#3675 = EDGE_CURVE ( 'NONE', #585, #2318, #5153, .T. ) ;
#3676 = CARTESIAN_POINT ( 'NONE',  ( 11.44016467146194671, 4.987557696998620393, 21.43073882405583674 ) ) ;
#3677 = CARTESIAN_POINT ( 'NONE',  ( -2.569103694677515204, 6.062042254725015233, 19.00000000000000000 ) ) ;
#3678 = CARTESIAN_POINT ( 'NONE',  ( 21.83172800117246126, 7.147441086256814735, 21.05930783481401036 ) ) ;
#3679 = CARTESIAN_POINT ( 'NONE',  ( -13.34773267483190118, 4.810623054027682421, 19.63776487636122425 ) ) ;
#3680 = LINE ( 'NONE', #219, #1424 ) ;
#3681 = VERTEX_POINT ( 'NONE', #5152 ) ;
#3682 = CARTESIAN_POINT ( 'NONE',  ( 14.92814088164465680, -3.685705855882373427, 3.433853715359109771 ) ) ;
#3683 = CARTESIAN_POINT ( 'NONE',  ( 12.07561556267313208, 16.29158272145742714, 121.4015205120797418 ) ) ;
#3684 = CARTESIAN_POINT ( 'NONE',  ( 20.97296724133170898, 10.00536302449681791, 19.00000000000000000 ) ) ;
#3685 = EDGE_CURVE ( 'NONE', #3510, #2132, #5222, .T. ) ;
#3686 = CARTESIAN_POINT ( 'NONE',  ( 4.912739498922142900, 3.997527183525462213, 21.28159773265761245 ) ) ;
#3687 = CARTESIAN_POINT ( 'NONE',  ( -12.50158171926740103, 4.434418075125075021, 20.61579906323290956 ) ) ;
#3688 = CARTESIAN_POINT ( 'NONE',  ( -6.449248532044864035, -4.059957454347630446, 14.99999999999996270 ) ) ;
#3689 = ORIENTED_EDGE ( 'NONE', *, *, #468, .F. ) ;
#3690 = CARTESIAN_POINT ( 'NONE',  ( 14.56789960609990153, 18.23369952376244285, 121.1961419037071437 ) ) ;
#3691 = CARTESIAN_POINT ( 'NONE',  ( -14.80224374789690778, 1.406318285286947578, 19.34314989682222929 ) ) ;
#3692 = CARTESIAN_POINT ( 'NONE',  ( 13.24255154860567529, 7.993186706831469479, 19.00000000000000000 ) ) ;
#3693 = EDGE_CURVE ( 'NONE', #1436, #2539, #2151, .T. ) ;
#3694 = CARTESIAN_POINT ( 'NONE',  ( 20.43987933430923576, -2.506394866803135280, 13.77606825707416149 ) ) ;
#3695 = CARTESIAN_POINT ( 'NONE',  ( -13.49949607738344426, 1.895382599650862421, 19.00000000000003197 ) ) ;
#3696 = EDGE_LOOP ( 'NONE', ( #3617, #794, #3659, #742, #6001, #2718, #3241, #4406, #4082, #4968, #4961 ) ) ;
#3697 = CARTESIAN_POINT ( 'NONE',  ( -15.96040864562261063, 4.372500341113458866, 19.00000000000000000 ) ) ;
#3698 = VECTOR ( 'NONE', #5641, 1000.000000000000000 ) ;
#3699 = LINE ( 'NONE', #1241, #3757 ) ;
#3700 = CARTESIAN_POINT ( 'NONE',  ( -1.236852361703727032, 1.013620927845719999, 119.9418832872492118 ) ) ;
#3701 = CARTESIAN_POINT ( 'NONE',  ( -10.47059186099463979, -10.87979020295689914, 121.6574640047127644 ) ) ;
#3702 = CARTESIAN_POINT ( 'NONE',  ( 12.84600222963223892, 17.18679290676220717, 118.9968426467972051 ) ) ;
#3703 = CARTESIAN_POINT ( 'NONE',  ( -9.992111211587276998, 5.883897611233574132, 19.27337034945548311 ) ) ;
#3704 = CARTESIAN_POINT ( 'NONE',  ( -9.123662678765315448, -9.532149083784389632, 125.0000000000000568 ) ) ;
#3705 = AXIS2_PLACEMENT_3D ( 'NONE', #4181, #1756, #1157 ) ;
#3706 = CARTESIAN_POINT ( 'NONE',  ( -15.22418614563846972, 5.468089784159293920, 19.00000000000000000 ) ) ;
#3707 = LINE ( 'NONE', #2728, #299 ) ;
#3708 = ORIENTED_EDGE ( 'NONE', *, *, #3685, .T. ) ;
#3709 = DIRECTION ( 'NONE',  ( 1.000000000000000000, 0.000000000000000000, 0.000000000000000000 ) ) ;
#3710 = CARTESIAN_POINT ( 'NONE',  ( -9.916159072558352605, -8.903227897290054926, 121.7383634390627236 ) ) ;
#3711 = CARTESIAN_POINT ( 'NONE',  ( -66.89984848717527655, 71.74130422303811372, -210.0000000000000284 ) ) ;
#3712 = ADVANCED_FACE ( 'NONE', ( #3873 ), #5740, .T. ) ;
#3713 = CARTESIAN_POINT ( 'NONE',  ( 18.69705022628760815, 9.236553674650386014, 19.00000000000000000 ) ) ;
#3714 = CARTESIAN_POINT ( 'NONE',  ( 16.20824216307889998, 2.873025350762623997, 18.99999999999749889 ) ) ;
#3715 = CARTESIAN_POINT ( 'NONE',  ( -4.296324548320944459, 5.026869680012880259, 19.46859656211182710 ) ) ;
#3716 = CARTESIAN_POINT ( 'NONE',  ( -1.851440837014685092, 1.480272730364281752, 70.05120874106603424 ) ) ;
#3717 = CARTESIAN_POINT ( 'NONE',  ( -13.55784668517315872, 5.254658956267519443, 19.27344728224248982 ) ) ;
#3718 = CARTESIAN_POINT ( 'NONE',  ( 14.79209741530436517, 3.475312508194681627, 3.610394695806003362 ) ) ;
#3719 = ORIENTED_EDGE ( 'NONE', *, *, #5301, .T. ) ;
#3720 = CARTESIAN_POINT ( 'NONE',  ( -50.00000000000000000, -5.001503505445728415, 6.913426270597009982 ) ) ;
#3721 = B_SPLINE_CURVE_WITH_KNOTS ( 'NONE', 3,
 ( #648, #2610, #2139, #3623, #2645, #1040, #2036, #4012, #5290, #388, #4362, #2772, #1260, #5775 ),
 .UNSPECIFIED., .F., .F.,
 ( 4, 2, 2, 2, 2, 2, 4 ),
 ( -5.999999945432281470E-08, 0.0001913092885198504746, 0.0003826785770391552392, 0.0007654171540777642262, 0.001148155731116373268, 0.001339525019635677463, 0.001530894308154982092 ),
 .UNSPECIFIED. ) ;
#3722 = CARTESIAN_POINT ( 'NONE',  ( 11.70828734753508016, 10.95411007730387709, 121.6135198688312613 ) ) ;
#3723 = CARTESIAN_POINT ( 'NONE',  ( 7.164017854627851456, 5.796905693087150091, 19.20795229881461808 ) ) ;
#3724 = CARTESIAN_POINT ( 'NONE',  ( -12.26562259045018877, 5.007631825411573701, 19.83073017889741152 ) ) ;
#3725 = CARTESIAN_POINT ( 'NONE',  ( -3.443940427403854088, -5.729395688419239185, 97.49437716547394928 ) ) ;
#3726 = ORIENTED_EDGE ( 'NONE', *, *, #5301, .F. ) ;
#3727 = DIRECTION ( 'NONE',  ( 0.000000000000000000, 1.000000000000000000, 0.000000000000000000 ) ) ;
#3728 = CARTESIAN_POINT ( 'NONE',  ( 23.44953580769365331, 5.293122136954679924, 19.00000000000000000 ) ) ;
#3729 = CARTESIAN_POINT ( 'NONE',  ( 14.62920686606924470, 5.881389309978398039, 20.79443688284062475 ) ) ;
#3730 = CARTESIAN_POINT ( 'NONE',  ( 21.51039729840807269, 7.976894608836259337, 21.97829237797174784 ) ) ;
#3731 = CARTESIAN_POINT ( 'NONE',  ( -13.69878719104113429, 3.307355867990120490, 21.39559352445644080 ) ) ;
#3732 = CARTESIAN_POINT ( 'NONE',  ( -11.92877215443118821, -0.6798713754100925710, 19.00000000000042277 ) ) ;
#3733 = ORIENTED_EDGE ( 'NONE', *, *, #2094, .T. ) ;
#3734 = CARTESIAN_POINT ( 'NONE',  ( -15.34237855144848517, 4.187266292013821278, 19.06185274769483584 ) ) ;
#3735 = DIRECTION ( 'NONE',  ( 0.000000000000000000, 0.000000000000000000, -1.000000000000000000 ) ) ;
#3736 = CARTESIAN_POINT ( 'NONE',  ( -7.441376266351137581, -2.169495854818725977, 121.9288676259272393 ) ) ;
#3737 = CARTESIAN_POINT ( 'NONE',  ( -6.335037130659589621, -1.138332788647930638, 121.9569336439875826 ) ) ;
#3738 = CARTESIAN_POINT ( 'NONE',  ( -10.01342904462338979, 4.838258286757262994, 20.35537097826506070 ) ) ;
#3739 = CARTESIAN_POINT ( 'NONE',  ( -14.11577064833758755, -0.4161303034308476145, 42.40200746962072031 ) ) ;
#3740 = CARTESIAN_POINT ( 'NONE',  ( -13.26978788102256424, 3.885664742705877917, 21.27394686613010322 ) ) ;
#3741 = DIRECTION ( 'NONE',  ( 1.000000000000000000, 0.000000000000000000, 0.000000000000000000 ) ) ;
#3742 = VERTEX_POINT ( 'NONE', #3811 ) ;
#3743 = LINE ( 'NONE', #6260, #3291 ) ;
#3744 = CARTESIAN_POINT ( 'NONE',  ( -10.11628585878895237, -7.864456100172950492, 119.4717694703316795 ) ) ;
#3745 = DIRECTION ( 'NONE',  ( -0.6819983600625022513, 0.7313537016191670181, -1.485617761692451402E-16 ) ) ;
#3746 = SURFACE_SIDE_STYLE ('',( #1773 ) ) ;
#3747 = CARTESIAN_POINT ( 'NONE',  ( 9.632541893185955217, -0.9054511798692045366, 19.00000000000000000 ) ) ;
#3748 = CARTESIAN_POINT ( 'NONE',  ( -5.179809233147800285, 4.479387560228782483, 20.15292167746088836 ) ) ;
#3749 = CARTESIAN_POINT ( 'NONE',  ( 4.195605732526168197, 4.653990777128067968, 42.40200746962047873 ) ) ;
#3750 = EDGE_CURVE ( 'NONE', #4792, #6143, #4380, .T. ) ;
#3751 = CARTESIAN_POINT ( 'NONE',  ( -13.09273645415369458, 4.317855585216713088, 20.35576940385751854 ) ) ;
#3752 = LINE ( 'NONE', #2360, #1895 ) ;
#3753 = VERTEX_POINT ( 'NONE', #1319 ) ;
#3754 = STYLED_ITEM ( 'NONE', ( #5433 ), #3822 ) ;
#3755 = VECTOR ( 'NONE', #4002, 1000.000000000000000 ) ;
#3756 = CARTESIAN_POINT ( 'NONE',  ( 3.651925119053814228, 1.738158702914226916, 119.8710051914402328 ) ) ;
#3757 = VECTOR ( 'NONE', #5209, 999.9999999999998863 ) ;
#3758 = VECTOR ( 'NONE', #1950, 1000.000000000000000 ) ;
#3759 = CARTESIAN_POINT ( 'NONE',  ( 6.501443499880153354, 4.634231163292429123, 20.03821249312764508 ) ) ;
#3760 = CARTESIAN_POINT ( 'NONE',  ( -12.30195672283801755, 4.655369278437155423, 20.34240911341292701 ) ) ;
#3761 = CARTESIAN_POINT ( 'NONE',  ( 11.44710801287265767, 13.70845660113406517, 115.8311238661721490 ) ) ;
#3762 = VERTEX_POINT ( 'NONE', #2862 ) ;
#3763 = DIRECTION ( 'NONE',  ( -0.7313537016191670181, -0.6819983600625022513, 0.000000000000000000 ) ) ;
#3764 = CARTESIAN_POINT ( 'NONE',  ( -13.20233142201649912, -7.091450637486104824, 124.1859845145342547 ) ) ;
#3765 = CARTESIAN_POINT ( 'NONE',  ( -12.31275118514581912, -0.5249848098057708912, 21.68609520462516116 ) ) ;
#3766 = EDGE_CURVE ( 'NONE', #5658, #2513, #4299, .T. ) ;
#3767 = VERTEX_POINT ( 'NONE', #5253 ) ;
#3768 = CARTESIAN_POINT ( 'NONE',  ( -15.03281887976423903, 4.146935251724844562, 19.18021763522606449 ) ) ;
#3769 = ADVANCED_FACE ( 'NONE', ( #5316 ), #774, .F. ) ;
#3770 = CARTESIAN_POINT ( 'NONE',  ( 3.960348644674194230, 9.817429271511818101, 121.8654654004989197 ) ) ;
#3771 = CARTESIAN_POINT ( 'NONE',  ( 14.56829135071273917, 18.48775537399063751, 121.1839762985694762 ) ) ;
#3772 = CARTESIAN_POINT ( 'NONE',  ( 2.293928847140180416, -3.362444709336153359, 122.0003636049194284 ) ) ;
#3773 =( LENGTH_UNIT ( ) NAMED_UNIT ( * ) SI_UNIT ( .MILLI., .METRE. ) );
#3774 = CARTESIAN_POINT ( 'NONE',  ( -10.76009257914649275, 5.630844194316874329, 19.43077765403419122 ) ) ;
#3775 = CARTESIAN_POINT ( 'NONE',  ( -13.53120724248428708, 3.982419906006314125, 20.40162127538261316 ) ) ;
#3776 = DIRECTION ( 'NONE',  ( -0.9848077530122079093, 0.000000000000000000, 0.1736481776669311361 ) ) ;
#3777 = VERTEX_POINT ( 'NONE', #3290 ) ;
#3778 = LINE ( 'NONE', #5633, #597 ) ;
#3779 = CARTESIAN_POINT ( 'NONE',  ( -10.21620601655629557, -8.249207934959546407, 119.4879414734947574 ) ) ;
#3780 = DIRECTION ( 'NONE',  ( 1.000000000000000000, 0.000000000000000000, 0.000000000000000000 ) ) ;
#3781 = CARTESIAN_POINT ( 'NONE',  ( 18.44476337738117522, 4.660792561487553165, 21.10500740061391411 ) ) ;
#3782 = CARTESIAN_POINT ( 'NONE',  ( -4.393325656434547533, 4.026024989322191772, 21.36833187467530593 ) ) ;
#3783 = CARTESIAN_POINT ( 'NONE',  ( -2.831407373528239901, 1.108311837175476100, 70.05120874106592055 ) ) ;
#3784 = CARTESIAN_POINT ( 'NONE',  ( -12.99280602858684119, 4.112070491148752893, 20.92316041558472506 ) ) ;
#3785 = CARTESIAN_POINT ( 'NONE',  ( 18.25891563134818441, 4.749951326780577965, 1.468383512879778419 ) ) ;
#3786 = VERTEX_POINT ( 'NONE', #1351 ) ;
#3787 = CARTESIAN_POINT ( 'NONE',  ( 7.104873207421269932, 3.334575345252880130, 121.9168671031802802 ) ) ;
#3788 = CARTESIAN_POINT ( 'NONE',  ( 6.325973972831462788, 5.998588163551753283, 19.07055775369044071 ) ) ;
#3789 = CARTESIAN_POINT ( 'NONE',  ( -12.69293547293932356, 5.925121785680504516, 19.16302249856604689 ) ) ;
#3790 = CARTESIAN_POINT ( 'NONE',  ( 7.430556903038119998, 7.036512031416817692, 115.8311238661720068 ) ) ;
#3791 = ORIENTED_EDGE ( 'NONE', *, *, #378, .T. ) ;
#3792 = FACE_OUTER_BOUND ( 'NONE', #5704, .T. ) ;
#3793 = CARTESIAN_POINT ( 'NONE',  ( 3.812715232730532922, 3.906507407088887884, 21.56603891737420753 ) ) ;
#3794 = CARTESIAN_POINT ( 'NONE',  ( 14.43714378698522971, 6.599489023694022904, 19.59258728802961969 ) ) ;
#3795 = CARTESIAN_POINT ( 'NONE',  ( 21.60528733094669462, 7.407351173490742013, 19.00000000000003908 ) ) ;
#3796 = ADVANCED_FACE ( 'NONE', ( #2796 ), #6320, .T. ) ;
#3797 = CARTESIAN_POINT ( 'NONE',  ( -15.86772504297840491, 0.6042388130265843316, 18.99999999999997868 ) ) ;
#3798 = ORIENTED_EDGE ( 'NONE', *, *, #5241, .F. ) ;
#3799 = CARTESIAN_POINT ( 'NONE',  ( -15.99999999999995914, 3.298879630055564061, 19.00000000000003197 ) ) ;
#3800 = CARTESIAN_POINT ( 'NONE',  ( 12.98324373076415128, 19.49370174501854791, 121.2168961768855553 ) ) ;
#3801 = CARTESIAN_POINT ( 'NONE',  ( -11.62644997019284610, -10.07125687235328648, 121.6439561481795124 ) ) ;
#3802 = CARTESIAN_POINT ( 'NONE',  ( -10.37189205495369571, 7.065647022905285013, 19.00000000000000000 ) ) ;
#3803 = CARTESIAN_POINT ( 'NONE',  ( -15.61176691923717641, 4.995809773862423420, 19.00000000000000000 ) ) ;
#3804 = PLANE ( 'NONE',  #2766 ) ;
#3805 = EDGE_LOOP ( 'NONE', ( #76, #5848, #1406, #5185 ) ) ;
#3806 = DIRECTION ( 'NONE',  ( -0.000000000000000000, 1.000000000000000000, -0.000000000000000000 ) ) ;
#3807 = CARTESIAN_POINT ( 'NONE',  ( -11.82876609114273592, -6.821921198143773957, 121.7333652951050453 ) ) ;
#3808 = CARTESIAN_POINT ( 'NONE',  ( -50.00000000000000000, -4.599999999999999645, 6.340019839594712714 ) ) ;
#3809 =( BOUNDED_CURVE ( )  B_SPLINE_CURVE ( 3, ( #5998, #32, #2972, #3464 ),
 .UNSPECIFIED., .F., .F. ) 
 B_SPLINE_CURVE_WITH_KNOTS ( ( 4, 4 ),
 ( 3.839724354387517913, 5.585053606381851665 ),
 .UNSPECIFIED. ) 
 CURVE ( )  GEOMETRIC_REPRESENTATION_ITEM ( )  RATIONAL_B_SPLINE_CURVE ( ( 1.000000000000000000, 0.7618584064576917614, 0.7618584064576917614, 1.000000000000000000 ) ) 
 REPRESENTATION_ITEM ( '' )  );
#3810 = EDGE_CURVE ( 'NONE', #2459, #3786, #4740, .T. ) ;
#3811 = CARTESIAN_POINT ( 'NONE',  ( 15.00000000000000000, -4.749951326780577965, 1.468383512879777975 ) ) ;
#3812 = AXIS2_PLACEMENT_3D ( 'NONE', #2310, #4762, #2430 ) ;
#3813 = CARTESIAN_POINT ( 'NONE',  ( -11.36852581044377253, 4.668494298486259630, 7.761295548447312065 ) ) ;
#3814 = CARTESIAN_POINT ( 'NONE',  ( -7.958392558122866944, 5.013299047479052639, 19.86090702687827658 ) ) ;
#3815 = CARTESIAN_POINT ( 'NONE',  ( -5.773250967531149414, 2.633203741842605083, 42.40200746962056400 ) ) ;
#3816 = EDGE_CURVE ( 'NONE', #1652, #2459, #1863, .T. ) ;
#3817 = CARTESIAN_POINT ( 'NONE',  ( -13.34228065358230353, 4.813710902560440097, 19.63750691861592301 ) ) ;
#3818 = DIRECTION ( 'NONE',  ( -0.7313537016191670181, -0.6819983600625022513, 0.000000000000000000 ) ) ;
#3819 = VERTEX_POINT ( 'NONE', #6264 ) ;
#3820 = CARTESIAN_POINT ( 'NONE',  ( 9.914599270753246429, 11.87942913095260700, 119.3951375037270708 ) ) ;
#3821 = EDGE_CURVE ( 'NONE', #4761, #1086, #4233, .T. ) ;
#3822 = MANIFOLD_SOLID_BREP ( 'Fillet8', #3639 ) ;
#3823 = CARTESIAN_POINT ( 'NONE',  ( 2.400237413952451604, 3.811097734025880701, 21.22146434615783406 ) ) ;
#3824 = CARTESIAN_POINT ( 'NONE',  ( -12.23648572296033876, 5.485260953434702991, 19.42875344569508655 ) ) ;
#3825 = CARTESIAN_POINT ( 'NONE',  ( 11.95512041079139642, 10.53170960563641145, 97.49437716547377875 ) ) ;
#3826 = EDGE_LOOP ( 'NONE', ( #328, #5360, #3549, #626 ) ) ;
#3827 = DIRECTION ( 'NONE',  ( -1.017997835669522156E-14, 1.000000000000000000, 0.000000000000000000 ) ) ;
#3828 = CARTESIAN_POINT ( 'NONE',  ( 13.64823494096836853, 6.394682508038867397, 19.58767980170377854 ) ) ;
#3829 = CARTESIAN_POINT ( 'NONE',  ( -11.96516975065922139, -0.9474215013443026967, 21.68884655204745471 ) ) ;
#3830 = ORIENTED_EDGE ( 'NONE', *, *, #3164, .T. ) ;
#3831 = PLANE ( 'NONE',  #3586 ) ;
#3832 = CARTESIAN_POINT ( 'NONE',  ( 21.80884610981352978, 7.127699986073136706, 21.06046532473833466 ) ) ;
#3833 = DIRECTION ( 'NONE',  ( -0.7313537016191670181, -0.6819983600625022513, 0.000000000000000000 ) ) ;
#3834 = CARTESIAN_POINT ( 'NONE',  ( 6.520882642342388458, 2.427185163255213496, 121.9387489101492861 ) ) ;
#3835 = CARTESIAN_POINT ( 'NONE',  ( -10.37399240126389977, 6.762101728632416986, 19.00000000000000000 ) ) ;
#3836 = CARTESIAN_POINT ( 'NONE',  ( -13.61472783960295274, 3.511231414614547131, 21.05286035051486593 ) ) ;
#3837 = CARTESIAN_POINT ( 'NONE',  ( 13.24312532859335612, -3.420839984053884564, 3.656102570718366529 ) ) ;
#3838 = ORIENTED_EDGE ( 'NONE', *, *, #5948, .F. ) ;
#3839 = CARTESIAN_POINT ( 'NONE',  ( -16.00000000000000000, -8.000000000000003553, 19.00000000000000000 ) ) ;
#3840 = CARTESIAN_POINT ( 'NONE',  ( -9.824372288038848211, -7.974486280864097054, 121.7600795427968734 ) ) ;
#3841 = ADVANCED_FACE ( 'NONE', ( #39 ), #2830, .T. ) ;
#3842 = B_SPLINE_CURVE_WITH_KNOTS ( 'NONE', 3,
 ( #1761, #1277, #3249, #4624, #342, #2884, #4254, #3314, #3896, #1431, #4729, #2404, #431, #1341, #3346, #5307, #4347, #6217 ),
 .UNSPECIFIED., .F., .F.,
 ( 4, 2, 2, 2, 2, 2, 2, 2, 4 ),
 ( 0.003119293279844575877, 0.003566609245124901378, 0.004013925210405227748, 0.004461241175685553249, 0.004908557140965878751, 0.005355873106246204253, 0.005803189071526529755, 0.006250505036806856124, 0.006697821002087181626 ),
 .UNSPECIFIED. ) ;
#3843 = CARTESIAN_POINT ( 'NONE',  ( 22.36660948902064661, 4.386958405256621063, 19.00000000000000000 ) ) ;
#3844 = CARTESIAN_POINT ( 'NONE',  ( -7.356361938918592358, 6.870859081959804548, 19.00000000000000000 ) ) ;
#3845 = CARTESIAN_POINT ( 'NONE',  ( -2.769779328369438520, -0.8815210713973260503, 124.9999999999999858 ) ) ;
#3846 = CARTESIAN_POINT ( 'NONE',  ( -13.04232259999193033, 4.186583711674133568, 20.62787997814773533 ) ) ;
#3847 = DIRECTION ( 'NONE',  ( 1.000000000000000000, 0.000000000000000000, 0.000000000000000000 ) ) ;
#3848 = EDGE_CURVE ( 'NONE', #4141, #5984, #6037, .T. ) ;
#3849 = VERTEX_POINT ( 'NONE', #5526 ) ;
#3850 = CARTESIAN_POINT ( 'NONE',  ( -3.413026301214535430, -6.062970983343472398, 120.0013801256199457 ) ) ;
#3851 = ADVANCED_FACE ( 'NONE', ( #201 ), #4773, .F. ) ;
#3852 = CARTESIAN_POINT ( 'NONE',  ( 1.546248947746089009, 3.833792658335879455, 20.87021840279804863 ) ) ;
#3853 = CARTESIAN_POINT ( 'NONE',  ( -13.55597159825524933, 5.573154387930577158, 19.16461563118767941 ) ) ;
#3854 = CARTESIAN_POINT ( 'NONE',  ( 16.32779969701127243, 3.822597505328718004, 24.15118135527024279 ) ) ;
#3855 = ORIENTED_EDGE ( 'NONE', *, *, #5008, .F. ) ;
#3856 = CARTESIAN_POINT ( 'NONE',  ( -25.19999999999999574, -7.091450637486111930, 122.6874228579374346 ) ) ;
#3857 = CARTESIAN_POINT ( 'NONE',  ( 12.24881944773394693, 5.167281643690611048, 21.44855867101998470 ) ) ;
#3858 = VECTOR ( 'NONE', #4691, 1000.000000000000000 ) ;
#3859 = VECTOR ( 'NONE', #3847, 1000.000000000000000 ) ;
#3860 = CARTESIAN_POINT ( 'NONE',  ( -15.21657876574061774, -0.6245294022592551286, 18.99999999999999289 ) ) ;
#3861 = CARTESIAN_POINT ( 'NONE',  ( -13.75550820671147711, 3.259439267112841598, 15.00000000000001066 ) ) ;
#3862 = ORIENTED_EDGE ( 'NONE', *, *, #2641, .F. ) ;
#3863 = CARTESIAN_POINT ( 'NONE',  ( 21.31834007460376768, 8.289613063728978659, 20.12603527376798240 ) ) ;
#3864 = FACE_OUTER_BOUND ( 'NONE', #46, .T. ) ;
#3865 = CARTESIAN_POINT ( 'NONE',  ( -12.19177052875733480, 10.23261640102780134, 12.43014835251528361 ) ) ;
#3866 = CARTESIAN_POINT ( 'NONE',  ( -10.57330122524177263, 4.988378447475075639, 20.07826819449305944 ) ) ;
#3867 = CARTESIAN_POINT ( 'NONE',  ( -14.25926857012701099, 3.912443520421415855, 19.68641547942995018 ) ) ;
#3868 = CARTESIAN_POINT ( 'NONE',  ( -12.34817671972461994, -2.662761188878671081, 13.31717193982369807 ) ) ;
#3869 = CARTESIAN_POINT ( 'NONE',  ( -13.46976651488303744, -7.091450637486104824, 124.1773881008268745 ) ) ;
#3870 = CARTESIAN_POINT ( 'NONE',  ( 23.33853058486729282, 2.881966011250104653, 16.00000000000000000 ) ) ;
#3871 = CARTESIAN_POINT ( 'NONE',  ( -9.768726600613264921, -7.429446561866839716, 119.5010182534908978 ) ) ;
#3872 = DIRECTION ( 'NONE',  ( -0.000000000000000000, 1.000000000000000000, 0.000000000000000000 ) ) ;
#3873 = FACE_OUTER_BOUND ( 'NONE', #816, .T. ) ;
#3874 = CARTESIAN_POINT ( 'NONE',  ( -2.318794424212525129, 2.486602585505176322, -210.0000000000000000 ) ) ;
#3875 = CARTESIAN_POINT ( 'NONE',  ( -8.186704092767200791, 6.650610775953610165, 19.00000000000000000 ) ) ;
#3876 = CARTESIAN_POINT ( 'NONE',  ( -11.79977517081595195, 5.345862926716342223, 15.00000000000001066 ) ) ;
#3877 = CARTESIAN_POINT ( 'NONE',  ( -13.28006224279813097, 4.588641747768182455, 19.84244081800239101 ) ) ;
#3878 = CARTESIAN_POINT ( 'NONE',  ( -16.79328581607699888, -7.091450637486104824, 124.8189485971174122 ) ) ;
#3879 = ORIENTED_EDGE ( 'NONE', *, *, #2646, .T. ) ;
#3880 = CARTESIAN_POINT ( 'NONE',  ( 0.8100288901581439438, -5.015492617260536967, 121.9917809403859792 ) ) ;
#3881 = CARTESIAN_POINT ( 'NONE',  ( -9.331820183081632081, -9.002629725112607062, 119.9192574755369236 ) ) ;
#3882 = EDGE_CURVE ( 'NONE', #147, #1790, #2785, .T. ) ;
#3883 = CARTESIAN_POINT ( 'NONE',  ( 1.527711208920095709, 4.496993385761216544, 19.74300643356468044 ) ) ;
#3884 = CARTESIAN_POINT ( 'NONE',  ( -13.71528861658950227, 6.485523004695344262, 19.00000000000000000 ) ) ;
#3885 = CARTESIAN_POINT ( 'NONE',  ( 8.592973411976064568, 3.022516992149375969, 70.05120874106594897 ) ) ;
#3886 = ORIENTED_EDGE ( 'NONE', *, *, #522, .T. ) ;
#3887 = CARTESIAN_POINT ( 'NONE',  ( 19.17156698767086809, -5.385874850037470019, 6.644286557642075763 ) ) ;
#3888 = CARTESIAN_POINT ( 'NONE',  ( 12.63645905334012909, 7.115172093523419505, 19.07619381170471229 ) ) ;
#3889 = EDGE_CURVE ( 'NONE', #2647, #2539, #4074, .T. ) ;
#3890 = CARTESIAN_POINT ( 'NONE',  ( -1.146395542793533950, -4.838299549299819091, 21.48656261711671078 ) ) ;
#3891 = CARTESIAN_POINT ( 'NONE',  ( -13.20399067864687481, -3.231379940065190581, 70.05120874106566475 ) ) ;
#3892 = ORIENTED_EDGE ( 'NONE', *, *, #5986, .T. ) ;
#3893 = EDGE_CURVE ( 'NONE', #3267, #6341, #5349, .T. ) ;
#3894 = CARTESIAN_POINT ( 'NONE',  ( -13.84316889767076120, 2.431466945729560347, 21.52556867073082358 ) ) ;
#3895 = CIRCLE ( 'NONE', #1929, 1.499999999999999556 ) ;
#3896 = CARTESIAN_POINT ( 'NONE',  ( 16.28302247533180136, 24.96247228545157881, 122.5696235535568093 ) ) ;
#3897 = CARTESIAN_POINT ( 'NONE',  ( 11.51770107807889332, 10.62012931409367766, 121.6336930579232245 ) ) ;
#3898 = CARTESIAN_POINT ( 'NONE',  ( -10.91299235796611278, 4.579193643450572893, 21.20581407394755047 ) ) ;
#3899 = CARTESIAN_POINT ( 'NONE',  ( -15.72009830203922220, 4.821777167170533396, 19.00000000000000000 ) ) ;
#3900 = ORIENTED_EDGE ( 'NONE', *, *, #1831, .T. ) ;
#3901 = CARTESIAN_POINT ( 'NONE',  ( -16.00000000000000000, 4.000000000000010658, 16.50000000000000000 ) ) ;
#3902 = DIRECTION ( 'NONE',  ( -0.000000000000000000, 1.000000000000000000, -0.000000000000000000 ) ) ;
#3903 = CARTESIAN_POINT ( 'NONE',  ( -50.00000000000000000, 4.749951326780577965, 1.468383512879778419 ) ) ;
#3904 = CARTESIAN_POINT ( 'NONE',  ( -6.592725783095596093, 6.473380484889912800, 19.00000000000000000 ) ) ;
#3905 = CARTESIAN_POINT ( 'NONE',  ( -5.788473559081851683, 0.04916938070108236442, 70.05120874106584949 ) ) ;
#3906 = CARTESIAN_POINT ( 'NONE',  ( -13.06057837794802268, 4.176135271736497678, 20.62983669771323747 ) ) ;
#3907 = CARTESIAN_POINT ( 'NONE',  ( -11.86043653214063021, -7.312551635009040929, 10.55105988128172356 ) ) ;
#3908 = ORIENTED_EDGE ( 'NONE', *, *, #3893, .T. ) ;
#3909 = CARTESIAN_POINT ( 'NONE',  ( 14.49739274444335635, 5.744539800505929605, 21.82552026201471307 ) ) ;
#3910 = VECTOR ( 'NONE', #5248, 1000.000000000000000 ) ;
#3911 = EDGE_CURVE ( 'NONE', #4539, #5785, #3312, .T. ) ;
#3912 = CARTESIAN_POINT ( 'NONE',  ( -7.081702298822341923, -10.59733619956565143, 121.7681582344676201 ) ) ;
#3913 = CARTESIAN_POINT ( 'NONE',  ( 1.547980386210242143, 3.775711461927127033, 21.53043120698986712 ) ) ;
#3914 = CARTESIAN_POINT ( 'NONE',  ( -13.43233682854194733, 5.317391846229332586, 19.27313885063369980 ) ) ;
#3915 = CARTESIAN_POINT ( 'NONE',  ( 20.97137779049225514, 11.55778932370940559, 42.40200746962064926 ) ) ;
#3916 = VERTEX_POINT ( 'NONE', #4818 ) ;
#3917 = CARTESIAN_POINT ( 'NONE',  ( 13.23600906874242078, 16.89292227241656619, 120.5482559363309463 ) ) ;
#3918 = CARTESIAN_POINT ( 'NONE',  ( 12.71111341014328033, 6.801539139268586887, 19.22189727361019607 ) ) ;
#3919 = CARTESIAN_POINT ( 'NONE',  ( 0.07350386911905319731, -4.660634196243887750, 21.46399659308330499 ) ) ;
#3920 = EDGE_CURVE ( 'NONE', #3753, #2991, #6055, .T. ) ;
#3921 = CARTESIAN_POINT ( 'NONE',  ( -9.252477113830115840, -4.951757220218966360, 42.40200746962069900 ) ) ;
#3922 = ORIENTED_EDGE ( 'NONE', *, *, #2752, .T. ) ;
#3923 = CARTESIAN_POINT ( 'NONE',  ( 21.45869283574199571, 7.876864336147714418, 21.53196305608799577 ) ) ;
#3924 = CARTESIAN_POINT ( 'NONE',  ( 23.45309060875143103, 5.296231717366655545, 19.00000000000000000 ) ) ;
#3925 =( BOUNDED_CURVE ( )  B_SPLINE_CURVE ( 3, ( #4386, #379, #1925, #5736 ),
 .UNSPECIFIED., .F., .T. ) 
 B_SPLINE_CURVE_WITH_KNOTS ( ( 4, 4 ),
 ( 1.967080977816907161, 2.617993877991504181 ),
 .UNSPECIFIED. ) 
 CURVE ( )  GEOMETRIC_REPRESENTATION_ITEM ( )  RATIONAL_B_SPLINE_CURVE ( ( 1.000000000000000000, 0.9650032527845043839, 0.9650032527845043839, 1.000000000000000000 ) ) 
 REPRESENTATION_ITEM ( '' )  );
#3926 = CARTESIAN_POINT ( 'NONE',  ( 20.38410732583066931, -2.577498541357488460, 13.52094453300079380 ) ) ;
#3927 = CARTESIAN_POINT ( 'NONE',  ( -10.21361417709813324, -8.376375946601049449, 119.5080053177524206 ) ) ;
#3928 = CARTESIAN_POINT ( 'NONE',  ( -12.13228679723900960, 5.044890327429843779, 19.82967972372851051 ) ) ;
#3929 = CARTESIAN_POINT ( 'NONE',  ( -15.20494239891100108, 4.451075448589135952, 19.06088459632121612 ) ) ;
#3930 = CARTESIAN_POINT ( 'NONE',  ( 15.31312566638124295, 18.06247228545156247, 123.6729275667482426 ) ) ;
#3931 = CARTESIAN_POINT ( 'NONE',  ( 14.59169386461001672, 3.343303943013927082, 3.809742405934893217 ) ) ;
#3932 = FACE_OUTER_BOUND ( 'NONE', #5952, .T. ) ;
#3933 = B_SPLINE_CURVE_WITH_KNOTS ( 'NONE', 3,
 ( #6056, #1189, #1570, #4548, #2163, #709, #1608, #3613, #222, #3512, #5056, #575 ),
 .UNSPECIFIED., .F., .F.,
 ( 4, 2, 2, 2, 2, 4 ),
 ( 0.01381770649708553150, 0.01428187211604461590, 0.01474603773500369856, 0.01567436897292183440, 0.01660270021083996850, 0.01753103144875810607 ),
 .UNSPECIFIED. ) ;
#3934 = CARTESIAN_POINT ( 'NONE',  ( 21.59907704412940888, 6.946893098580606996, 21.06241779449543827 ) ) ;
#3935 = CARTESIAN_POINT ( 'NONE',  ( -8.215665745572199086, 6.344650737774681026, 19.05732614822894533 ) ) ;
#3936 = CARTESIAN_POINT ( 'NONE',  ( -12.33270445384294867, 5.210230187026056115, 15.00000000000000711 ) ) ;
#3937 = CARTESIAN_POINT ( 'NONE',  ( -13.11602916886572601, 4.304648870736898836, 20.35794109596628587 ) ) ;
#3938 = CARTESIAN_POINT ( 'NONE',  ( -13.11225171830062308, 4.014887134808376778, 21.22299490127953447 ) ) ;
#3939 = ORIENTED_EDGE ( 'NONE', *, *, #5396, .T. ) ;
#3940 = CARTESIAN_POINT ( 'NONE',  ( 3.087552810632213873, 3.851051792710739274, 21.54732761972694277 ) ) ;
#3941 = CARTESIAN_POINT ( 'NONE',  ( -8.137875578859690151, -8.813956502178141861, 119.9411192549767264 ) ) ;
#3942 = CARTESIAN_POINT ( 'NONE',  ( -0.1691219081863735707, 3.969870476061433617, 20.53192687717101350 ) ) ;
#3943 = CARTESIAN_POINT ( 'NONE',  ( -13.07346168117500085, 4.483655550344890273, 20.08443631429112841 ) ) ;
#3944 = CARTESIAN_POINT ( 'NONE',  ( 12.90969920798253057, 16.28451865226453066, 115.8311238661720779 ) ) ;
#3945 = ORIENTED_EDGE ( 'NONE', *, *, #1810, .T. ) ;
#3946 = DIRECTION ( 'NONE',  ( 0.000000000000000000, -0.6427876096865345890, 0.7660444431189821213 ) ) ;
#3947 = CARTESIAN_POINT ( 'NONE',  ( 12.90726117411800011, 5.977565037321429742, 19.84820148269604445 ) ) ;
#3948 = CARTESIAN_POINT ( 'NONE',  ( -11.28566731617730490, -4.461727246135010816, 7.291381676313011262 ) ) ;
#3949 = CARTESIAN_POINT ( 'NONE',  ( -5.169414292714642478, -4.549062270312048462, 18.99999999999665334 ) ) ;
#3950 = CARTESIAN_POINT ( 'NONE',  ( -8.429344557610914279, -7.396728593023834009, 97.49437716547365085 ) ) ;
#3951 = VERTEX_POINT ( 'NONE', #4319 ) ;
#3952 = CARTESIAN_POINT ( 'NONE',  ( -13.79305043976983747, 2.090787613506978282, 21.61571807203093698 ) ) ;
#3953 = AXIS2_PLACEMENT_3D ( 'NONE', #6008, #2585, #4627 ) ;
#3954 = CARTESIAN_POINT ( 'NONE',  ( 13.20790258469560641, 3.475312508194682071, 3.610394695806003362 ) ) ;
#3955 = ADVANCED_FACE ( 'NONE', ( #340 ), #3831, .T. ) ;
#3956 = VECTOR ( 'NONE', #4146, 1000.000000000000000 ) ;
#3957 = CARTESIAN_POINT ( 'NONE',  ( -50.00000000000000000, -5.094974746830584600, 5.845045092764129535 ) ) ;
#3958 = CARTESIAN_POINT ( 'NONE',  ( -11.98039280622101899, 5.802868288903280103, 19.26941389989095299 ) ) ;
#3959 = CARTESIAN_POINT ( 'NONE',  ( -15.27512993492922533, 4.321811763247636939, 19.06141199059965174 ) ) ;
#3960 = CARTESIAN_POINT ( 'NONE',  ( -50.00000000000000000, -4.299999999999999822, 2.004614623063062151 ) ) ;
#3961 = ADVANCED_FACE ( 'NONE', ( #4793 ), #1602, .F. ) ;
#3962 = CARTESIAN_POINT ( 'NONE',  ( 24.80000000000000426, -9.573965526745718435, 19.00000000000000000 ) ) ;
#3963 = CARTESIAN_POINT ( 'NONE',  ( -13.69878719104113429, 3.307355867990120490, 21.39559352445644080 ) ) ;
#3964 = EDGE_CURVE ( 'NONE', #5716, #1305, #3234, .T. ) ;
#3965 = CARTESIAN_POINT ( 'NONE',  ( -25.19999999999999574, -7.091450637486111930, 121.1837425476318657 ) ) ;
#3966 = CARTESIAN_POINT ( 'NONE',  ( -8.760100832536542370, 7.004654174488392115, 19.00000000000000000 ) ) ;
#3967 = CARTESIAN_POINT ( 'NONE',  ( -11.08358579763492280, -4.489834537283462268, 97.49437716547352295 ) ) ;
#3968 = CARTESIAN_POINT ( 'NONE',  ( -14.08589687833715054, 5.261519924798603753, 19.16762000299049973 ) ) ;
#3969 = DIRECTION ( 'NONE',  ( 0.000000000000000000, 0.000000000000000000, -1.000000000000000000 ) ) ;
#3970 = ORIENTED_EDGE ( 'NONE', *, *, #4662, .T. ) ;
#3971 = EDGE_CURVE ( 'NONE', #2917, #585, #3463, .T. ) ;
#3972 = CARTESIAN_POINT ( 'NONE',  ( -4.975077030975015191, 4.087257360465632594, 21.32984526490404775 ) ) ;
#3973 = CARTESIAN_POINT ( 'NONE',  ( -3.118754338628949352, -5.829066914283650647, 120.0009367317097855 ) ) ;
#3974 = CARTESIAN_POINT ( 'NONE',  ( -1.341106578127954752, 6.311735511217945849, 19.00000000000000000 ) ) ;
#3975 = CARTESIAN_POINT ( 'NONE',  ( -12.97664781784039789, 5.238663343795152194, 19.43225463192763414 ) ) ;
#3976 = CARTESIAN_POINT ( 'NONE',  ( 13.11119385877011645, 16.66222504281937589, 115.8311238661721632 ) ) ;
#3977 = ORIENTED_EDGE ( 'NONE', *, *, #4354, .F. ) ;
#3978 = CARTESIAN_POINT ( 'NONE',  ( 14.79209741530438826, -3.475312508194680738, 3.610394695806004250 ) ) ;
#3979 = LINE ( 'NONE', #2938, #6363 ) ;
#3980 = CARTESIAN_POINT ( 'NONE',  ( -7.099174226319823866, -6.708113282310679715, 19.00000000000000000 ) ) ;
#3981 = CARTESIAN_POINT ( 'NONE',  ( -5.859172784267887124, -7.439066149423894991, 115.8311238661721490 ) ) ;
#3982 = ORIENTED_EDGE ( 'NONE', *, *, #4187, .T. ) ;
#3983 = CARTESIAN_POINT ( 'NONE',  ( -13.59896326386349941, 1.989787564901925432, 19.11401824774424085 ) ) ;
#3984 = CARTESIAN_POINT ( 'NONE',  ( -9.918891654535151758, -7.610332870550741369, 119.4910531595151753 ) ) ;
#3985 = CARTESIAN_POINT ( 'NONE',  ( -15.66918529334246735, -7.091450637486104824, 131.1109613602280319 ) ) ;
#3986 = CARTESIAN_POINT ( 'NONE',  ( -14.44890213191905737, -1.831144706192527005, 19.00000000000000711 ) ) ;
#3987 = CARTESIAN_POINT ( 'NONE',  ( -11.89947942897999233, 5.320845722364736297, 19.62835363899834817 ) ) ;
#3988 = CARTESIAN_POINT ( 'NONE',  ( -14.31301480455556963, 3.804701420669360346, 19.69355789471691764 ) ) ;
#3989 = CARTESIAN_POINT ( 'NONE',  ( -3.273760386377905895, -13.99145063748610518, 123.2863210544221317 ) ) ;
#3990 = CARTESIAN_POINT ( 'NONE',  ( -1.393719805188076144, 6.288443141176239592, 18.99999999999998934 ) ) ;
#3991 = PLANE ( 'NONE',  #5902 ) ;
#3992 = CARTESIAN_POINT ( 'NONE',  ( -9.293773652655270112, 4.666597626107435559, 20.63843992409961814 ) ) ;
#3993 = CARTESIAN_POINT ( 'NONE',  ( -12.66885658710713258, 5.065332402916823185, 15.00000000000000711 ) ) ;
#3994 = CARTESIAN_POINT ( 'NONE',  ( -13.92111255548500282, 5.027271844995240713, 19.27810087992948951 ) ) ;
#3995 = CARTESIAN_POINT ( 'NONE',  ( -13.61509150926899281, 3.480357554053967739, 21.35328062823556294 ) ) ;
#3996 = ORIENTED_EDGE ( 'NONE', *, *, #5264, .F. ) ;
#3997 = CARTESIAN_POINT ( 'NONE',  ( 21.56986078443560118, 9.000000000000000000, 19.45444234955071039 ) ) ;
#3998 = CARTESIAN_POINT ( 'NONE',  ( -2.294798184510672634, 3.940832331668659538, 20.78567472890656376 ) ) ;
#3999 = CARTESIAN_POINT ( 'NONE',  ( -13.22165513905061829, 4.620750027789811476, 19.84034710465003215 ) ) ;
#4000 = CARTESIAN_POINT ( 'NONE',  ( 13.19275861291185592, 16.81622087330454818, 115.8311238661720921 ) ) ;
#4001 = ORIENTED_EDGE ( 'NONE', *, *, #855, .T. ) ;
#4002 = DIRECTION ( 'NONE',  ( 1.000000000000000000, 0.000000000000000000, 0.000000000000000000 ) ) ;
#4003 = CARTESIAN_POINT ( 'NONE',  ( -11.04682518464121088, -4.918558735539670934, 19.00000000000000711 ) ) ;
#4004 = CARTESIAN_POINT ( 'NONE',  ( 8.089712693173499503, 5.080531538727159457, 19.80465052771022627 ) ) ;
#4005 = VECTOR ( 'NONE', #837, 1000.000000000000000 ) ;
#4006 = CARTESIAN_POINT ( 'NONE',  ( -4.758134878655187805, -6.808271817687439942, 115.8311238661718363 ) ) ;
#4007 = ORIENTED_EDGE ( 'NONE', *, *, #4538, .T. ) ;
#4008 = CARTESIAN_POINT ( 'NONE',  ( -13.66220677437656228, 2.063892830697059200, 19.19340599439927786 ) ) ;
#4009 = CARTESIAN_POINT ( 'NONE',  ( -9.889080129612189296, -8.062293604273975234, 121.7561216391081018 ) ) ;
#4010 = CARTESIAN_POINT ( 'NONE',  ( 24.44250544400089353, 7.652988424574779458, 19.00000000000001066 ) ) ;
#4011 = CARTESIAN_POINT ( 'NONE',  ( 13.20790258469560285, -3.475312508194646988, 3.610394695806019794 ) ) ;
#4012 = CARTESIAN_POINT ( 'NONE',  ( 21.87855954641168310, 7.752238564785958630, 21.67160235233358989 ) ) ;
#4013 = ORIENTED_EDGE ( 'NONE', *, *, #156, .F. ) ;
#4014 = CARTESIAN_POINT ( 'NONE',  ( -13.71870567362077331, 3.473392845293794107, 20.75833493288164178 ) ) ;
#4015 = CARTESIAN_POINT ( 'NONE',  ( 20.47890417151547737, -2.500000000000000444, 13.90693813243276011 ) ) ;
#4016 = CARTESIAN_POINT ( 'NONE',  ( -15.33501414166926757, 5.345239944831662982, 18.99999999999994316 ) ) ;
#4017 = DIRECTION ( 'NONE',  ( 0.000000000000000000, -0.7660444431189820103, -0.6427876096865344779 ) ) ;
#4018 = CARTESIAN_POINT ( 'NONE',  ( -11.10106678110682843, -5.918616679924245005, 121.7774095754960797 ) ) ;
#4019 = DIRECTION ( 'NONE',  ( 1.000000000000000000, 0.000000000000000000, 0.000000000000000000 ) ) ;
#4020 = CARTESIAN_POINT ( 'NONE',  ( 11.89529422987045315, 17.71175910174647328, 120.7561735582353037 ) ) ;
#4021 = CARTESIAN_POINT ( 'NONE',  ( -9.419033622939910089, 5.861771015812687224, 19.27512642116164443 ) ) ;
#4022 = CARTESIAN_POINT ( 'NONE',  ( -12.88287064406692117, 3.741878324474475992, 24.15118135527027832 ) ) ;
#4023 = CARTESIAN_POINT ( 'NONE',  ( -13.15640993602908715, 4.010620402426756215, 20.94545528575789106 ) ) ;
#4024 = CARTESIAN_POINT ( 'NONE',  ( -9.621834442572511747, -7.254832476473297653, 119.5106009145409587 ) ) ;
#4025 = VERTEX_POINT ( 'NONE', #3098 ) ;
#4026 = CARTESIAN_POINT ( 'NONE',  ( -10.96919382288019484, -13.99145063748610518, 123.0371422191622912 ) ) ;
#4027 = CARTESIAN_POINT ( 'NONE',  ( -8.894772549343461066, -9.152326211186791127, 121.7569701949588961 ) ) ;
#4028 = EDGE_CURVE ( 'NONE', #4687, #3522, #6063, .T. ) ;
#4029 = CARTESIAN_POINT ( 'NONE',  ( -0.5962952046137955930, 3.979932560958058030, 20.52384412087526044 ) ) ;
#4030 = CARTESIAN_POINT ( 'NONE',  ( 21.34292865215066826, 8.400812594659463173, 24.15118135527027832 ) ) ;
#4031 = CARTESIAN_POINT ( 'NONE',  ( -13.13700763937686844, 4.451587564246602291, 20.08506404019795255 ) ) ;
#4032 = CARTESIAN_POINT ( 'NONE',  ( 18.76272707565453501, 11.85936493267887926, 70.05120874106584949 ) ) ;
#4033 = ORIENTED_EDGE ( 'NONE', *, *, #4028, .T. ) ;
#4034 = FACE_OUTER_BOUND ( 'NONE', #4746, .T. ) ;
#4035 = CARTESIAN_POINT ( 'NONE',  ( 12.86327001484908195, 17.10484330855534196, 119.0153485478518718 ) ) ;
#4036 = CARTESIAN_POINT ( 'NONE',  ( 11.38951843921636709, 5.230688119837854089, 20.40623880385524558 ) ) ;
#4037 = CARTESIAN_POINT ( 'NONE',  ( -9.652423381322870810, -2.350780148112761925, 15.00000000000004086 ) ) ;
#4038 = ORIENTED_EDGE ( 'NONE', *, *, #6209, .F. ) ;
#4039 = CARTESIAN_POINT ( 'NONE',  ( -7.528312522431853004, -3.939209244031019352, 21.62077586522118722 ) ) ;
#4040 =( BOUNDED_CURVE ( )  B_SPLINE_CURVE ( 3, ( #2861, #1927, #6318, #5884 ),
 .UNSPECIFIED., .F., .T. ) 
 B_SPLINE_CURVE_WITH_KNOTS ( ( 4, 4 ),
 ( 0.6981317007977335676, 2.443460952792067431 ),
 .UNSPECIFIED. ) 
 CURVE ( )  GEOMETRIC_REPRESENTATION_ITEM ( )  RATIONAL_B_SPLINE_CURVE ( ( 1.000000000000000000, 0.7618584064576917614, 0.7618584064576917614, 1.000000000000000000 ) ) 
 REPRESENTATION_ITEM ( '' )  );
#4041 = FACE_OUTER_BOUND ( 'NONE', #4286, .T. ) ;
#4042 = CARTESIAN_POINT ( 'NONE',  ( 24.42872238324085998, 7.819994123727473045, 19.00000000000007105 ) ) ;
#4043 = DIRECTION ( 'NONE',  ( 0.000000000000000000, 0.000000000000000000, 1.000000000000000000 ) ) ;
#4044 = CARTESIAN_POINT ( 'NONE',  ( -1.007002224003968660, -7.337432634628980210, 19.00000000000000711 ) ) ;
#4045 = ORIENTED_EDGE ( 'NONE', *, *, #2996, .F. ) ;
#4046 = AXIS2_PLACEMENT_3D ( 'NONE', #413, #3223, #3324 ) ;
#4047 = AXIS2_PLACEMENT_3D ( 'NONE', #679, #4976, #4412 ) ;
#4048 = CARTESIAN_POINT ( 'NONE',  ( -13.63720235321362928, 3.468737538190711511, 21.06543868790461715 ) ) ;
#4049 = CARTESIAN_POINT ( 'NONE',  ( 9.899745877793687754, 7.243976809484295565, 18.99999999999998579 ) ) ;
#4050 = VECTOR ( 'NONE', #2373, 1000.000000000000000 ) ;
#4051 = CARTESIAN_POINT ( 'NONE',  ( 18.52580634725278941, 18.06247228545160155, 124.1119096642494810 ) ) ;
#4052 = LINE ( 'NONE', #1985, #5591 ) ;
#4053 = CARTESIAN_POINT ( 'NONE',  ( -9.627756170448142470, 5.380153489069551931, 19.63994372843424330 ) ) ;
#4054 = CARTESIAN_POINT ( 'NONE',  ( -11.51217498426053609, -2.021345484489657895, 70.05120874106590634 ) ) ;
#4055 = CARTESIAN_POINT ( 'NONE',  ( -14.02109472038325677, 5.307522842262836882, 19.16709986776355024 ) ) ;
#4056 = DIRECTION ( 'NONE',  ( -0.7313537016191669071, -0.6819983600625022513, 0.000000000000000000 ) ) ;
#4057 = ORIENTED_EDGE ( 'NONE', *, *, #4748, .F. ) ;
#4058 = MECHANICAL_DESIGN_GEOMETRIC_PRESENTATION_REPRESENTATION (  '', ( #6331 ), #4174 ) ;
#4059 = CARTESIAN_POINT ( 'NONE',  ( -50.00000000000000000, 3.000000000000000000, -5.026757405899497200E-16 ) ) ;
#4060 = LINE ( 'NONE', #6046, #3230 ) ;
#4061 = CARTESIAN_POINT ( 'NONE',  ( 15.74321544767262893, 7.933035074601003878, 19.07888625197267629 ) ) ;
#4062 = CARTESIAN_POINT ( 'NONE',  ( 19.34429979676137279, 7.287381358524098296, 20.87053747336039677 ) ) ;
#4063 = VECTOR ( 'NONE', #5849, 1000.000000000000000 ) ;
#4064 = CARTESIAN_POINT ( 'NONE',  ( -0.5531763243098040128, 5.631334946241892681, 19.06412833716767352 ) ) ;
#4065 = CARTESIAN_POINT ( 'NONE',  ( 19.28073698360554999, 7.648381261972206246, 24.15118135527027832 ) ) ;
#4066 = CARTESIAN_POINT ( 'NONE',  ( -13.54774284805184870, 5.259782658919488263, 19.27342473203555784 ) ) ;
#4067 = CARTESIAN_POINT ( 'NONE',  ( -10.74051251888084124, 3.449584839594675323, 4.199655185528212265 ) ) ;
#4068 = VERTEX_POINT ( 'NONE', #155 ) ;
#4069 = CARTESIAN_POINT ( 'NONE',  ( 21.83519214323929347, 7.910849042944423815, 24.15118135527027476 ) ) ;
#4070 = CARTESIAN_POINT ( 'NONE',  ( -14.25457568273278142, -13.99145063748610518, 126.7459841807178123 ) ) ;
#4071 = CARTESIAN_POINT ( 'NONE',  ( 10.60139773997415524, 4.968703889018302178, 20.72627359627301402 ) ) ;
#4072 = CARTESIAN_POINT ( 'NONE',  ( 2.114447821689302565, -4.088334496941445906, 24.15118135527026766 ) ) ;
#4073 = VERTEX_POINT ( 'NONE', #2170 ) ;
#4074 = B_SPLINE_CURVE_WITH_KNOTS ( 'NONE', 3,
 ( #861, #1340, #4882, #3863, #463, #6342, #3923, #3344 ),
 .UNSPECIFIED., .F., .F.,
 ( 4, 2, 2, 4 ),
 ( 0.000000000000000000, 0.2499999999999998890, 0.4999999999999997780, 1.000000000000000000 ),
 .UNSPECIFIED. ) ;
#4075 = CARTESIAN_POINT ( 'NONE',  ( -14.54170136207487296, 1.521428192800926338, 19.54426237413828815 ) ) ;
#4077 = EDGE_CURVE ( 'NONE', #4483, #805, #4614, .T. ) ;
#4076 = FACE_OUTER_BOUND ( 'NONE', #3320, .T. ) ;
#4078 = CARTESIAN_POINT ( 'NONE',  ( 21.54362892934830143, 7.575788381547712724, 19.00000000000291678 ) ) ;
#4079 = CARTESIAN_POINT ( 'NONE',  ( -13.52433078997210281, 1.925615376404603341, 19.00000000000157740 ) ) ;
#4080 = CARTESIAN_POINT ( 'NONE',  ( -3.869235019407458065, -7.362463565033081636, 18.99999999999999289 ) ) ;
#4081 = ADVANCED_FACE ( 'NONE', ( #304 ), #6027, .F. ) ;
#4082 = ORIENTED_EDGE ( 'NONE', *, *, #3121, .T. ) ;
#4083 = CARTESIAN_POINT ( 'NONE',  ( -14.73256198932258876, 4.087650403190168369, 19.29725120895859192 ) ) ;
#4084 = CARTESIAN_POINT ( 'NONE',  ( 1.455303891718617848, 6.276427847056902820, 19.00000000000000711 ) ) ;
#4085 = EDGE_CURVE ( 'NONE', #3742, #1222, #2968, .T. ) ;
#4086 = CARTESIAN_POINT ( 'NONE',  ( 21.78362497260167530, 24.96247228545164276, 120.3602710079574649 ) ) ;
#4087 = LINE ( 'NONE', #41, #1158 ) ;
#4088 = CARTESIAN_POINT ( 'NONE',  ( -9.179236076776614794, 6.724506058621182447, 19.00000000000000000 ) ) ;
#4089 = CARTESIAN_POINT ( 'NONE',  ( -13.52966744420928613, 0.9696191783738934422, 42.40200746962064926 ) ) ;
#4090 = CARTESIAN_POINT ( 'NONE',  ( -13.24315517129893927, 4.224624857817545376, 20.36921732771347493 ) ) ;
#4091 = CARTESIAN_POINT ( 'NONE',  ( 6.301016412991604199, 9.531576904364577274, 119.9479202025641911 ) ) ;
#4092 = ORIENTED_EDGE ( 'NONE', *, *, #2932, .T. ) ;
#4093 = CARTESIAN_POINT ( 'NONE',  ( -11.21902358064496497, 5.001503505445727527, 6.913426270597010870 ) ) ;
#4094 = CARTESIAN_POINT ( 'NONE',  ( 16.07580548436460077, 6.799684763456753878, 19.87588053822111789 ) ) ;
#4095 = CARTESIAN_POINT ( 'NONE',  ( 20.14692192291308359, 7.455042851311505459, 21.23856892457902390 ) ) ;
#4096 = CARTESIAN_POINT ( 'NONE',  ( -1.825553081467737648, 4.817310738757686117, 19.48528990174683173 ) ) ;
#4097 = CARTESIAN_POINT ( 'NONE',  ( 11.28923122698655490, 17.07791522578755661, 124.9999999999999858 ) ) ;
#4098 = CARTESIAN_POINT ( 'NONE',  ( -13.91113615808226278, 6.053677427240463871, 19.00000000000000000 ) ) ;
#4099 = CARTESIAN_POINT ( 'NONE',  ( 19.10040393795240377, 12.23190991840028374, 70.05120874106590634 ) ) ;
#4100 = ORIENTED_EDGE ( 'NONE', *, *, #3593, .T. ) ;
#4101 = EDGE_CURVE ( 'NONE', #462, #4352, #4618, .T. ) ;
#4102 = CARTESIAN_POINT ( 'NONE',  ( -3.273760386377905895, -13.99145063748610518, 123.2863210544221317 ) ) ;
#4103 = CARTESIAN_POINT ( 'NONE',  ( 21.83171118666476573, 7.147476639499219964, 21.05951923878139098 ) ) ;
#4104 = CARTESIAN_POINT ( 'NONE',  ( 9.811530580968097937, 4.713513817029262754, 21.74009565871586958 ) ) ;
#4105 = CARTESIAN_POINT ( 'NONE',  ( -11.76907640953909073, 4.544000159139273798, 20.89778663680463566 ) ) ;
#4106 = CARTESIAN_POINT ( 'NONE',  ( -3.100717508961911673, -5.682056006438661377, 115.8311238661718789 ) ) ;
#4107 = ORIENTED_EDGE ( 'NONE', *, *, #5016, .T. ) ;
#4108 = CARTESIAN_POINT ( 'NONE',  ( 12.31826433195830539, 17.33918656710368467, 119.5777973221810697 ) ) ;
#4109 = CARTESIAN_POINT ( 'NONE',  ( -28.48923143091285581, -37.50525779058257569, 120.2544009253136750 ) ) ;
#4110 = CARTESIAN_POINT ( 'NONE',  ( 22.26687887959943168, 10.35968970921577714, 19.00000000000000711 ) ) ;
#4111 = AXIS2_PLACEMENT_3D ( 'NONE', #6121, #348, #698 ) ;
#4112 = DIRECTION ( 'NONE',  ( -0.6819983600625022513, 0.7313537016191670181, -1.485617761692451402E-16 ) ) ;
#4113 = CARTESIAN_POINT ( 'NONE',  ( 17.56955989362798931, 7.487189006686695514, 19.61177971092987349 ) ) ;
#4114 = CARTESIAN_POINT ( 'NONE',  ( -12.99875679111051952, -3.448636337665226481, 19.00000000000000355 ) ) ;
#4115 = ORIENTED_EDGE ( 'NONE', *, *, #1190, .T. ) ;
#4116 = CARTESIAN_POINT ( 'NONE',  ( -15.29474814494723667, 4.283533024527485189, 19.06153727835126332 ) ) ;
#4117 = CARTESIAN_POINT ( 'NONE',  ( -9.899316136056626192, 7.068670471912746223, 19.00000000000001066 ) ) ;
#4118 = CARTESIAN_POINT ( 'NONE',  ( 21.67170947483925048, 7.975710754108995992, 21.26633741086976670 ) ) ;
#4119 = DIRECTION ( 'NONE',  ( 1.000000000000000000, 0.000000000000000000, 0.000000000000000000 ) ) ;
#4120 = CARTESIAN_POINT ( 'NONE',  ( -10.10633416862343026, 4.840510213983047372, 20.35402907534699324 ) ) ;
#4121 = CARTESIAN_POINT ( 'NONE',  ( -12.30048630653809738, -2.141691990442039284, 70.05120874106593476 ) ) ;
#4122 = CARTESIAN_POINT ( 'NONE',  ( -14.33493380789481186, 5.058907537980003255, 19.16981511764790014 ) ) ;
#4123 = DIRECTION ( 'NONE',  ( -0.000000000000000000, 0.4999999999999947820, 0.8660254037844417052 ) ) ;
#4124 = VERTEX_POINT ( 'NONE', #2606 ) ;
#4125 = CARTESIAN_POINT ( 'NONE',  ( -12.28587292173417467, 4.385852597213728110, 21.18459995544384356 ) ) ;
#4126 = CARTESIAN_POINT ( 'NONE',  ( -9.907867796863582655, -8.825904700598531605, 119.6924537782527409 ) ) ;
#4127 = CARTESIAN_POINT ( 'NONE',  ( -13.82638485756511315, 2.832958144969666137, 21.45895956292163831 ) ) ;
#4128 = CARTESIAN_POINT ( 'NONE',  ( 20.88581660419498576, 7.801014838834821497, 20.89507032163307088 ) ) ;
#4129 = CARTESIAN_POINT ( 'NONE',  ( 3.746480145005296691, -3.547967800526759419, 21.39732547312048183 ) ) ;
#4130 = CARTESIAN_POINT ( 'NONE',  ( -2.667223181960535872, 4.648420460665724896, 19.70209562835969663 ) ) ;
#4131 = LINE ( 'NONE', #5981, #6168 ) ;
#4132 = CARTESIAN_POINT ( 'NONE',  ( -13.19375099886164904, 4.634863327163224689, 19.84013801776335484 ) ) ;
#4133 = CARTESIAN_POINT ( 'NONE',  ( 14.75697564254489080, -3.420996137505366796, 3.655971542418295694 ) ) ;
#4134 = EDGE_LOOP ( 'NONE', ( #1631, #5977, #3176, #2600, #5336, #2288, #3195, #733 ) ) ;
#4135 = CARTESIAN_POINT ( 'NONE',  ( 22.09725761407394273, 6.566237033585356819, 15.00000000000000711 ) ) ;
#4136 = CARTESIAN_POINT ( 'NONE',  ( 14.64495339834899390, 16.14375814517271124, 121.2887189991279513 ) ) ;
#4137 = CARTESIAN_POINT ( 'NONE',  ( 21.48370975093889612, 8.521797777547122976, 19.92173863749925289 ) ) ;
#4138 = CARTESIAN_POINT ( 'NONE',  ( 9.370443561565155122, 7.162553693384898779, 19.00000000000000000 ) ) ;
#4139 = CARTESIAN_POINT ( 'NONE',  ( -11.36322925384897964, 6.748703086928157013, 19.00000000000000000 ) ) ;
#4140 = CARTESIAN_POINT ( 'NONE',  ( 1.583443011133198519, -4.511463005476729293, 14.99999999999998579 ) ) ;
#4141 = VERTEX_POINT ( 'NONE', #1720 ) ;
#4142 = PLANE ( 'NONE',  #4047 ) ;
#4143 = CARTESIAN_POINT ( 'NONE',  ( -14.11529896006970297, 1.709816507829738708, 20.04356485466650284 ) ) ;
#4144 = CARTESIAN_POINT ( 'NONE',  ( -16.84807678404270703, -7.091450637486104824, 121.5704442013677209 ) ) ;
#4145 = CARTESIAN_POINT ( 'NONE',  ( 21.92335260599517355, 7.310531896144650155, 21.20535232902992107 ) ) ;
#4146 = DIRECTION ( 'NONE',  ( 1.000000000000000000, 0.000000000000000000, 0.000000000000000000 ) ) ;
#4147 = ORIENTED_EDGE ( 'NONE', *, *, #1357, .T. ) ;
#4148 = CARTESIAN_POINT ( 'NONE',  ( -13.96064551231792095, 3.574209115118267110, 20.18084258169960776 ) ) ;
#4149 = DIRECTION ( 'NONE',  ( 0.000000000000000000, 0.000000000000000000, -1.000000000000000000 ) ) ;
#4150 = CARTESIAN_POINT ( 'NONE',  ( -5.948619207654194163, -3.783531701174209783, 121.9287012040708618 ) ) ;
#4151 = DIRECTION ( 'NONE',  ( 0.000000000000000000, 0.7660444431189771253, -0.6427876096865403621 ) ) ;
#4152 = PLANE ( 'NONE',  #4167 ) ;
#4153 = VECTOR ( 'NONE', #2144, 1000.000000000000000 ) ;
#4154 = CARTESIAN_POINT ( 'NONE',  ( -9.927101038081561413, 4.607207744261512694, 20.92371334413328654 ) ) ;
#4155 = CARTESIAN_POINT ( 'NONE',  ( -9.240732105182450695, -7.945421159149009149, 124.9999999999999574 ) ) ;
#4156 = CARTESIAN_POINT ( 'NONE',  ( -14.92620214112540644, 5.744939732688441048, 19.00000000000000000 ) ) ;
#4157 = CARTESIAN_POINT ( 'NONE',  ( -13.71862150502144573, 1.885072081004354416, 21.67141539590284438 ) ) ;
#4158 = VERTEX_POINT ( 'NONE', #5685 ) ;
#4159 = CARTESIAN_POINT ( 'NONE',  ( 12.81335201148267089, 17.01124444611512843, 119.0222335956482880 ) ) ;
#4160 = CARTESIAN_POINT ( 'NONE',  ( -11.87306889812691324, -9.731703834569124467, 121.6463257891400360 ) ) ;
#4161 = DIRECTION ( 'NONE',  ( 0.000000000000000000, -0.6427876096865403621, -0.7660444431189771253 ) ) ;
#4162 = EDGE_CURVE ( 'NONE', #2116, #3032, #599, .T. ) ;
#4163 = CARTESIAN_POINT ( 'NONE',  ( 20.21639956702897578, 9.746353464223112439, 19.00000000000000000 ) ) ;
#4164 = CARTESIAN_POINT ( 'NONE',  ( 17.01980101713245830, 3.369474696934911417, 19.00000000000251532 ) ) ;
#4165 = CARTESIAN_POINT ( 'NONE',  ( -2.683162461294889667, 4.418780933670960920, 19.92450352989181894 ) ) ;
#4166 = CARTESIAN_POINT ( 'NONE',  ( 10.52199638145153138, 15.95191883504123709, 125.0000000000000284 ) ) ;
#4167 = AXIS2_PLACEMENT_3D ( 'NONE', #2724, #6219, #204 ) ;
#4168 = ADVANCED_FACE ( 'NONE', ( #643 ), #6006, .F. ) ;
#4169 = CARTESIAN_POINT ( 'NONE',  ( -12.97555022393130741, 4.083415794813967103, 21.22535667060984466 ) ) ;
#4170 = CARTESIAN_POINT ( 'NONE',  ( 14.07925156928939892, -3.341173369521970304, 4.000000000000000000 ) ) ;
#4171 = EDGE_LOOP ( 'NONE', ( #4448, #3536, #5863, #4786, #3830, #6308, #3396, #248, #5355, #3879 ) ) ;
#4172 = CARTESIAN_POINT ( 'NONE',  ( -15.00399387149481711, -13.99145063748610873, 130.8832197057562610 ) ) ;
#4173 = CARTESIAN_POINT ( 'NONE',  ( 12.72048990728702300, 12.70446376018576373, 121.5136726372910658 ) ) ;
#4174 =( GEOMETRIC_REPRESENTATION_CONTEXT ( 3 ) GLOBAL_UNCERTAINTY_ASSIGNED_CONTEXT ( ( #3429 ) ) GLOBAL_UNIT_ASSIGNED_CONTEXT ( ( #3773, #5762, #5276 ) ) REPRESENTATION_CONTEXT ( 'NONE', 'WORKASPACE' ) );
#4175 = ADVANCED_BREP_SHAPE_REPRESENTATION ( '2nd stage turbine rotor', ( #3822, #1572 ), #2713 ) ;
#4176 = CARTESIAN_POINT ( 'NONE',  ( 5.719926587941059459, 4.245212239087126527, 20.64075724583631555 ) ) ;
#4177 = CARTESIAN_POINT ( 'NONE',  ( -12.36212434618878220, 6.016263683039772658, 19.16259132465287607 ) ) ;
#4178 = CARTESIAN_POINT ( 'NONE',  ( 3.173466989499990731, -3.244460407520799450, 42.40200746962067058 ) ) ;
#4179 = VERTEX_POINT ( 'NONE', #5440 ) ;
#4180 = CARTESIAN_POINT ( 'NONE',  ( 12.99999999999999822, -4.202752579821948054, 2.999999999999998668 ) ) ;
#4181 = CARTESIAN_POINT ( 'NONE',  ( 15.00000000000000000, -4.299999999999999822, 2.004614623063062151 ) ) ;
#4182 = CARTESIAN_POINT ( 'NONE',  ( 15.00000000000000000, -4.202752579821948054, 2.999999999999998668 ) ) ;
#4183 = CARTESIAN_POINT ( 'NONE',  ( 21.60756497499107809, 7.405496027930255742, 19.00000000000103029 ) ) ;
#4184 = CARTESIAN_POINT ( 'NONE',  ( -13.50382097634107126, 1.900592779892243289, 18.99999999999987210 ) ) ;
#4185 = ORIENTED_EDGE ( 'NONE', *, *, #6074, .T. ) ;
#4186 = CARTESIAN_POINT ( 'NONE',  ( -14.61022142637290244, 3.692075063481923713, 19.48082120835449160 ) ) ;
#4187 = EDGE_CURVE ( 'NONE', #4571, #609, #1474, .T. ) ;
#4188 = LINE ( 'NONE', #6071, #2913 ) ;
#4189 = CARTESIAN_POINT ( 'NONE',  ( 2.188113943671140316, 4.708069824389956359, 119.9932234926270809 ) ) ;
#4190 = CARTESIAN_POINT ( 'NONE',  ( -9.876909951155189660, -4.526767830892039157, 121.8401037266118436 ) ) ;
#4191 = APPLICATION_PROTOCOL_DEFINITION ( 'draft international standard', 'automotive_design', 1998, #6160 ) ;
#4192 = CARTESIAN_POINT ( 'NONE',  ( -9.564829230659674053, 7.049420682204284638, 19.00000000000000000 ) ) ;
#4193 = CARTESIAN_POINT ( 'NONE',  ( -12.47071653390719348, -6.486912819404932584, 97.49437716547338084 ) ) ;
#4194 = CARTESIAN_POINT ( 'NONE',  ( -13.92406163785391549, 4.683538020699224980, 19.44607013785488547 ) ) ;
#4195 = FACE_OUTER_BOUND ( 'NONE', #302, .T. ) ;
#4196 = EDGE_LOOP ( 'NONE', ( #2168, #2304, #877, #4261 ) ) ;
#4197 = DIRECTION ( 'NONE',  ( 1.000000000000000000, 0.000000000000000000, 0.000000000000000000 ) ) ;
#4198 = CARTESIAN_POINT ( 'NONE',  ( -11.18965415699979360, -10.48424491354494315, 121.6457054835715610 ) ) ;
#4199 = CARTESIAN_POINT ( 'NONE',  ( 19.90752541248206953, -6.849999999999996092, 10.81811419226829152 ) ) ;
#4200 = CARTESIAN_POINT ( 'NONE',  ( 19.78874281793321899, 8.511370299522592830, 19.39509488771752999 ) ) ;
#4201 = CARTESIAN_POINT ( 'NONE',  ( 14.43189657944441784, 2.128089218584422682, 21.18519993094302478 ) ) ;
#4202 = CARTESIAN_POINT ( 'NONE',  ( -5.216613501825145605, 4.134851684220217649, 21.03210894962887778 ) ) ;
#4203 = CARTESIAN_POINT ( 'NONE',  ( 2.052913448344031444, 4.496171183804984040, 115.8311238661723053 ) ) ;
#4204 = CARTESIAN_POINT ( 'NONE',  ( -13.23100156054712784, 4.615999696483211956, 19.84041450580943433 ) ) ;
#4205 = CYLINDRICAL_SURFACE ( 'NONE', #3570, 334.5000000000000000 ) ;
#4206 = ORIENTED_EDGE ( 'NONE', *, *, #3499, .F. ) ;
#4207 = CARTESIAN_POINT ( 'NONE',  ( 5.320659750947615230, 0.6294747538637739392, 121.9728284586954032 ) ) ;
#4208 = AXIS2_PLACEMENT_3D ( 'NONE', #3656, #5619, #1198 ) ;
#4209 = CARTESIAN_POINT ( 'NONE',  ( 4.086354605010538599, 3.916084619932214128, 21.26210601421932367 ) ) ;
#4210 = CARTESIAN_POINT ( 'NONE',  ( -12.29703291662053033, 5.741157275024993289, 19.26979503965346652 ) ) ;
#4211 = CARTESIAN_POINT ( 'NONE',  ( -1.388331633562153833, -4.564775273112717358, 97.49437716547367927 ) ) ;
#4212 = ORIENTED_EDGE ( 'NONE', *, *, #2808, .F. ) ;
#4213 = LINE ( 'NONE', #1854, #3334 ) ;
#4214 = CARTESIAN_POINT ( 'NONE',  ( 23.33853058486729282, 2.500000000000000444, 13.00000000000000355 ) ) ;
#4215 = CARTESIAN_POINT ( 'NONE',  ( 21.61164221745844216, 7.407993546306252064, 18.99999999999949551 ) ) ;
#4216 = CARTESIAN_POINT ( 'NONE',  ( -13.55068111873148951, 1.959269614249201430, 18.99999999999998579 ) ) ;
#4217 = ORIENTED_EDGE ( 'NONE', *, *, #5415, .F. ) ;
#4218 = CARTESIAN_POINT ( 'NONE',  ( -13.66666817009324575, 3.378887326624228749, 21.40292199993690048 ) ) ;
#4219 = VECTOR ( 'NONE', #2579, 1000.000000000000000 ) ;
#4220 = CARTESIAN_POINT ( 'NONE',  ( 23.44953580769365331, 5.293122136954679924, 19.00000000000000000 ) ) ;
#4221 = CARTESIAN_POINT ( 'NONE',  ( -9.240772519866803592, -3.879877833386657926, 121.8670350059360601 ) ) ;
#4222 = CARTESIAN_POINT ( 'NONE',  ( -10.95816081569739353, -5.746692401698804353, 121.7855210562208299 ) ) ;
#4223 = CARTESIAN_POINT ( 'NONE',  ( 12.81335201148267089, 17.01124444611512843, 119.0222335956482880 ) ) ;
#4224 = CARTESIAN_POINT ( 'NONE',  ( -9.792211791258026210, 6.162139749318980897, 19.16510923180817727 ) ) ;
#4225 = CARTESIAN_POINT ( 'NONE',  ( -10.56325632728189134, -8.055061804765861311, 115.8311238661721347 ) ) ;
#4226 = AXIS2_PLACEMENT_3D ( 'NONE', #734, #4197, #1837 ) ;
#4227 = CARTESIAN_POINT ( 'NONE',  ( -14.52291153213704789, 5.277012860843463216, 19.05790444867318456 ) ) ;
#4228 = CARTESIAN_POINT ( 'NONE',  ( 13.20790258469560285, -3.475312508194646988, 3.610394695806019794 ) ) ;
#4229 = VERTEX_POINT ( 'NONE', #2271 ) ;
#4230 = CARTESIAN_POINT ( 'NONE',  ( 14.83844671810766158, 17.91188923073883288, 121.1976290284457605 ) ) ;
#4231 = CARTESIAN_POINT ( 'NONE',  ( -10.09901668180589418, -8.616848318813914887, 119.5866692497609307 ) ) ;
#4232 = CARTESIAN_POINT ( 'NONE',  ( 13.24300498175470864, 3.421026102328966534, 3.655946398945864928 ) ) ;
#4233 = LINE ( 'NONE', #2355, #5987 ) ;
#4234 = CARTESIAN_POINT ( 'NONE',  ( 8.717251499622133082, -1.178940398350364793, 21.30050404961976440 ) ) ;
#4235 = CARTESIAN_POINT ( 'NONE',  ( -5.020409649071412517, 5.971575214237597962, 19.06000209253555866 ) ) ;
#4236 = CARTESIAN_POINT ( 'NONE',  ( -3.859845082157762786, 0.1632928320251100240, 97.49437716547333821 ) ) ;
#4237 = CARTESIAN_POINT ( 'NONE',  ( -13.15075060618620384, 4.444595956170099171, 20.08519133873592111 ) ) ;
#4238 = CARTESIAN_POINT ( 'NONE',  ( -2.333301993733970736, -5.181903960307785439, 119.9988873692922056 ) ) ;
#4239 = VERTEX_POINT ( 'NONE', #2446 ) ;
#4240 = CARTESIAN_POINT ( 'NONE',  ( 19.65448208568439625, 8.999999999999998224, 19.15298032986804699 ) ) ;
#4241 = CARTESIAN_POINT ( 'NONE',  ( 10.73270049043807361, 13.84321663172679173, 121.5503695825255619 ) ) ;
#4242 = CARTESIAN_POINT ( 'NONE',  ( 6.557494130149655653, 4.199379842214458591, 21.66015464744221575 ) ) ;
#4243 = CARTESIAN_POINT ( 'NONE',  ( -12.14234833717380013, 4.554339359924188813, 20.60872412034322920 ) ) ;
#4244 = CARTESIAN_POINT ( 'NONE',  ( 8.684319374342585718, -0.9495553259031555005, 24.15118135527027832 ) ) ;
#4245 = EDGE_LOOP ( 'NONE', ( #2970, #4206, #1118, #5776 ) ) ;
#4246 = CARTESIAN_POINT ( 'NONE',  ( 0.5228436170687938978, -0.5606811351807072796, -210.0000000000000000 ) ) ;
#4247 = CARTESIAN_POINT ( 'NONE',  ( 14.79616970055653269, 16.58501665286019744, 121.2611741627460873 ) ) ;
#4248 = CARTESIAN_POINT ( 'NONE',  ( 21.61441563316794046, 7.409952653775437881, 19.00000000000000355 ) ) ;
#4249 = CARTESIAN_POINT ( 'NONE',  ( -13.67546295675162682, 1.792296616529420961, 21.68903743365418180 ) ) ;
#4250 = EDGE_LOOP ( 'NONE', ( #5805, #5509, #3798, #1712 ) ) ;
#4251 = CARTESIAN_POINT ( 'NONE',  ( -14.56317477378919456, 3.811320139060183187, 19.47698280742923771 ) ) ;
#4252 = DIRECTION ( 'NONE',  ( -0.6819983600625022513, 0.7313537016191670181, -1.485617761692451402E-16 ) ) ;
#4253 = CARTESIAN_POINT ( 'NONE',  ( 1.067287961320833034, 3.462941676759444309, 119.9842593293476796 ) ) ;
#4254 = CARTESIAN_POINT ( 'NONE',  ( 15.85390627961075616, 24.96247228545157526, 122.4374525702433516 ) ) ;
#4255 = CARTESIAN_POINT ( 'NONE',  ( -10.69445480494972323, -5.435825619898690064, 121.7998360241028450 ) ) ;
#4256 = CARTESIAN_POINT ( 'NONE',  ( 12.44089926612875452, 17.41648121498470303, 119.4653802574231349 ) ) ;
#4257 = CARTESIAN_POINT ( 'NONE',  ( -9.902443092639254374, 5.617088558181595914, 19.43485649995197662 ) ) ;
#4258 = CARTESIAN_POINT ( 'NONE',  ( -13.71022711168439479, 3.044670540263159086, 15.00000000000000711 ) ) ;
#4259 = CARTESIAN_POINT ( 'NONE',  ( -13.49342873230002127, 3.821632958408120562, 20.69108680609938133 ) ) ;
#4260 = CARTESIAN_POINT ( 'NONE',  ( 13.61504925257434273, -3.330941880354034268, 3.926268812188602908 ) ) ;
#4261 = ORIENTED_EDGE ( 'NONE', *, *, #1810, .F. ) ;
#4262 = CARTESIAN_POINT ( 'NONE',  ( 14.80454935076734913, 16.47930270634376981, 121.2659068707635868 ) ) ;
#4263 = CARTESIAN_POINT ( 'NONE',  ( -9.787945064106944315, -9.045159339739310411, 121.7370214785449036 ) ) ;
#4264 = CARTESIAN_POINT ( 'NONE',  ( -11.25672064626204438, 4.696178767820459399, 7.127216953484121653 ) ) ;
#4265 =( BOUNDED_CURVE ( )  B_SPLINE_CURVE ( 3, ( #6152, #1835, #5667, #247 ),
 .UNSPECIFIED., .F., .F. ) 
 B_SPLINE_CURVE_WITH_KNOTS ( ( 4, 4 ),
 ( 1.646853360173256009, 1.648428093455722054 ),
 .UNSPECIFIED. ) 
 CURVE ( )  GEOMETRIC_REPRESENTATION_ITEM ( )  RATIONAL_B_SPLINE_CURVE ( ( 1.000000000000000000, 0.9999997933512680959, 0.9999997933512680959, 1.000000000000000000 ) ) 
 REPRESENTATION_ITEM ( '' )  );
#4266 = DIRECTION ( 'NONE',  ( -0.6819983600624943687, 0.7313537016191744566, 0.000000000000000000 ) ) ;
#4267 = CARTESIAN_POINT ( 'NONE',  ( 18.22487217895836054, 4.122304066878181850, 19.00000000000333245 ) ) ;
#4268 = CARTESIAN_POINT ( 'NONE',  ( -6.041484755352472646, 4.227078678544962109, 21.01173112938188225 ) ) ;
#4269 = CARTESIAN_POINT ( 'NONE',  ( -0.8823284849395279794, 2.140695121462310890, 97.49437716547348032 ) ) ;
#4270 = CARTESIAN_POINT ( 'NONE',  ( -14.10327261960114953, 6.297646838687549042, 19.00000000000000000 ) ) ;
#4271 = CARTESIAN_POINT ( 'NONE',  ( 11.39930048239394011, 14.45374023532923857, 119.2203167791277281 ) ) ;
#4272 = ORIENTED_EDGE ( 'NONE', *, *, #5615, .F. ) ;
#4273 = VECTOR ( 'NONE', #6093, 1000.000000000000000 ) ;
#4274 = EDGE_CURVE ( 'NONE', #1790, #1149, #2840, .T. ) ;
#4275 = CARTESIAN_POINT ( 'NONE',  ( 11.88803209133105021, 15.94351742325376975, 121.4238313136374359 ) ) ;
#4276 = AXIS2_PLACEMENT_3D ( 'NONE', #2356, #1874, #2864 ) ;
#4277 = CARTESIAN_POINT ( 'NONE',  ( 3.869526909154031191, 6.418181947499976836, 19.00000000000000000 ) ) ;
#4278 = CARTESIAN_POINT ( 'NONE',  ( -12.52752990956405377, 5.970692734360138587, 19.16280691160946148 ) ) ;
#4279 = CARTESIAN_POINT ( 'NONE',  ( 12.72701077852269158, 1.489451724680607825, 24.15118135527022503 ) ) ;
#4280 = ORIENTED_EDGE ( 'NONE', *, *, #4748, .T. ) ;
#4281 = DIRECTION ( 'NONE',  ( -1.000000000000000000, -1.017997835669522156E-14, 0.000000000000000000 ) ) ;
#4282 = CARTESIAN_POINT ( 'NONE',  ( 12.58548228108667999, 17.25004834898214057, 121.3379906224129741 ) ) ;
#4283 = CARTESIAN_POINT ( 'NONE',  ( 14.19387680013800690, 7.509033713098062002, 19.07755428415382681 ) ) ;
#4284 = CARTESIAN_POINT ( 'NONE',  ( 21.61489537205055811, 7.410312922707027461, 19.00000000000003197 ) ) ;
#4285 = CARTESIAN_POINT ( 'NONE',  ( -10.70852608388035065, -2.114218366123612025, 21.68166915088885816 ) ) ;
#4286 = EDGE_LOOP ( 'NONE', ( #307, #5195, #5959, #3367 ) ) ;
#4287 = EDGE_CURVE ( 'NONE', #5371, #1990, #5816, .T. ) ;
#4288 = CARTESIAN_POINT ( 'NONE',  ( -16.00000000000004974, 3.584650274922822621, 19.00000000000002487 ) ) ;
#4289 = EDGE_CURVE ( 'NONE', #1718, #1472, #2719, .T. ) ;
#4290 = CARTESIAN_POINT ( 'NONE',  ( 11.33125153763635673, 19.11970796090436764, 121.3143611242821862 ) ) ;
#4291 = CARTESIAN_POINT ( 'NONE',  ( 3.748821222235562800, 9.565127901289098844, 121.8746523716564809 ) ) ;
#4292 = CARTESIAN_POINT ( 'NONE',  ( -10.75757479257291216, 5.404499136651614855, 19.63212058083966483 ) ) ;
#4293 = CARTESIAN_POINT ( 'NONE',  ( -13.92443293183048780, 3.654080192390176673, 20.17096585545309040 ) ) ;
#4294 = EDGE_CURVE ( 'NONE', #2539, #4881, #6231, .T. ) ;
#4295 = VERTEX_POINT ( 'NONE', #4026 ) ;
#4296 = DIRECTION ( 'NONE',  ( 1.000000000000000000, 0.000000000000000000, 0.000000000000000000 ) ) ;
#4297 = CARTESIAN_POINT ( 'NONE',  ( -9.877799106423328368, -8.043488435153776095, 121.7568316948649993 ) ) ;
#4298 = CARTESIAN_POINT ( 'NONE',  ( 19.43757827557833195, 24.96247228545161434, 130.0680895470475775 ) ) ;
#4299 = LINE ( 'NONE', #4774, #1271 ) ;
#4300 = DIRECTION ( 'NONE',  ( 0.7313537016191670181, 0.6819983600625021403, -7.281658542533971608E-14 ) ) ;
#4301 = CARTESIAN_POINT ( 'NONE',  ( -8.653455593000407120, 5.806959152433243787, 19.27766821999281532 ) ) ;
#4302 = CARTESIAN_POINT ( 'NONE',  ( -0.8757680850053152222, 1.864486885226154245, 70.05120874106590634 ) ) ;
#4303 = CARTESIAN_POINT ( 'NONE',  ( -13.02567775748438983, 4.195718867247389738, 20.62624623058915674 ) ) ;
#4304 = LINE ( 'NONE', #4711, #3859 ) ;
#4305 = ORIENTED_EDGE ( 'NONE', *, *, #3345, .F. ) ;
#4306 =( BOUNDED_CURVE ( )  B_SPLINE_CURVE ( 3, ( #2893, #442, #1928, #5771 ),
 .UNSPECIFIED., .F., .F. ) 
 B_SPLINE_CURVE_WITH_KNOTS ( ( 4, 4 ),
 ( 0.6981317007977266842, 2.356194490192349722 ),
 .UNSPECIFIED. ) 
 CURVE ( )  GEOMETRIC_REPRESENTATION_ITEM ( )  RATIONAL_B_SPLINE_CURVE ( ( 1.000000000000000000, 0.7837268050771043493, 0.7837268050771043493, 1.000000000000000000 ) ) 
 REPRESENTATION_ITEM ( '' )  );
#4307 = CARTESIAN_POINT ( 'NONE',  ( 4.959932918346907194, 3.706044878107415119, 119.8058439839928866 ) ) ;
#4308 = CARTESIAN_POINT ( 'NONE',  ( 3.898461271154069152, 6.084046264557032124, 19.00000000000000000 ) ) ;
#4309 = CARTESIAN_POINT ( 'NONE',  ( -12.74815826327681378, 5.084555951759246462, 19.63303256431548149 ) ) ;
#4310 = CARTESIAN_POINT ( 'NONE',  ( 6.913449666453070463, 7.708791757938654676, 124.9999999999999289 ) ) ;
#4311 = ORIENTED_EDGE ( 'NONE', *, *, #4819, .F. ) ;
#4312 = DIRECTION ( 'NONE',  ( 0.000000000000000000, -1.000000000000000000, 0.000000000000000000 ) ) ;
#4313 = CARTESIAN_POINT ( 'NONE',  ( -15.73713346431461169, -13.99145063748610873, 124.7557229467295201 ) ) ;
#4314 = CARTESIAN_POINT ( 'NONE',  ( 14.36163326415125674, 6.881813378214418186, 19.37393025981371153 ) ) ;
#4315 = CARTESIAN_POINT ( 'NONE',  ( 21.92858889826102953, 10.42632593297423860, 18.99999999999999289 ) ) ;
#4316 = CARTESIAN_POINT ( 'NONE',  ( -15.88498570750338601, 0.6378991634809034750, 18.99999999999997868 ) ) ;
#4317 = B_SPLINE_CURVE_WITH_KNOTS ( 'NONE', 3,
 ( #5767, #4635, #210, #5705, #319, #6226, #4159 ),
 .UNSPECIFIED., .F., .F.,
 ( 4, 1, 1, 1, 4 ),
 ( 0.05534597720655911463, 0.2507562843915204787, 0.5001003876810473647, 0.7500364868689362030, 0.9456770755248540272 ),
 .UNSPECIFIED. ) ;
#4318 = VERTEX_POINT ( 'NONE', #3603 ) ;
#4319 = CARTESIAN_POINT ( 'NONE',  ( 19.36963010460614143, 18.06247228545160155, 130.4714591923205660 ) ) ;
#4320 = DIRECTION ( 'NONE',  ( -0.1126197424618102377, 0.7611709911701149966, -0.6386982979536898197 ) ) ;
#4321 = EDGE_CURVE ( 'NONE', #6299, #4571, #6084, .T. ) ;
#4322 = CARTESIAN_POINT ( 'NONE',  ( -10.56127712951232667, -5.281570278575402178, 121.8068139087692856 ) ) ;
#4323 = CARTESIAN_POINT ( 'NONE',  ( -10.29078751993952068, 5.173334919777095919, 19.83756340011187902 ) ) ;
#4324 = CARTESIAN_POINT ( 'NONE',  ( -13.53616061731541542, 3.637173477060194671, 21.02261068660014232 ) ) ;
#4325 = DIRECTION ( 'NONE',  ( 0.000000000000000000, 0.000000000000000000, 1.000000000000000000 ) ) ;
#4326 = ORIENTED_EDGE ( 'NONE', *, *, #5016, .F. ) ;
#4327 = DIRECTION ( 'NONE',  ( 1.000000000000000000, 0.000000000000000000, 0.000000000000000000 ) ) ;
#4328 = CARTESIAN_POINT ( 'NONE',  ( -9.884056334955856116, -8.051865310288613742, 121.7564471957232968 ) ) ;
#4329 = DIRECTION ( 'NONE',  ( -0.7313537016191670181, -0.6819983600625022513, 0.000000000000000000 ) ) ;
#4330 = VECTOR ( 'NONE', #3150, 1000.000000000000000 ) ;
#4331 = CARTESIAN_POINT ( 'NONE',  ( 21.85903270913493657, 7.170948922386359392, 21.05896926705523953 ) ) ;
#4332 = CARTESIAN_POINT ( 'NONE',  ( -6.699985564990870834, 5.590508304202875145, 19.28493068400649690 ) ) ;
#4333 = CARTESIAN_POINT ( 'NONE',  ( -2.369631939905003648, 0.1608175478761658117, 115.8311238661721490 ) ) ;
#4334 = CARTESIAN_POINT ( 'NONE',  ( -13.18061067319907842, 4.427879413473491788, 20.08702757771333225 ) ) ;
#4335 = CARTESIAN_POINT ( 'NONE',  ( 2.118811870628168226, -0.4342327465412380016, 119.9293524371569077 ) ) ;
#4336 = VERTEX_POINT ( 'NONE', #4093 ) ;
#4337 = CARTESIAN_POINT ( 'NONE',  ( -2.853899548478159520, -8.155073791197226640, 121.9121209975867970 ) ) ;
#4338 = CARTESIAN_POINT ( 'NONE',  ( 2.391296932470933445, 3.992718352597900644, 20.58018029466179399 ) ) ;
#4339 = CARTESIAN_POINT ( 'NONE',  ( -12.94622311810672066, 4.135756879481391479, 20.92175853983589562 ) ) ;
#4340 = CARTESIAN_POINT ( 'NONE',  ( 17.03059494566440435, 10.17952551352123969, 70.05120874106580686 ) ) ;
#4341 = ORIENTED_EDGE ( 'NONE', *, *, #5487, .T. ) ;
#4342 = CARTESIAN_POINT ( 'NONE',  ( -21.53668566765495740, -7.091450637486104824, 122.8666638995294846 ) ) ;
#4343 = CARTESIAN_POINT ( 'NONE',  ( -13.64942982900539370, 1.741671769207535858, 21.68818295467153945 ) ) ;
#4344 = VERTEX_POINT ( 'NONE', #568 ) ;
#4345 = CARTESIAN_POINT ( 'NONE',  ( -13.84427536426539440, 2.614566091759557231, 21.48726293554180700 ) ) ;
#4346 = CARTESIAN_POINT ( 'NONE',  ( 12.57195105344234065, 17.70672142493041790, 119.5981415840967941 ) ) ;
#4347 = CARTESIAN_POINT ( 'NONE',  ( 17.55341514117903756, 24.96247228545160013, 123.7735266742851650 ) ) ;
#4348 = CARTESIAN_POINT ( 'NONE',  ( 23.44953580769365331, 5.293122136954679924, 19.00000000000000000 ) ) ;
#4349 = CARTESIAN_POINT ( 'NONE',  ( -10.75295260357998117, 4.988869454402477643, 20.07633318633865827 ) ) ;
#4350 = CARTESIAN_POINT ( 'NONE',  ( -13.62296272103302464, 3.496524016015142511, 21.05692894971448581 ) ) ;
#4351 = CARTESIAN_POINT ( 'NONE',  ( -12.38410732583066576, -2.577498541357490236, 13.52094453300079202 ) ) ;
#4352 = VERTEX_POINT ( 'NONE', #3537 ) ;
#4353 = CARTESIAN_POINT ( 'NONE',  ( 24.79999999999999005, -8.000000000000001776, 16.49999999999974065 ) ) ;
#4354 = EDGE_CURVE ( 'NONE', #3786, #2577, #5602, .T. ) ;
#4355 = CARTESIAN_POINT ( 'NONE',  ( -11.41600270783639814, -6.294290212721052491, 121.7592300505867797 ) ) ;
#4356 = CARTESIAN_POINT ( 'NONE',  ( 21.78362497260167530, 24.96247228545164276, 122.8725862254972725 ) ) ;
#4357 = DIRECTION ( 'NONE',  ( 0.000000000000000000, 0.000000000000000000, 1.000000000000000000 ) ) ;
#4358 = CARTESIAN_POINT ( 'NONE',  ( -11.25672064626204438, 4.696178767820459399, 7.127216953484121653 ) ) ;
#4359 = CARTESIAN_POINT ( 'NONE',  ( -8.242689106939357302, 6.059182752593881283, 19.16815659830945506 ) ) ;
#4360 = CARTESIAN_POINT ( 'NONE',  ( -8.435423367153708440, -2.646887758813972535, 97.49437716547370769 ) ) ;
#4361 = CARTESIAN_POINT ( 'NONE',  ( -13.60158350864806565, 5.231160673878659573, 19.27393873492119880 ) ) ;
#4362 = CARTESIAN_POINT ( 'NONE',  ( 21.67056316267591853, 7.951299756963743803, 21.91896393939713050 ) ) ;
#4363 = ORIENTED_EDGE ( 'NONE', *, *, #4538, .F. ) ;
#4364 = EDGE_CURVE ( 'NONE', #2991, #1006, #107, .T. ) ;
#4365 = CARTESIAN_POINT ( 'NONE',  ( -5.966143978521402325, -10.09144111161220536, 121.8095421986007665 ) ) ;
#4366 = EDGE_CURVE ( 'NONE', #3475, #5658, #3355, .T. ) ;
#4367 = VECTOR ( 'NONE', #3780, 1000.000000000000000 ) ;
#4368 = CARTESIAN_POINT ( 'NONE',  ( 2.277002486671475978, 6.314542740731275750, 19.00000000000000000 ) ) ;
#4369 = AXIS2_PLACEMENT_3D ( 'NONE', #3169, #2949, #2493 ) ;
#4370 = CARTESIAN_POINT ( 'NONE',  ( -13.18158922916004983, 4.893727862302057474, 19.63652812357064903 ) ) ;
#4371 = CARTESIAN_POINT ( 'NONE',  ( 7.785654996704584718, 9.274058608564395456, 125.0000000000000284 ) ) ;
#4372 = ORIENTED_EDGE ( 'NONE', *, *, #3971, .F. ) ;
#4373 = CARTESIAN_POINT ( 'NONE',  ( 12.81335201148267089, 17.01124444611512843, 119.0222335956482880 ) ) ;
#4374 = VECTOR ( 'NONE', #3492, 1000.000000000000000 ) ;
#4375 = CARTESIAN_POINT ( 'NONE',  ( -13.46886098479176752, 1.834261935002860389, 19.00000000000007816 ) ) ;
#4376 = CARTESIAN_POINT ( 'NONE',  ( -13.87801527712062111, 2.261848184747583090, 24.15118135527026055 ) ) ;
#4377 = ORIENTED_EDGE ( 'NONE', *, *, #156, .T. ) ;
#4378 = CARTESIAN_POINT ( 'NONE',  ( -13.84555850100637997, 2.490563322854858264, 21.51172207388612634 ) ) ;
#4379 = AXIS2_PLACEMENT_3D ( 'NONE', #2897, #1989, #3969 ) ;
#4380 = CIRCLE ( 'NONE', #4046, 335.5000000000000000 ) ;
#4381 = CARTESIAN_POINT ( 'NONE',  ( -12.45246971491435062, -13.99145063748610696, 123.2377674180821145 ) ) ;
#4382 = PLANE ( 'NONE',  #1052 ) ;
#4383 = CARTESIAN_POINT ( 'NONE',  ( -10.77269638376229288, 6.763269256270411312, 19.00000000000000000 ) ) ;
#4384 = EDGE_CURVE ( 'NONE', #4906, #4318, #3397, .T. ) ;
#4385 = CARTESIAN_POINT ( 'NONE',  ( -13.68878311474903953, 3.536232980784903113, 20.74385553180085751 ) ) ;
#4386 = CARTESIAN_POINT ( 'NONE',  ( 20.38410732583066931, -2.577498541357488460, 13.52094453300079380 ) ) ;
#4387 = CARTESIAN_POINT ( 'NONE',  ( -10.76296000664422259, 8.156671572725940678, 4.326961214776712694 ) ) ;
#4388 = CARTESIAN_POINT ( 'NONE',  ( -11.68473488186078413, -6.624745446809698457, 121.7428804772119122 ) ) ;
#4389 = CARTESIAN_POINT ( 'NONE',  ( 19.54969774070670852, 24.96247228545161079, 123.6427469073633318 ) ) ;
#4390 = DIRECTION ( 'NONE',  ( 0.000000000000000000, 0.6427876096865403621, -0.7660444431189771253 ) ) ;
#4391 = CARTESIAN_POINT ( 'NONE',  ( -8.392359727210555675, 4.478808049481199482, 21.26202365334269473 ) ) ;
#4392 = CARTESIAN_POINT ( 'NONE',  ( -8.162728164767134587, -4.974525134485911160, 115.8311238661721347 ) ) ;
#4393 = CARTESIAN_POINT ( 'NONE',  ( -14.02761462293780603, 5.993620643101144729, 19.00000000000000000 ) ) ;
#4394 = CARTESIAN_POINT ( 'NONE',  ( -12.97313994386067471, 4.087504186492470382, 21.20305273096849419 ) ) ;
#4395 = ORIENTED_EDGE ( 'NONE', *, *, #118, .T. ) ;
#4396 = CARTESIAN_POINT ( 'NONE',  ( -7.590532193503165992, -8.628731630176783796, 119.9664572504195519 ) ) ;
#4397 = CARTESIAN_POINT ( 'NONE',  ( 3.218325292388791059, 4.331809399390794013, 19.99858167012155974 ) ) ;
#4398 = CARTESIAN_POINT ( 'NONE',  ( -12.91153210069071910, 4.153124782572897189, 20.92116774469791451 ) ) ;
#4399 = CARTESIAN_POINT ( 'NONE',  ( 15.28256982117272145, 15.51126012192487025, 97.49437716547359400 ) ) ;
#4400 = ORIENTED_EDGE ( 'NONE', *, *, #3127, .F. ) ;
#4401 = CARTESIAN_POINT ( 'NONE',  ( 13.28879551039801754, 16.86946161052942372, 120.6155347574892431 ) ) ;
#4402 = DIRECTION ( 'NONE',  ( 0.000000000000000000, 0.000000000000000000, -1.000000000000000000 ) ) ;
#4403 = EDGE_CURVE ( 'NONE', #15, #4817, #1664, .T. ) ;
#4404 = CARTESIAN_POINT ( 'NONE',  ( 1.959532093641803474, -6.805008786183099900, 18.99999999999999289 ) ) ;
#4405 = CARTESIAN_POINT ( 'NONE',  ( -9.591491258761791983, -7.505035929446572496, 97.49437716547369348 ) ) ;
#4406 = ORIENTED_EDGE ( 'NONE', *, *, #5885, .T. ) ;
#4407 = CARTESIAN_POINT ( 'NONE',  ( -50.00000000000000000, 5.094974746830582824, 5.845045092764127759 ) ) ;
#4408 = LINE ( 'NONE', #3, #3011 ) ;
#4409 = CARTESIAN_POINT ( 'NONE',  ( -10.16213858952723825, -8.523034547571318953, 119.5462064154649937 ) ) ;
#4410 = CARTESIAN_POINT ( 'NONE',  ( -10.29665706528956193, 4.615230782397439668, 20.91643661770201845 ) ) ;
#4411 = CARTESIAN_POINT ( 'NONE',  ( -13.81045142237895007, 3.587490387258516655, 20.45924732468748530 ) ) ;
#4412 = DIRECTION ( 'NONE',  ( 0.000000000000000000, 0.000000000000000000, -1.000000000000000000 ) ) ;
#4413 = DIRECTION ( 'NONE',  ( -0.000000000000000000, 0.6427876096865343669, 0.7660444431189821213 ) ) ;
#4414 = CARTESIAN_POINT ( 'NONE',  ( 19.43757827557828222, 24.96247228545161789, 124.0423708576186499 ) ) ;
#4415 = CARTESIAN_POINT ( 'NONE',  ( -50.00000000000000000, -3.475312508194680738, 3.610394695806004250 ) ) ;
#4416 = CARTESIAN_POINT ( 'NONE',  ( 21.83785308724655039, 6.668647495370118250, 19.00000000000085620 ) ) ;
#4417 = CARTESIAN_POINT ( 'NONE',  ( -6.665085637630239646, 5.877768477045385076, 19.17175601377216410 ) ) ;
#4418 = CARTESIAN_POINT ( 'NONE',  ( -8.023398859759431900, -6.467807121708031737, 125.0000000000000568 ) ) ;
#4419 = CARTESIAN_POINT ( 'NONE',  ( -14.34788728001155178, 6.164012852629482175, 19.00000000000000000 ) ) ;
#4420 = FACE_OUTER_BOUND ( 'NONE', #1779, .T. ) ;
#4421 = ORIENTED_EDGE ( 'NONE', *, *, #3430, .T. ) ;
#4422 = CARTESIAN_POINT ( 'NONE',  ( 18.67057332595136288, 7.005465734870488070, 21.91735845556946316 ) ) ;
#4423 = CARTESIAN_POINT ( 'NONE',  ( -4.310826617930240801, -6.737957979781826090, 120.0002531903924137 ) ) ;
#4424 = CARTESIAN_POINT ( 'NONE',  ( 3.144206667013331291, 5.381884403830519581, 19.19760363727663943 ) ) ;
#4425 = CARTESIAN_POINT ( 'NONE',  ( -12.86229081662230556, 4.586593247033676768, 20.08192610379809651 ) ) ;
#4426 = CARTESIAN_POINT ( 'NONE',  ( 12.02544633963781706, 17.23773906208980122, 125.0000000000000568 ) ) ;
#4427 = VERTEX_POINT ( 'NONE', #5978 ) ;
#4428 = CARTESIAN_POINT ( 'NONE',  ( 13.27563139323631702, 16.87534290724269681, 120.5991922080414582 ) ) ;
#4429 = CARTESIAN_POINT ( 'NONE',  ( -6.635813680772336909, -6.840602670557629494, 19.00000000000000000 ) ) ;
#4430 = CARTESIAN_POINT ( 'NONE',  ( -9.874727006422080677, -4.720011542598710363, 42.40200746962080558 ) ) ;
#4431 = EDGE_LOOP ( 'NONE', ( #1285, #2218, #3219, #4955, #1237, #3421, #1868 ) ) ;
#4432 = CARTESIAN_POINT ( 'NONE',  ( -13.76324708955307585, 1.989974387544213963, 21.64850819299298479 ) ) ;
#4433 = EDGE_CURVE ( 'NONE', #4583, #3742, #596, .T. ) ;
#4434 = CARTESIAN_POINT ( 'NONE',  ( 21.83279495686536009, 7.148519052862425838, 21.05991633081567116 ) ) ;
#4435 = LINE ( 'NONE', #5000, #4877 ) ;
#4436 = CARTESIAN_POINT ( 'NONE',  ( 21.96763268067847008, 4.075051358145912239, 19.00000000000000355 ) ) ;
#4437 = EDGE_CURVE ( 'NONE', #5046, #5789, #2081, .T. ) ;
#4438 = CARTESIAN_POINT ( 'NONE',  ( -11.52452134596454414, 4.585342422913653238, 20.89667449806911037 ) ) ;
#4439 = CARTESIAN_POINT ( 'NONE',  ( -13.63074874156664151, 3.449252792404090329, 21.38749624742626665 ) ) ;
#4440 = DIRECTION ( 'NONE',  ( 0.000000000000000000, 0.000000000000000000, -1.000000000000000000 ) ) ;
#4441 = CARTESIAN_POINT ( 'NONE',  ( -50.00000000000000000, 3.475312508194680738, 3.610394695806002030 ) ) ;
#4442 = CARTESIAN_POINT ( 'NONE',  ( -13.63320303453476967, 3.446988025526472654, 21.36521730665840479 ) ) ;
#4443 = DIRECTION ( 'NONE',  ( 0.000000000000000000, -1.000000000000000000, 0.000000000000000000 ) ) ;
#4444 = CARTESIAN_POINT ( 'NONE',  ( -9.000237265934233122, 6.407895411173037736, 19.05677320843844669 ) ) ;
#4445 = CARTESIAN_POINT ( 'NONE',  ( -9.788911504471382585, -3.526076712059213580, 97.49437716547343769 ) ) ;
#4446 = CARTESIAN_POINT ( 'NONE',  ( -13.38658697723758806, 4.788848459290417914, 19.63901192221544179 ) ) ;
#4447 = CARTESIAN_POINT ( 'NONE',  ( -13.40823567399155891, 3.758992878228193835, 21.28252244470498056 ) ) ;
#4448 = ORIENTED_EDGE ( 'NONE', *, *, #3414, .T. ) ;
#4449 = CARTESIAN_POINT ( 'NONE',  ( 10.26754144872613672, 4.779573695093055186, 21.72633303760571621 ) ) ;
#4450 = CARTESIAN_POINT ( 'NONE',  ( -4.293518358124694956, -6.839767906278670040, 121.9085483549709892 ) ) ;
#4451 = CARTESIAN_POINT ( 'NONE',  ( 0.6859236849082610554, 3.824882343079951674, 20.85123053484297984 ) ) ;
#4452 = CARTESIAN_POINT ( 'NONE',  ( -13.63694828280437399, 5.849384559283801188, 19.05606857535998699 ) ) ;
#4453 = CARTESIAN_POINT ( 'NONE',  ( 18.65655067795380262, 11.74405781115821235, 70.05120874106592055 ) ) ;
#4454 = ORIENTED_EDGE ( 'NONE', *, *, #403, .T. ) ;
#4455 = EDGE_CURVE ( 'NONE', #4336, #938, #5047, .T. ) ;
#4456 = PLANE ( 'NONE',  #4464 ) ;
#4457 = CARTESIAN_POINT ( 'NONE',  ( 12.15735550780733298, 5.577445180396416902, 20.10445752481223636 ) ) ;
#4458 = CARTESIAN_POINT ( 'NONE',  ( 21.92499589926960724, -2.646684593599176516, 15.65415278187916392 ) ) ;
#4459 =( BOUNDED_CURVE ( )  B_SPLINE_CURVE ( 3, ( #683, #1649, #5172, #4655 ),
 .UNSPECIFIED., .F., .F. ) 
 B_SPLINE_CURVE_WITH_KNOTS ( ( 4, 4 ),
 ( 4.778577584485931951, 4.784853149412793272 ),
 .UNSPECIFIED. ) 
 CURVE ( )  GEOMETRIC_REPRESENTATION_ITEM ( )  RATIONAL_B_SPLINE_CURVE ( ( 1.000000000000000000, 0.9999967181097633162, 0.9999967181097633162, 1.000000000000000000 ) ) 
 REPRESENTATION_ITEM ( '' )  );
#4460 = CARTESIAN_POINT ( 'NONE',  ( -9.621449216694999862, -2.658162172510212251, 18.99999999999749534 ) ) ;
#4461 = CARTESIAN_POINT ( 'NONE',  ( -6.831619719890465348, -7.911908981665315643, 115.8311238661722058 ) ) ;
#4462 = ORIENTED_EDGE ( 'NONE', *, *, #5415, .T. ) ;
#4463 = CARTESIAN_POINT ( 'NONE',  ( -12.63534872734900105, -0.08802867143048478948, 21.68303101773551944 ) ) ;
#4464 = AXIS2_PLACEMENT_3D ( 'NONE', #1452, #3946, #511 ) ;
#4465 = CARTESIAN_POINT ( 'NONE',  ( -16.04399386285844642, -7.091450637486104824, 129.0136431328250808 ) ) ;
#4466 = CARTESIAN_POINT ( 'NONE',  ( 19.59078206947199874, 2.460319842132913326, 19.00000000000000355 ) ) ;
#4467 = CARTESIAN_POINT ( 'NONE',  ( -10.97739215385359124, 7.060988821784658143, 19.00000000000000000 ) ) ;
#4468 = CARTESIAN_POINT ( 'NONE',  ( -14.29590830623247477, 3.840927251172372880, 19.69118337279396869 ) ) ;
#4469 = CARTESIAN_POINT ( 'NONE',  ( 5.455986880500057978, -5.850829612953384107, -210.0000000000000000 ) ) ;
#4470 = CARTESIAN_POINT ( 'NONE',  ( 19.21902358064497207, -5.001503505445728415, 6.913426270597009982 ) ) ;
#4471 = DIRECTION ( 'NONE',  ( 0.000000000000000000, -0.5735764363510427177, 0.8191520442889941300 ) ) ;
#4472 = ADVANCED_FACE ( 'NONE', ( #1080 ), #6015, .F. ) ;
#4473 = CARTESIAN_POINT ( 'NONE',  ( -8.897128749524442881, 5.105752848778862152, 19.85093607035071273 ) ) ;
#4474 = CARTESIAN_POINT ( 'NONE',  ( -9.653096380461192894, 4.230559941533786450, 24.15118135527026411 ) ) ;
#4475 = CARTESIAN_POINT ( 'NONE',  ( -14.76854154423096865, 5.875841399533275222, 19.00000000000000000 ) ) ;
#4476 = CARTESIAN_POINT ( 'NONE',  ( -19.39632949644413173, -7.091450637486104824, 122.9571545744991283 ) ) ;
#4477 = ORIENTED_EDGE ( 'NONE', *, *, #519, .T. ) ;
#4478 = CARTESIAN_POINT ( 'NONE',  ( -12.63468067114326843, 4.248302270889827703, 21.19521657540416726 ) ) ;
#4479 = CARTESIAN_POINT ( 'NONE',  ( -9.056399674890549534, -9.175274652901084238, 121.7519069155584077 ) ) ;
#4480 = CARTESIAN_POINT ( 'NONE',  ( -2.185012804393804409, 5.712730427902270591, 19.06259265829354987 ) ) ;
#4481 = CARTESIAN_POINT ( 'NONE',  ( -13.80239637716257306, 5.767952851449575036, 19.05615269063995143 ) ) ;
#4482 = CARTESIAN_POINT ( 'NONE',  ( 21.70869627620519537, 7.794598013305773065, 24.15118135527027476 ) ) ;
#4483 = VERTEX_POINT ( 'NONE', #2504 ) ;
#4484 = CARTESIAN_POINT ( 'NONE',  ( 18.00000000000000355, -9.573965526745718435, -5.026757405899497200E-16 ) ) ;
#4485 = LINE ( 'NONE', #5333, #5525 ) ;
#4486 = CARTESIAN_POINT ( 'NONE',  ( -5.694426156855012522, -7.066024537976971054, 19.00000000000000000 ) ) ;
#4487 = CARTESIAN_POINT ( 'NONE',  ( 10.62908532064763634, 4.825865606989940382, 21.41264344880515225 ) ) ;
#4488 = CARTESIAN_POINT ( 'NONE',  ( -5.298540212371494640, -7.828226633240641164, 124.9999999999998010 ) ) ;
#4489 = EDGE_LOOP ( 'NONE', ( #6244, #1847, #6188, #3719, #2836, #129, #1068, #822, #2194, #6092 ) ) ;
#4490 = CARTESIAN_POINT ( 'NONE',  ( 4.955216145483118062, -3.036045493877850721, 21.37385477817077373 ) ) ;
#4491 =( BOUNDED_CURVE ( )  B_SPLINE_CURVE ( 3, ( #1302, #2202, #3202, #788 ),
 .UNSPECIFIED., .F., .T. ) 
 B_SPLINE_CURVE_WITH_KNOTS ( ( 4, 4 ),
 ( 3.665191429188086047, 5.585053606381850777 ),
 .UNSPECIFIED. ) 
 CURVE ( )  GEOMETRIC_REPRESENTATION_ITEM ( )  RATIONAL_B_SPLINE_CURVE ( ( 1.000000000000000000, 0.7157176242340300698, 0.7157176242340300698, 1.000000000000000000 ) ) 
 REPRESENTATION_ITEM ( '' )  );
#4492 = CARTESIAN_POINT ( 'NONE',  ( -9.872912072449768317, -8.037076632487316630, 121.7571307769934066 ) ) ;
#4493 = CARTESIAN_POINT ( 'NONE',  ( 22.08249316499351167, 6.882936149333831466, 19.00000000000015987 ) ) ;
#4494 = CARTESIAN_POINT ( 'NONE',  ( -12.29946476712515491, 3.000000000000007994, 13.04091272864830664 ) ) ;
#4495 = CARTESIAN_POINT ( 'NONE',  ( 12.25650441729661466, -2.067837335578659452, 19.00000000000000000 ) ) ;
#4496 = ORIENTED_EDGE ( 'NONE', *, *, #719, .T. ) ;
#4497 = CARTESIAN_POINT ( 'NONE',  ( -12.09015152478535171, 5.517862935813111491, 19.42829551497932528 ) ) ;
#4498 = CARTESIAN_POINT ( 'NONE',  ( -13.71418512772204146, 3.482846988120147369, 20.75680284155629707 ) ) ;
#4499 = CARTESIAN_POINT ( 'NONE',  ( -12.38410732583066576, -2.577498541357490236, 13.52094453300079202 ) ) ;
#4500 = CARTESIAN_POINT ( 'NONE',  ( -10.63660999587733968, 3.475312508194681183, 3.610394695806002474 ) ) ;
#4501 = CONICAL_SURFACE ( 'NONE', #284, 341.4999999999999432, 1.448623279155302201 ) ;
#4502 = CARTESIAN_POINT ( 'NONE',  ( -50.00000000000000000, -4.299999999999999822, 2.004614623063062151 ) ) ;
#4503 = CARTESIAN_POINT ( 'NONE',  ( 11.83438357955248144, 17.76278454287996311, 120.8336715879435559 ) ) ;
#4504 = CARTESIAN_POINT ( 'NONE',  ( -9.018517522702145683, 6.122936426229495410, 19.16656998048313554 ) ) ;
#4505 = CARTESIAN_POINT ( 'NONE',  ( -13.74142088187780075, 2.937991504347614136, 24.15118135527027121 ) ) ;
#4506 = EDGE_CURVE ( 'NONE', #2647, #3767, #1377, .T. ) ;
#4507 = CARTESIAN_POINT ( 'NONE',  ( -13.86243899497079646, 5.069545143226758199, 19.27724188297457886 ) ) ;
#4508 = LINE ( 'NONE', #625, #2715 ) ;
#4509 = ORIENTED_EDGE ( 'NONE', *, *, #1977, .F. ) ;
#4510 = CARTESIAN_POINT ( 'NONE',  ( -12.54844447003193864, 4.284968796171938266, 21.19260064543023248 ) ) ;
#4511 = CARTESIAN_POINT ( 'NONE',  ( -0.9940709153662085074, 4.771684891222666813, 19.49099239919793547 ) ) ;
#4512 = CARTESIAN_POINT ( 'NONE',  ( 12.73174223821311912, 17.11622488224364247, 115.8311238661720921 ) ) ;
#4513 = CARTESIAN_POINT ( 'NONE',  ( -13.52253790707766079, 5.272505649806604744, 19.27336651382789157 ) ) ;
#4514 = CARTESIAN_POINT ( 'NONE',  ( 12.16741709383806125, 17.51468636307635407, 125.0000000000000000 ) ) ;
#4515 = ORIENTED_EDGE ( 'NONE', *, *, #6174, .F. ) ;
#4516 = AXIS2_PLACEMENT_3D ( 'NONE', #5703, #6224, #1346 ) ;
#4517 = CARTESIAN_POINT ( 'NONE',  ( 21.90509581107797743, 6.650488371680396860, 15.00000000000000711 ) ) ;
#4518 = CARTESIAN_POINT ( 'NONE',  ( -15.42481447834769348, -7.091450637486104824, 131.1194995169789195 ) ) ;
#4519 = CARTESIAN_POINT ( 'NONE',  ( 9.657103871921963290, 5.570934579354762661, 19.56217042009352269 ) ) ;
#4520 = VECTOR ( 'NONE', #4857, 999.9999999999998863 ) ;
#4521 = CARTESIAN_POINT ( 'NONE',  ( -6.342179813388533205, -7.684388694847507750, 115.8311238661720068 ) ) ;
#4522 = ORIENTED_EDGE ( 'NONE', *, *, #723, .T. ) ;
#4523 = CARTESIAN_POINT ( 'NONE',  ( -13.73878706621795587, 2.223972652794419247, 19.26522912762208506 ) ) ;
#4524 = CYLINDRICAL_SURFACE ( 'NONE', #5342, 0.3999999999999997446 ) ;
#4525 = CARTESIAN_POINT ( 'NONE',  ( 21.69060451708903159, 7.655061820027423636, 18.99999999999409184 ) ) ;
#4526 = DIRECTION ( 'NONE',  ( -0.000000000000000000, 1.000000000000000000, -0.000000000000000000 ) ) ;
#4527 = CARTESIAN_POINT ( 'NONE',  ( -15.95102621444739732, 0.7662907034734903755, 19.00000000000000000 ) ) ;
#4528 = ORIENTED_EDGE ( 'NONE', *, *, #2094, .F. ) ;
#4529 = CARTESIAN_POINT ( 'NONE',  ( -14.50240375432731810, 3.940712408316620952, 19.47261721186187344 ) ) ;
#4530 = DIRECTION ( 'NONE',  ( 0.000000000000000000, 0.000000000000000000, -1.000000000000000000 ) ) ;
#4531 = CARTESIAN_POINT ( 'NONE',  ( -8.917957187835423127, -6.879688288490886094, 121.8107022481061676 ) ) ;
#4532 = CARTESIAN_POINT ( 'NONE',  ( 18.17454911155535058, 18.06247228545159444, 123.7875866897362869 ) ) ;
#4533 = DIRECTION ( 'NONE',  ( 2.178330401786158105E-16, 0.000000000000000000, -1.000000000000000000 ) ) ;
#4534 = CARTESIAN_POINT ( 'NONE',  ( -8.864421906559813991, 5.558972748803596708, 19.44013375586424885 ) ) ;
#4535 = CARTESIAN_POINT ( 'NONE',  ( -11.85981241736105574, -5.339305312934331305, 97.49437716547349453 ) ) ;
#4536 = CARTESIAN_POINT ( 'NONE',  ( -13.59281672417983522, 4.368225390358516869, 19.85933552723617268 ) ) ;
#4537 = CARTESIAN_POINT ( 'NONE',  ( 3.587580103949193688, 6.303282988549391952, 119.9935307423021698 ) ) ;
#4538 = EDGE_CURVE ( 'NONE', #3669, #2459, #249, .T. ) ;
#4539 = VERTEX_POINT ( 'NONE', #1736 ) ;
#4540 = CARTESIAN_POINT ( 'NONE',  ( -12.97313994386067471, 4.087504186492470382, 21.20305273096849419 ) ) ;
#4541 = CARTESIAN_POINT ( 'NONE',  ( 20.12810102055017580, 7.510647393280296846, 21.97469402601502253 ) ) ;
#4542 = CARTESIAN_POINT ( 'NONE',  ( -0.5881445600470224244, 4.292566779060587479, 19.95076671758402398 ) ) ;
#4543 = CARTESIAN_POINT ( 'NONE',  ( 8.175681040246564280, 12.60429116732990451, 125.0000000000000568 ) ) ;
#4544 = CARTESIAN_POINT ( 'NONE',  ( -13.14157824268449559, 4.449266727209744587, 20.08510707488534663 ) ) ;
#4545 = ADVANCED_FACE ( 'NONE', ( #2692 ), #3286, .T. ) ;
#4546 = EDGE_LOOP ( 'NONE', ( #4305, #2429, #2125, #2545 ) ) ;
#4547 = CARTESIAN_POINT ( 'NONE',  ( -50.00000000000000000, 8.999999999999998224, 19.00000000000000000 ) ) ;
#4548 = CARTESIAN_POINT ( 'NONE',  ( 20.71614000682933820, 18.06247228545160866, 123.5589387344814156 ) ) ;
#4549 = EDGE_CURVE ( 'NONE', #1222, #661, #2289, .T. ) ;
#4550 = CARTESIAN_POINT ( 'NONE',  ( 8.756786257059172129, 6.028355106553098253, 19.21197951519839364 ) ) ;
#4551 = B_SPLINE_CURVE_WITH_KNOTS ( 'NONE', 3,
 ( #5970, #1073, #3043, #100 ),
 .UNSPECIFIED., .F., .F.,
 ( 4, 4 ),
 ( 0.000000000000000000, 0.0003955067591559324031 ),
 .UNSPECIFIED. ) ;
#4552 = CARTESIAN_POINT ( 'NONE',  ( -0.8028139741873132618, -5.015538924065726434, 42.40200746962066347 ) ) ;
#4553 = ORIENTED_EDGE ( 'NONE', *, *, #5089, .T. ) ;
#4554 = CARTESIAN_POINT ( 'NONE',  ( 14.00871374427239680, 1.870800131261548760, 21.19385234786356165 ) ) ;
#4555 = CARTESIAN_POINT ( 'NONE',  ( 22.50150180257571009, 2.790189998464295051, 15.88857629762891932 ) ) ;
#4556 = CARTESIAN_POINT ( 'NONE',  ( 24.21107233696453420, 6.335520183647886050, 19.00000000000003197 ) ) ;
#4557 = CARTESIAN_POINT ( 'NONE',  ( -25.19999999999999929, -7.091450637486104824, 131.4999999999999716 ) ) ;
#4558 = LINE ( 'NONE', #128, #448 ) ;
#4559 = ORIENTED_EDGE ( 'NONE', *, *, #747, .F. ) ;
#4560 = VECTOR ( 'NONE', #1262, 1000.000000000000000 ) ;
#4561 = CARTESIAN_POINT ( 'NONE',  ( -13.82991557627145696, 3.545048911784817403, 20.46718084212977828 ) ) ;
#4562 = CARTESIAN_POINT ( 'NONE',  ( -9.186940419172138661, 7.040683995166365783, 19.00000000000001066 ) ) ;
#4563 = CIRCLE ( 'NONE', #1275, 333.5000000000000000 ) ;
#4564 = LINE ( 'NONE', #3076, #4153 ) ;
#4565 = EDGE_CURVE ( 'NONE', #1472, #3669, #3778, .T. ) ;
#4566 = DIRECTION ( 'NONE',  ( 0.000000000000000000, -6.938893903907233308E-16, 1.000000000000000000 ) ) ;
#4567 = CARTESIAN_POINT ( 'NONE',  ( -8.880775328042128436, 5.332362798791229430, 19.64553491310748257 ) ) ;
#4568 = CARTESIAN_POINT ( 'NONE',  ( -13.52422140753956015, 4.372707799830553022, 15.00000000000000711 ) ) ;
#4569 = CARTESIAN_POINT ( 'NONE',  ( -14.43381159193720187, 6.109742317301018133, 19.00000000000000000 ) ) ;
#4570 = CARTESIAN_POINT ( 'NONE',  ( 12.99999999999999822, -9.573965526745718435, 2.999999999999999112 ) ) ;
#4571 = VERTEX_POINT ( 'NONE', #3220 ) ;
#4572 = CARTESIAN_POINT ( 'NONE',  ( 18.66504289757859780, 3.283141051426097690, 3.771645694303317864 ) ) ;
#4573 = CARTESIAN_POINT ( 'NONE',  ( -0.5760842128101818505, 4.754502852110721989, 19.49387103291348922 ) ) ;
#4574 = CARTESIAN_POINT ( 'NONE',  ( 7.576994251959808579, 10.64501021267165015, 115.8311238661720068 ) ) ;
#4575 = CARTESIAN_POINT ( 'NONE',  ( -14.06931305639021978, 6.314738652282365194, 19.00000000000000000 ) ) ;
#4576 = FACE_OUTER_BOUND ( 'NONE', #1663, .T. ) ;
#4577 = VERTEX_POINT ( 'NONE', #5116 ) ;
#4578 = CARTESIAN_POINT ( 'NONE',  ( 12.73174223821317241, 17.11622488224369931, 115.8311238661720921 ) ) ;
#4579 = CARTESIAN_POINT ( 'NONE',  ( 12.77194375486223166, 17.60389419360418017, 121.3139075098043520 ) ) ;
#4580 = EDGE_CURVE ( 'NONE', #1427, #2318, #5669, .T. ) ;
#4581 = CARTESIAN_POINT ( 'NONE',  ( 10.21606050286668221, 6.960311189841957180, 19.00000000000000000 ) ) ;
#4582 = CARTESIAN_POINT ( 'NONE',  ( 4.106261071317040212, -3.299017491096782884, 24.15118135527028542 ) ) ;
#4583 = VERTEX_POINT ( 'NONE', #1806 ) ;
#4584 = CARTESIAN_POINT ( 'NONE',  ( 12.14816888050002497, 17.50417400423304315, 121.3465252154609715 ) ) ;
#4585 = DIRECTION ( 'NONE',  ( 0.000000000000000000, 0.000000000000000000, 1.000000000000000000 ) ) ;
#4586 = CARTESIAN_POINT ( 'NONE',  ( 21.82501477478716367, 7.647359743752260464, 19.00000000000571276 ) ) ;
#4587 = FACE_OUTER_BOUND ( 'NONE', #697, .T. ) ;
#4588 = CARTESIAN_POINT ( 'NONE',  ( -15.10537192301813647, -0.8269655731899312467, 19.00000000000002132 ) ) ;
#4589 = EDGE_LOOP ( 'NONE', ( #1230, #4092, #1250, #6327, #4597, #1946, #2858, #1000, #4462, #1130 ) ) ;
#4590 = CARTESIAN_POINT ( 'NONE',  ( -15.28503375705038181, 4.302710060047134633, 19.06147447542860007 ) ) ;
#4591 = CARTESIAN_POINT ( 'NONE',  ( -50.00000000000000000, -3.500000000000000444, 13.90693813243275478 ) ) ;
#4592 = CARTESIAN_POINT ( 'NONE',  ( 12.99999999999999822, -4.749951326780575300, 2.540845733246349880 ) ) ;
#4593 = CARTESIAN_POINT ( 'NONE',  ( -9.587796107920789623, 6.440148374021627653, 19.05638698959373656 ) ) ;
#4594 = CARTESIAN_POINT ( 'NONE',  ( -11.97179368522868792, -5.465471597065585385, 97.49437716547349453 ) ) ;
#4595 = CARTESIAN_POINT ( 'NONE',  ( -14.38982374792552754, 5.390207016083765623, 19.05751126295787756 ) ) ;
#4596 = CARTESIAN_POINT ( 'NONE',  ( -4.666317166403097794, -2.307020682298454251, 119.8105942121062384 ) ) ;
#4597 = ORIENTED_EDGE ( 'NONE', *, *, #4384, .T. ) ;
#4598 = DIRECTION ( 'NONE',  ( 0.000000000000000000, 0.000000000000000000, -1.000000000000000000 ) ) ;
#4599 = CARTESIAN_POINT ( 'NONE',  ( -13.69878719104113429, 3.307355867990120490, 21.39559352445644080 ) ) ;
#4600 = CARTESIAN_POINT ( 'NONE',  ( -9.312565517102934010, -9.001177432042249293, 119.9194665613552786 ) ) ;
#4601 = CARTESIAN_POINT ( 'NONE',  ( 19.31528757524167617, 7.374750777671221336, 20.51668580758044769 ) ) ;
#4602 = CARTESIAN_POINT ( 'NONE',  ( 19.23012223355689443, 5.178975920482875139, 21.09076209676544522 ) ) ;
#4603 = CARTESIAN_POINT ( 'NONE',  ( -3.403752598698472465, 5.803064346192248202, 19.06146524351548877 ) ) ;
#4604 = CARTESIAN_POINT ( 'NONE',  ( 7.199094221456382670, 8.597547872895439980, 97.49437716547363664 ) ) ;
#4605 = CARTESIAN_POINT ( 'NONE',  ( -13.29446061926151579, 4.837930637123876387, 19.63724402405107128 ) ) ;
#4606 = CARTESIAN_POINT ( 'NONE',  ( 15.59225336935368134, 16.06874641856766672, 97.49437716547349453 ) ) ;
#4607 = ORIENTED_EDGE ( 'NONE', *, *, #4294, .T. ) ;
#4608 = CARTESIAN_POINT ( 'NONE',  ( 13.21980328486612954, 17.09986515073988045, 115.8311238661720921 ) ) ;
#4609 = FACE_OUTER_BOUND ( 'NONE', #3342, .T. ) ;
#4610 = CARTESIAN_POINT ( 'NONE',  ( 8.998869266484989637, 4.576892677911650331, 21.02563290029559440 ) ) ;
#4611 = CARTESIAN_POINT ( 'NONE',  ( -11.99461745987888150, 4.463182943771957234, 21.20013605041910409 ) ) ;
#4612 = CARTESIAN_POINT ( 'NONE',  ( 1.631813171066702095, -4.053902763638315143, 42.40200746962066347 ) ) ;
#4613 = EDGE_LOOP ( 'NONE', ( #3726, #3458, #58, #4496 ) ) ;
#4614 = LINE ( 'NONE', #267, #2147 ) ;
#4615 = ADVANCED_FACE ( 'NONE', ( #4770 ), #2659, .F. ) ;
#4616 = DIRECTION ( 'NONE',  ( -0.000000000000000000, 1.000000000000000000, -0.000000000000000000 ) ) ;
#4617 = CARTESIAN_POINT ( 'NONE',  ( 24.34534119935502261, 8.316041435500300949, 19.00000000000007105 ) ) ;
#4618 = CIRCLE ( 'NONE', #3182, 2.999999999999997335 ) ;
#4619 = PLANE ( 'NONE',  #236 ) ;
#4620 = CARTESIAN_POINT ( 'NONE',  ( 17.76222596784833740, 6.877069858727745455, 20.49561261994832151 ) ) ;
#4621 = VERTEX_POINT ( 'NONE', #5737 ) ;
#4622 = CARTESIAN_POINT ( 'NONE',  ( -13.66081621410835822, 3.420220613349669314, 21.07695713394288362 ) ) ;
#4623 = EDGE_CURVE ( 'NONE', #5015, #3777, #2730, .T. ) ;
#4624 = CARTESIAN_POINT ( 'NONE',  ( 15.26852356457731297, 24.96247228545156460, 122.3459588929668911 ) ) ;
#4625 = ADVANCED_FACE ( 'NONE', ( #5186 ), #3186, .T. ) ;
#4626 = CARTESIAN_POINT ( 'NONE',  ( -10.10434573545474635, -4.768625243045613082, 121.8296489631572541 ) ) ;
#4627 = DIRECTION ( 'NONE',  ( -0.7313537016191670181, -0.6819983600625021403, 0.000000000000000000 ) ) ;
#4628 = CARTESIAN_POINT ( 'NONE',  ( 12.83031011546428957, 17.22957687065835941, 119.0161471470518251 ) ) ;
#4629 = CARTESIAN_POINT ( 'NONE',  ( -9.924923520958971679, 4.696365259345115284, 20.62739303448708839 ) ) ;
#4630 = CARTESIAN_POINT ( 'NONE',  ( -11.73966613998520181, -2.103820220880871172, 70.05120874106590634 ) ) ;
#4631 = B_SPLINE_CURVE_WITH_KNOTS ( 'NONE', 3,
 ( #3511, #148, #113, #184 ),
 .UNSPECIFIED., .F., .F.,
 ( 4, 4 ),
 ( 0.01800976149593013290, 0.02430593621768982124 ),
 .UNSPECIFIED. ) ;
#4632 = CARTESIAN_POINT ( 'NONE',  ( -13.59177603801039069, 3.915127861797717213, 20.41101549642161217 ) ) ;
#4633 = CARTESIAN_POINT ( 'NONE',  ( -7.736161467876629061, -5.186634161043716773, 119.6408629241786770 ) ) ;
#4634 = VERTEX_POINT ( 'NONE', #1703 ) ;
#4635 = CARTESIAN_POINT ( 'NONE',  ( 21.53682516913689682, 8.584279114524257182, 28.19307265281931407 ) ) ;
#4636 = CARTESIAN_POINT ( 'NONE',  ( -10.00956677221334701, -8.341239525882928163, 121.7499646071123038 ) ) ;
#4637 = DIRECTION ( 'NONE',  ( -0.1126197424618102377, -0.7611709911701143305, 0.6386982979536907079 ) ) ;
#4638 = CARTESIAN_POINT ( 'NONE',  ( 20.55292959797102981, 8.768389730162130746, 19.39803960771345004 ) ) ;
#4639 = CARTESIAN_POINT ( 'NONE',  ( 6.298343510031997994, -2.573433213770567107, 19.00000000000333245 ) ) ;
#4640 = CARTESIAN_POINT ( 'NONE',  ( -2.651283902626182076, 4.878059987660488872, 19.47968772682757788 ) ) ;
#4641 = CARTESIAN_POINT ( 'NONE',  ( 5.582266455804878902, 7.195877218460090319, 97.49437716547376453 ) ) ;
#4642 = CARTESIAN_POINT ( 'NONE',  ( -13.56611636305881419, 5.250312689623695128, 19.27352687260973596 ) ) ;
#4643 = CARTESIAN_POINT ( 'NONE',  ( 14.15740688109021761, -3.338865113427107456, 3.990663844406807659 ) ) ;
#4644 = VERTEX_POINT ( 'NONE', #2763 ) ;
#4645 = FACE_OUTER_BOUND ( 'NONE', #4844, .T. ) ;
#4646 = CARTESIAN_POINT ( 'NONE',  ( 7.248019647544483135, 5.203782730484525665, 19.54659193404654260 ) ) ;
#4647 = EDGE_CURVE ( 'NONE', #4621, #5668, #5231, .T. ) ;
#4648 = CARTESIAN_POINT ( 'NONE',  ( -11.89135394132636314, 4.523329027252084522, 20.89834270617240009 ) ) ;
#4649 = CARTESIAN_POINT ( 'NONE',  ( 3.963774035865503809, 0.1171147272067678130, 97.49437716547373611 ) ) ;
#4650 = ORIENTED_EDGE ( 'NONE', *, *, #4085, .F. ) ;
#4651 = CARTESIAN_POINT ( 'NONE',  ( 13.20790258469560285, -3.475312508194646988, 3.610394695806019794 ) ) ;
#4652 = CARTESIAN_POINT ( 'NONE',  ( -13.69720056843500444, 1.894536038362107933, 21.33067413017308667 ) ) ;
#4653 = CARTESIAN_POINT ( 'NONE',  ( 20.47890417151547737, -2.500000000000000444, 13.90693813243276011 ) ) ;
#4654 = CARTESIAN_POINT ( 'NONE',  ( 23.97371938622686116, 5.890081613974906816, 19.00000000000000000 ) ) ;
#4655 = CARTESIAN_POINT ( 'NONE',  ( -20.06677489291575256, -13.99145063748610518, 123.6221451582389648 ) ) ;
#4656 = CARTESIAN_POINT ( 'NONE',  ( 16.60847689083734124, 7.850781088263732777, 19.23134169961064543 ) ) ;
#4657 = ORIENTED_EDGE ( 'NONE', *, *, #3074, .T. ) ;
#4658 = CARTESIAN_POINT ( 'NONE',  ( -15.10715485944802694, 3.986864972668730189, 19.18185460904109974 ) ) ;
#4659 = CARTESIAN_POINT ( 'NONE',  ( 24.43828997959051108, 7.718491330989120769, 19.00000000000001066 ) ) ;
#4660 =( BOUNDED_SURFACE ( )  B_SPLINE_SURFACE ( 3, 2, ( 
 ( #2058, #3163, #5577 ),
 ( #3126, #4579, #2574 ),
 ( #1151, #1120, #186 ),
 ( #4035, #637, #3546 ),
 ( #5027, #5128, #1640 ),
 ( #149, #606, #4136 ),
 ( #6094, #1677, #5612 ),
 ( #2197, #5954, #1537 ),
 ( #1059, #1263, #1359 ),
 ( #4747, #3683, #5644 ),
 ( #744, #4275, #6238 ),
 ( #1749, #2330, #296 ),
 ( #4683, #2263, #1225 ),
 ( #2300, #4781, #2740 ),
 ( #3197, #4241, #4173 ),
 ( #390, #261, #1817 ),
 ( #3820, #5230, #3722 ),
 ( #360, #818, #5747 ),
 ( #4714, #5261, #329 ),
 ( #5162, #6201, #3268 ),
 ( #2230, #5778, #3300 ),
 ( #1781, #3331, #3787 ),
 ( #4307, #783, #878 ),
 ( #2775, #2704, #5679 ),
 ( #3756, #6271, #4207 ),
 ( #3233, #5718, #1297 ),
 ( #1328, #6132, #847 ),
 ( #2803, #5292, #1848 ),
 ( #2838, #4810, #1714 ),
 ( #6165, #5197, #3880 ),
 ( #1388, #3454, #2899 ),
 ( #3973, #1911, #2362 ),
 ( #3850, #5894, #3362 ),
 ( #6300, #506, #4337 ),
 ( #4423, #4450, #5807 ),
 ( #5441, #2987, #1881 ),
 ( #1994, #4866, #5838 ),
 ( #480, #5382, #5324 ),
 ( #934, #2477, #17 ),
 ( #1963, #1418, #3392 ),
 ( #4839, #5414, #2959 ),
 ( #5356, #2389, #5921 ),
 ( #420, #450, #4365 ),
 ( #6329, #2447, #6357 ),
 ( #905, #2421, #2871 ),
 ( #4396, #1499, #1936 ),
 ( #1475, #2931, #3912 ),
 ( #5865, #1447, #6388 ),
 ( #3941, #995, #3423 ),
 ( #968, #4930, #4901 ),
 ( #3477, #1025, #4957 ),
 ( #663, #4027, #2565 ),
 ( #628, #4479, #141 ),
 ( #6047, #176, #5567 ),
 ( #1141, #3116, #5080 ),
 ( #4600, #6086, #3640 ),
 ( #5604, #1180, #49 ),
 ( #6180, #1168, #5895 ),
 ( #3881, #2022, #5969 ),
 ( #3498, #97, #1099 ),
 ( #4978, #3075, #619 ),
 ( #2584, #6036, #652 ),
 ( #5018, #5048, #5566 ),
 ( #2623, #735, #2290 ),
 ( #4671, #2153, #2252 ),
 ( #3637, #1704, #1665 ),
 ( #6122, #5251, #3671 ),
 ( #2660, #4263, #250 ),
 ( #320, #699, #5738 ),
 ( #1737, #3710, #1252 ),
 ( #4126, #4703, #4198 ),
 ( #286, #1213, #3187 ),
 ( #3151, #5601, #1316 ),
 ( #4231, #5151, #4160 ),
 ( #772, #5634, #211 ),
 ( #2693, #6085, #5670 ),
 ( #5706, #1177, #5117 ),
 ( #6227, #4636, #1807 ),
 ( #3779, #2186, #2220 ),
 ( #3288, #838, #6155 ),
 ( #2794, #4771, #2764 ),
 ( #3221, #5187, #6190 ),
 ( #1288, #2731, #1771 ),
 ( #3744, #3259, #5219 ),
 ( #809, #4738, #3807 ),
 ( #381, #4009, #2891 ),
 ( #896, #4801, #438 ),
 ( #4858, #5798, #1379 ),
 ( #1349, #1838, #5961 ),
 ( #2412, #3353, #2352 ),
 ( #5347, #4328, #6292 ),
 ( #4828, #5933, #6317 ),
 ( #5768, #4297, #6261 ),
 ( #349, #4492, #4388 ),
 ( #3322, #2860, #3517 ),
 ( #5282, #2033, #60 ),
 ( #1871, #3840, #6349 ),
 ( #869, #1543, #2006 ),
 ( #3984, #3382, #5314 ),
 ( #1512, #411, #3491 ),
 ( #2828, #2379, #4355 ),
 ( #3871, #5455, #1036 ),
 ( #1901, #3000, #5830 ),
 ( #1408, #926, #4970 ),
 ( #550, #2515, #5486 ),
 ( #1064, #3034, #2320 ),
 ( #2015, #1522, #5463 ),
 ( #1588, #3560, #132 ),
 ( #3012, #1623, #4018 ),
 ( #4979, #3529, #559 ),
 ( #6007, #3592, #68 ),
 ( #2042, #5496, #1072 ),
 ( #3042, #5007, #588 ),
 ( #2555, #4531, #99 ),
 ( #2072, #5527, #653 ),
 ( #1100, #2614, #4626 ),
 ( #3662, #5661, #1243 ),
 ( #2243, #6073, #4221 ),
 ( #1729, #3279, #6146 ),
 ( #6181, #2754, #1205 ),
 ( #1762, #4150, #3736 ),
 ( #5143, #1656, #797 ),
 ( #3143, #2722, #726 ),
 ( #5696, #2685, #6113 ),
 ( #241, #4695, #1278 ),
 ( #1694, #4661, #2280 ),
 ( #3700, #3250, #4763 ),
 ( #5177, #690, #2211 ),
 ( #4253, #5210, #2311 ),
 ( #4189, #5625, #3212 ),
 ( #1169, #761, #5592 ),
 ( #276, #4728, #310 ),
 ( #6216, #1797, #3770 ),
 ( #202, #5243, #5729 ),
 ( #1308, #829, #341 ),
 ( #3627, #5108, #2650 ),
 ( #2177, #5306, #2431 ),
 ( #979, #3405, #2883 ),
 ( #888, #947, #3313 ),
 ( #4346, #464, #2851 ) ),
 .UNSPECIFIED., .F., .F., .T. ) 
 B_SPLINE_SURFACE_WITH_KNOTS ( ( 4, 2, 2, 2, 2, 2, 2, 2, 2, 2, 2, 2, 2, 2, 2, 2, 2, 2, 2, 2, 2, 2, 2, 2, 2, 2, 2, 2, 2, 2, 2, 2, 2, 2, 2, 2, 2, 2, 2, 2, 2, 2, 2, 2, 2, 2, 2, 2, 2, 2, 2, 2, 2, 2, 2, 2, 2, 2, 2, 2, 2, 2, 2, 2, 2, 2, 2, 2, 2, 4 ),
 ( 3, 3 ),
 ( 0.09294163984845671411, 0.09324108422823623732, 0.09339080641812599892, 0.09354052860801577440, 0.09413941736757483469, 0.09533719488669295528, 0.09653497240581107586, 0.09773274992492919644, 0.1001283049631654376, 0.1025238600014016926, 0.1073149700778741888, 0.1097105251161104300, 0.1121060801543466712, 0.1145016351925829123, 0.1168971902308191535, 0.1216883003072916497, 0.1228860778264097842, 0.1240838553455279047, 0.1252816328646460253, 0.1258805216242050995, 0.1264794103837641459, 0.1270782991433231923, 0.1276771879028822665, 0.1282760766624413407, 0.1288749654220003871, 0.1294738541815594335, 0.1300727429411185077, 0.1302224651310082693, 0.1302411804047444999, 0.1302598956784807305, 0.1302973262259531639, 0.1303721873208980586, 0.1306716317006775818, 0.1312705204602366282, 0.1318694092197956746, 0.1324682979793547488, 0.1330671867389138230, 0.1336660754984728694, 0.1342649642580319158, 0.1348638530175909900, 0.1354627417771500641, 0.1360616305367091106, 0.1363610749164886338, 0.1364359360114335007, 0.1364546512851697313, 0.1364733665589059619, 0.1364920818326421648, 0.1365107971063783954, 0.1366605192962681570, 0.1368102414861579186, 0.1369599636760476802, 0.1371096858659374695, 0.1372594080558272311, 0.1373342691507721258, 0.1374091302457169927, 0.1375588524356067821, 0.1378582968153863053, 0.1384571855749453517, 0.1396549630940635001, 0.1408527406131816206, 0.1432482956514178896, 0.1444460731705360101, 0.1456438506896541307, 0.1504349607661266131, 0.1528305158043628542, 0.1552260708425990954, 0.1600171809190715777, 0.1648082909955440600, 0.1672038460337803012, 0.1695994010720165701 ),
 ( 0.000000000000000000, 1.000000000000000000 ),
 .UNSPECIFIED. ) 
 GEOMETRIC_REPRESENTATION_ITEM ( )  RATIONAL_B_SPLINE_SURFACE ( (
 ( 1.000000000000000000, 0.6494820259521989492, 1.000000000000000000),
 ( 1.000000000000000000, 0.6495688791596208045, 1.000000000000000000),
 ( 1.000000000000000000, 0.6496556894061504828, 1.000000000000000000),
 ( 1.000000000000000000, 0.6497858416687154470, 1.000000000000000000),
 ( 1.000000000000000000, 0.6498292152382674214, 1.000000000000000000),
 ( 1.000000000000000000, 0.6499159415621282854, 1.000000000000000000),
 ( 1.000000000000000000, 0.6500078139273023359, 1.000000000000000000),
 ( 1.000000000000000000, 0.6503389991030162909, 1.000000000000000000),
 ( 1.000000000000000000, 0.6506183759565316027, 1.000000000000000000),
 ( 1.000000000000000000, 0.6516003419918862116, 1.000000000000000000),
 ( 1.000000000000000000, 0.6523899933225633108, 1.000000000000000000),
 ( 1.000000000000000000, 0.6540911885685513072, 1.000000000000000000),
 ( 1.000000000000000000, 0.6550024731880136342, 1.000000000000000000),
 ( 1.000000000000000000, 0.6567719510754513879, 1.000000000000000000),
 ( 1.000000000000000000, 0.6576173867548718022, 1.000000000000000000),
 ( 1.000000000000000000, 0.6600985640547031297, 1.000000000000000000),
 ( 1.000000000000000000, 0.6616935204856650987, 1.000000000000000000),
 ( 1.000000000000000000, 0.6649822340138680232, 1.000000000000000000),
 ( 1.000000000000000000, 0.6666720913625541201, 1.000000000000000000),
 ( 1.000000000000000000, 0.6717536492572970808, 1.000000000000000000),
 ( 1.000000000000000000, 0.6751795492628156481, 1.000000000000000000),
 ( 1.000000000000000000, 0.6804899907425292493, 1.000000000000000000),
 ( 1.000000000000000000, 0.6822822693425842910, 1.000000000000000000),
 ( 1.000000000000000000, 0.6859401699530394136, 1.000000000000000000),
 ( 1.000000000000000000, 0.6878212764769792154, 1.000000000000000000),
 ( 1.000000000000000000, 0.6916349266363902570, 1.000000000000000000),
 ( 1.000000000000000000, 0.6935798289838769337, 1.000000000000000000),
 ( 1.000000000000000000, 0.6976029055033013959, 1.000000000000000000),
 ( 1.000000000000000000, 0.6996813750839194768, 1.000000000000000000),
 ( 1.000000000000000000, 0.7062910658825147792, 1.000000000000000000),
 ( 1.000000000000000000, 0.7111131565648176611, 1.000000000000000000),
 ( 1.000000000000000000, 0.7176350884467657121, 1.000000000000000000),
 ( 1.000000000000000000, 0.7189833603398648743, 1.000000000000000000),
 ( 1.000000000000000000, 0.7216991708982830600, 1.000000000000000000),
 ( 1.000000000000000000, 0.7229972992112676522, 1.000000000000000000),
 ( 1.000000000000000000, 0.7255367006789212869, 1.000000000000000000),
 ( 1.000000000000000000, 0.7267773238603324470, 1.000000000000000000),
 ( 1.000000000000000000, 0.7286890670769876621, 1.000000000000000000),
 ( 1.000000000000000000, 0.7293378551464886339, 1.000000000000000000),
 ( 1.000000000000000000, 0.7307664238974952431, 1.000000000000000000),
 ( 1.000000000000000000, 0.7315717843890650052, 1.000000000000000000),
 ( 1.000000000000000000, 0.7331123106333614636, 1.000000000000000000),
 ( 1.000000000000000000, 0.7339247279225966647, 1.000000000000000000),
 ( 1.000000000000000000, 0.7350357028269350890, 1.000000000000000000),
 ( 1.000000000000000000, 0.7353815325293650007, 1.000000000000000000),
 ( 1.000000000000000000, 0.7354887861311231179, 1.000000000000000000),
 ( 1.000000000000000000, 0.7352091621341776406, 1.000000000000000000),
 ( 1.000000000000000000, 0.7345616193028143837, 1.000000000000000000),
 ( 1.000000000000000000, 0.7342689056589689622, 1.000000000000000000),
 ( 1.000000000000000000, 0.7337970395764062959, 1.000000000000000000),
 ( 1.000000000000000000, 0.7337687871609425150, 1.000000000000000000),
 ( 1.000000000000000000, 0.7343864079021483748, 1.000000000000000000),
 ( 1.000000000000000000, 0.7350003933565327774, 1.000000000000000000),
 ( 1.000000000000000000, 0.7361735206867022763, 1.000000000000000000),
 ( 1.000000000000000000, 0.7364291903866989619, 1.000000000000000000),
 ( 1.000000000000000000, 0.7367414955697560996, 1.000000000000000000),
 ( 1.000000000000000000, 0.7367765387738687277, 1.000000000000000000),
 ( 1.000000000000000000, 0.7368473137609896639, 1.000000000000000000),
 ( 1.000000000000000000, 0.7368033853670842293, 1.000000000000000000),
 ( 1.000000000000000000, 0.7365380141869992681, 1.000000000000000000),
 ( 1.000000000000000000, 0.7363592194993957563, 1.000000000000000000),
 ( 1.000000000000000000, 0.7358173378682870691, 1.000000000000000000),
 ( 1.000000000000000000, 0.7354487555253268471, 1.000000000000000000),
 ( 1.000000000000000000, 0.7335709755905125418, 1.000000000000000000),
 ( 1.000000000000000000, 0.7319577915629110754, 1.000000000000000000),
 ( 1.000000000000000000, 0.7268372492163365228, 1.000000000000000000),
 ( 1.000000000000000000, 0.7230533677442538831, 1.000000000000000000),
 ( 1.000000000000000000, 0.7152324986923681571, 1.000000000000000000),
 ( 1.000000000000000000, 0.7111043591130065122, 1.000000000000000000),
 ( 1.000000000000000000, 0.7028617824680795101, 1.000000000000000000),
 ( 1.000000000000000000, 0.6988137579772789598, 1.000000000000000000),
 ( 1.000000000000000000, 0.6909452312315150779, 1.000000000000000000),
 ( 1.000000000000000000, 0.6870402741210863695, 1.000000000000000000),
 ( 1.000000000000000000, 0.6796387775610805981, 1.000000000000000000),
 ( 1.000000000000000000, 0.6761894322715709116, 1.000000000000000000),
 ( 1.000000000000000000, 0.6699758202149019848, 1.000000000000000000),
 ( 1.000000000000000000, 0.6672073532511194616, 1.000000000000000000),
 ( 1.000000000000000000, 0.6624731272572144114, 1.000000000000000000),
 ( 1.000000000000000000, 0.6604556204652279883, 1.000000000000000000),
 ( 1.000000000000000000, 0.6573417858979703210, 1.000000000000000000),
 ( 1.000000000000000000, 0.6562738491809031460, 1.000000000000000000),
 ( 1.000000000000000000, 0.6550645273205429886, 1.000000000000000000),
 ( 1.000000000000000000, 0.6549414898348322467, 1.000000000000000000),
 ( 1.000000000000000000, 0.6554385081888874920, 1.000000000000000000),
 ( 1.000000000000000000, 0.6557162971376475635, 1.000000000000000000),
 ( 1.000000000000000000, 0.6562022609699235121, 1.000000000000000000),
 ( 1.000000000000000000, 0.6563064102838076508, 1.000000000000000000),
 ( 1.000000000000000000, 0.6564453193741902615, 1.000000000000000000),
 ( 1.000000000000000000, 0.6564735373862740087, 1.000000000000000000),
 ( 1.000000000000000000, 0.6565308467631918443, 1.000000000000000000),
 ( 1.000000000000000000, 0.6565719708926601728, 1.000000000000000000),
 ( 1.000000000000000000, 0.6566062621731106885, 1.000000000000000000),
 ( 1.000000000000000000, 0.6566033068778650561, 1.000000000000000000),
 ( 1.000000000000000000, 0.6566178394177016875, 1.000000000000000000),
 ( 1.000000000000000000, 0.6566252070474147828, 1.000000000000000000),
 ( 1.000000000000000000, 0.6566920677353104141, 1.000000000000000000),
 ( 1.000000000000000000, 0.6567560344422099794, 1.000000000000000000),
 ( 1.000000000000000000, 0.6568439903411203984, 1.000000000000000000),
 ( 1.000000000000000000, 0.6568611635537676685, 1.000000000000000000),
 ( 1.000000000000000000, 0.6569393514640468057, 1.000000000000000000),
 ( 1.000000000000000000, 0.6569918966314112208, 1.000000000000000000),
 ( 1.000000000000000000, 0.6571000830501824153, 1.000000000000000000),
 ( 1.000000000000000000, 0.6571526831967299254, 1.000000000000000000),
 ( 1.000000000000000000, 0.6572470644376265936, 1.000000000000000000),
 ( 1.000000000000000000, 0.6572895112406342832, 1.000000000000000000),
 ( 1.000000000000000000, 0.6572848704525036112, 1.000000000000000000),
 ( 1.000000000000000000, 0.6572500700038033106, 1.000000000000000000),
 ( 1.000000000000000000, 0.6572786418899709826, 1.000000000000000000),
 ( 1.000000000000000000, 0.6572943570551388337, 1.000000000000000000),
 ( 1.000000000000000000, 0.6573458968622756249, 1.000000000000000000),
 ( 1.000000000000000000, 0.6573861157589233617, 1.000000000000000000),
 ( 1.000000000000000000, 0.6575252028361707746, 1.000000000000000000),
 ( 1.000000000000000000, 0.6576424902498566594, 1.000000000000000000),
 ( 1.000000000000000000, 0.6580749787735544754, 1.000000000000000000),
 ( 1.000000000000000000, 0.6584750577775246860, 1.000000000000000000),
 ( 1.000000000000000000, 0.6600337581823595423, 1.000000000000000000),
 ( 1.000000000000000000, 0.6614959041130475947, 1.000000000000000000),
 ( 1.000000000000000000, 0.6644682626584742513, 1.000000000000000000),
 ( 1.000000000000000000, 0.6659634927337713117, 1.000000000000000000),
 ( 1.000000000000000000, 0.6701587609653718580, 1.000000000000000000),
 ( 1.000000000000000000, 0.6729309543216872580, 1.000000000000000000),
 ( 1.000000000000000000, 0.6773139117327275915, 1.000000000000000000),
 ( 1.000000000000000000, 0.6787819366234387752, 1.000000000000000000),
 ( 1.000000000000000000, 0.6817008597852537433, 1.000000000000000000),
 ( 1.000000000000000000, 0.6831510659384879558, 1.000000000000000000),
 ( 1.000000000000000000, 0.6903505422499724986, 1.000000000000000000),
 ( 1.000000000000000000, 0.6960232342274711437, 1.000000000000000000),
 ( 1.000000000000000000, 0.7041395689458974649, 1.000000000000000000),
 ( 1.000000000000000000, 0.7067802218022736227, 1.000000000000000000),
 ( 1.000000000000000000, 0.7119010366924483080, 1.000000000000000000),
 ( 1.000000000000000000, 0.7143883441454105254, 1.000000000000000000),
 ( 1.000000000000000000, 0.7217036378531550556, 1.000000000000000000),
 ( 1.000000000000000000, 0.7263815488076884597, 1.000000000000000000),
 ( 1.000000000000000000, 0.7354549648861926636, 1.000000000000000000),
 ( 1.000000000000000000, 0.7397870810416538045, 1.000000000000000000),
 ( 1.000000000000000000, 0.7459573586513704724, 1.000000000000000000),
 ( 1.000000000000000000, 0.7479582772465387386, 1.000000000000000000),
 ( 1.000000000000000000, 0.7518676059951223678, 1.000000000000000000),
 ( 1.000000000000000000, 0.7538227854380316062, 1.000000000000000000),
 ( 1.000000000000000000, 0.7555752443149894582, 1.000000000000000000) ) ) 
 REPRESENTATION_ITEM ( '' )  SURFACE ( )  );
#4661 = CARTESIAN_POINT ( 'NONE',  ( -2.379501478372113343, -0.2591893395229895591, 121.9986361153733867 ) ) ;
#4662 = EDGE_CURVE ( 'NONE', #1086, #3611, #5242, .T. ) ;
#4663 = CARTESIAN_POINT ( 'NONE',  ( -8.673221953011845287, -10.99312848378127150, 121.7115349126319614 ) ) ;
#4664 = VECTOR ( 'NONE', #1364, 1000.000000000000000 ) ;
#4665 = CARTESIAN_POINT ( 'NONE',  ( -9.598521490692460745, 6.155632183729340845, 19.16546140244343732 ) ) ;
#4666 = CARTESIAN_POINT ( 'NONE',  ( -12.38750601310305299, -6.194890513201373849, 97.49437716547356558 ) ) ;
#4667 = CARTESIAN_POINT ( 'NONE',  ( -14.45780610729324422, 5.334525906998488942, 19.05770320081411384 ) ) ;
#4668 = CARTESIAN_POINT ( 'NONE',  ( -3.273760386377905895, -13.99145063748610518, 131.4999999999999716 ) ) ;
#4669 = ORIENTED_EDGE ( 'NONE', *, *, #1459, .T. ) ;
#4670 = CARTESIAN_POINT ( 'NONE',  ( -50.00000000000000000, 4.000000000000010658, 16.50000000000000000 ) ) ;
#4671 = CARTESIAN_POINT ( 'NONE',  ( -9.438141662624580874, -9.002008887167368911, 119.8883629556752766 ) ) ;
#4672 = CARTESIAN_POINT ( 'NONE',  ( 0.5228436170687938978, -0.5606811351807072796, -210.0000000000000000 ) ) ;
#4673 = AXIS2_PLACEMENT_3D ( 'NONE', #3903, #4390, #2920 ) ;
#4674 = CARTESIAN_POINT ( 'NONE',  ( 15.44574772338770607, 6.023353202314126520, 21.87221650798645456 ) ) ;
#4675 = CIRCLE ( 'NONE', #237, 2.999999999999997335 ) ;
#4676 = CARTESIAN_POINT ( 'NONE',  ( 20.91482827640146525, 7.716707008187667860, 21.25256929369696124 ) ) ;
#4677 = CARTESIAN_POINT ( 'NONE',  ( 8.802008684459407206, -1.342497583494150826, 19.00000000000166978 ) ) ;
#4678 = CARTESIAN_POINT ( 'NONE',  ( -4.358739194344385837, 4.383349207910929302, 20.16557685611502393 ) ) ;
#4679 = CARTESIAN_POINT ( 'NONE',  ( -3.902224142272532781, -1.221043817976871892, 115.8311238661721347 ) ) ;
#4680 = CARTESIAN_POINT ( 'NONE',  ( -13.80774239884483201, 5.765257568120934373, 19.05615508549549375 ) ) ;
#4681 = FACE_OUTER_BOUND ( 'NONE', #6022, .T. ) ;
#4682 = VERTEX_POINT ( 'NONE', #6189 ) ;
#4683 = CARTESIAN_POINT ( 'NONE',  ( 11.50517515115215872, 14.64531045059330516, 119.2029171832368064 ) ) ;
#4684 = CARTESIAN_POINT ( 'NONE',  ( 4.865418512271670437, 4.466514228952100041, 20.01852959010265920 ) ) ;
#4685 = CARTESIAN_POINT ( 'NONE',  ( -12.42721577575703584, 6.291370091054551139, 19.05538760965228562 ) ) ;
#4686 = CARTESIAN_POINT ( 'NONE',  ( 6.851262791942136943, 1.668721643731508220, 70.05120874106582107 ) ) ;
#4687 = VERTEX_POINT ( 'NONE', #1315 ) ;
#4688 = PLANE ( 'NONE',  #4870 ) ;
#4689 = CARTESIAN_POINT ( 'NONE',  ( 22.97844672715174497, 5.833085566162417024, 19.10046044925425690 ) ) ;
#4690 = CARTESIAN_POINT ( 'NONE',  ( 21.47758285179422089, 7.971867943869660245, 21.98017218070786782 ) ) ;
#4691 = DIRECTION ( 'NONE',  ( 2.178330401786181771E-16, 2.217535634391453833E-30, -1.000000000000000000 ) ) ;
#4692 = EDGE_LOOP ( 'NONE', ( #2474, #4940, #338, #4669, #5837, #894, #3161, #5115, #3922, #721, #6281, #1422, #5723, #5842, #2881, #2709, #358, #364, #4865, #5649, #1062, #4780, #3071, #3515, #5126, #3939 ) ) ;
#4693 = CARTESIAN_POINT ( 'NONE',  ( -14.86224820252186340, 3.798456341256894575, 19.30282358342947902 ) ) ;
#4694 = DIRECTION ( 'NONE',  ( -1.000000000000000000, -1.079299744218610763E-14, 0.000000000000000000 ) ) ;
#4695 = CARTESIAN_POINT ( 'NONE',  ( -3.854191142830768690, -1.732849773649919989, 121.9761626828956764 ) ) ;
#4696 = CARTESIAN_POINT ( 'NONE',  ( -6.367572924408697155, -10.29763772145924250, 121.7947023626595069 ) ) ;
#4697 = CARTESIAN_POINT ( 'NONE',  ( -9.814569858320187024, 5.387009969333010240, 19.63862808049008279 ) ) ;
#4698 = CARTESIAN_POINT ( 'NONE',  ( -12.45645357083469840, -6.245140964419893415, 97.49437716547362243 ) ) ;
#4699 = CARTESIAN_POINT ( 'NONE',  ( -13.51552001909682410, 4.185282544424272722, 20.11252024057976584 ) ) ;
#4700 = CYLINDRICAL_SURFACE ( 'NONE', #4715, 0.6999999999999994005 ) ;
#4701 = ORIENTED_EDGE ( 'NONE', *, *, #5331, .F. ) ;
#4702 = CARTESIAN_POINT ( 'NONE',  ( -50.00000000000000000, -4.749951326780575300, 2.540845733246349436 ) ) ;
#4703 = CARTESIAN_POINT ( 'NONE',  ( -9.949576518489415378, -8.851052612520573959, 121.7391354324142725 ) ) ;
#4704 = CARTESIAN_POINT ( 'NONE',  ( 21.83173610432852030, 7.147448078811377670, 21.05930758899748767 ) ) ;
#4705 =( BOUNDED_CURVE ( )  B_SPLINE_CURVE ( 3, ( #175, #2624, #5979, #1561 ),
 .UNSPECIFIED., .F., .F. ) 
 B_SPLINE_CURVE_WITH_KNOTS ( ( 4, 4 ),
 ( 3.752457891787807309, 5.585053606381849889 ),
 .UNSPECIFIED. ) 
 CURVE ( )  GEOMETRIC_REPRESENTATION_ITEM ( )  RATIONAL_B_SPLINE_CURVE ( ( 1.000000000000000000, 0.7391742860058145848, 0.7391742860058145848, 1.000000000000000000 ) ) 
 REPRESENTATION_ITEM ( '' )  );
#4706 = CARTESIAN_POINT ( 'NONE',  ( 18.31209862149285783, 5.109402950775784547, 1.769999238000232733 ) ) ;
#4707 = CARTESIAN_POINT ( 'NONE',  ( 7.323295604325870123, -4.692633929173068097, 19.00000000000000000 ) ) ;
#4708 = CARTESIAN_POINT ( 'NONE',  ( -4.953630617414663817, 6.596713900528721197, 19.00000000000000000 ) ) ;
#4709 = CARTESIAN_POINT ( 'NONE',  ( 1.944515865306092772, 4.502405738641560795, 125.0000000000001705 ) ) ;
#4710 = CARTESIAN_POINT ( 'NONE',  ( -13.09629391066482995, 4.315751240445266035, 20.35628512407296142 ) ) ;
#4711 = CARTESIAN_POINT ( 'NONE',  ( -50.00000000000000000, -3.449584839594675323, 4.199655185528214041 ) ) ;
#4712 = ORIENTED_EDGE ( 'NONE', *, *, #522, .F. ) ;
#4713 = CARTESIAN_POINT ( 'NONE',  ( -50.00000000000000000, 3.475312508194681627, 3.610394695806003362 ) ) ;
#4714 = CARTESIAN_POINT ( 'NONE',  ( 8.699553701412471085, 9.808124206817776525, 119.5208004787046576 ) ) ;
#4715 = AXIS2_PLACEMENT_3D ( 'NONE', #835, #5765, #6289 ) ;
#4716 = CARTESIAN_POINT ( 'NONE',  ( 4.060912519253323971, 4.208821296306364701, 20.29760941432414967 ) ) ;
#4717 = CARTESIAN_POINT ( 'NONE',  ( -12.46557570918225544, 5.186722195510328426, 19.63082896341540007 ) ) ;
#4718 = CARTESIAN_POINT ( 'NONE',  ( 6.235655889146783259, 5.158733735917256702, 115.8311238661722058 ) ) ;
#4719 = VERTEX_POINT ( 'NONE', #1770 ) ;
#4720 = B_SPLINE_CURVE_WITH_KNOTS ( 'NONE', 3,
 ( #1195, #266, #6206, #824, #1231, #2809 ),
 .UNSPECIFIED., .F., .F.,
 ( 4, 2, 4 ),
 ( 0.004904734801673170559, 0.005107698607355987477, 0.005310662413038803528 ),
 .UNSPECIFIED. ) ;
#4721 = CARTESIAN_POINT ( 'NONE',  ( 21.19714103361139834, 24.96247228545162855, 122.9148426950822000 ) ) ;
#4722 = CARTESIAN_POINT ( 'NONE',  ( 12.75909037154482029, 17.44111621716761462, 121.3254491985174752 ) ) ;
#4723 = CARTESIAN_POINT ( 'NONE',  ( -11.44410760928278314, -1.206489064737702233, 18.99999999999915090 ) ) ;
#4724 = ORIENTED_EDGE ( 'NONE', *, *, #1398, .T. ) ;
#4725 = CARTESIAN_POINT ( 'NONE',  ( -15.57692639958812286, 4.430690946586751444, 19.00000000000000000 ) ) ;
#4726 = AXIS2_PLACEMENT_3D ( 'NONE', #2761, #3776, #5735 ) ;
#4727 = DIRECTION ( 'NONE',  ( -0.7313537016191670181, -0.6819983600625022513, 0.000000000000000000 ) ) ;
#4728 = CARTESIAN_POINT ( 'NONE',  ( 4.346583354954920431, 7.301285724040200265, 121.9039434510586375 ) ) ;
#4729 = CARTESIAN_POINT ( 'NONE',  ( 16.68975448907369241, 24.96247228545158237, 122.7634955857689647 ) ) ;
#4730 = CARTESIAN_POINT ( 'NONE',  ( -4.942377395935081630, -9.547778845541660786, 121.8464490041540529 ) ) ;
#4731 = CARTESIAN_POINT ( 'NONE',  ( -15.33853058486728749, -2.881966011250262749, 15.99999999999999645 ) ) ;
#4732 = CARTESIAN_POINT ( 'NONE',  ( -9.874691030846582507, 6.753838694554304745, 19.00000000000000000 ) ) ;
#4733 = CARTESIAN_POINT ( 'NONE',  ( -9.951540713689078999, -8.568047556018411726, 115.8311238661720921 ) ) ;
#4734 = CARTESIAN_POINT ( 'NONE',  ( -14.88361965238377493, 4.906574125211174753, 19.05920710138781970 ) ) ;
#4735 = CARTESIAN_POINT ( 'NONE',  ( 18.55548760886305359, 10.37576654615897276, 3.150326777167829384 ) ) ;
#4736 = ORIENTED_EDGE ( 'NONE', *, *, #2947, .F. ) ;
#4737 = CARTESIAN_POINT ( 'NONE',  ( 14.88137464882471050, 17.75308386086351931, 121.2029837677489041 ) ) ;
#4738 = CARTESIAN_POINT ( 'NONE',  ( -9.898188500737967743, -8.080107523923096835, 121.7555507348535286 ) ) ;
#4739 = CARTESIAN_POINT ( 'NONE',  ( 19.76661714627019251, -7.359102268665040469, 10.01898370386698645 ) ) ;
#4740 = LINE ( 'NONE', #352, #5178 ) ;
#4741 = CARTESIAN_POINT ( 'NONE',  ( 13.62018729383507498, 1.635088251368479462, 21.20175645450613899 ) ) ;
#4742 = CARTESIAN_POINT ( 'NONE',  ( -3.428592831790072459, 5.508813516217204942, 19.18001225327276416 ) ) ;
#4743 = CARTESIAN_POINT ( 'NONE',  ( 0.1967099052550531357, 3.582025925431302049, 42.40200746962052136 ) ) ;
#4744 = CARTESIAN_POINT ( 'NONE',  ( -13.08821418183529772, 4.320157411708744455, 20.35571878466253892 ) ) ;
#4745 = CARTESIAN_POINT ( 'NONE',  ( 9.941759756462417386, 11.91951921883399557, 119.3947117674063918 ) ) ;
#4746 = EDGE_LOOP ( 'NONE', ( #2250, #190, #3380, #5564 ) ) ;
#4747 = CARTESIAN_POINT ( 'NONE',  ( 12.27811961687921993, 16.02397710731624869, 119.0975256421491650 ) ) ;
#4748 = EDGE_CURVE ( 'NONE', #2903, #1472, #3743, .T. ) ;
#4749 = EDGE_CURVE ( 'NONE', #5095, #904, #4317, .T. ) ;
#4750 = CARTESIAN_POINT ( 'NONE',  ( 3.954010208399788784, 5.442610546629361501, 19.19970792087381284 ) ) ;
#4751 = CARTESIAN_POINT ( 'NONE',  ( -12.21594127473234970, 4.824948373743002783, 20.07286549978781665 ) ) ;
#4752 = CARTESIAN_POINT ( 'NONE',  ( 8.990694937280773402, 11.47479392832963363, 125.0000000000000284 ) ) ;
#4753 = EDGE_LOOP ( 'NONE', ( #2807, #4973, #5677, #1805, #1547, #220 ) ) ;
#4754 = CARTESIAN_POINT ( 'NONE',  ( 19.90752541248206953, -6.849999999999996092, 10.81811419226829152 ) ) ;
#4755 = CARTESIAN_POINT ( 'NONE',  ( 12.99999999999999822, 4.749951326780577965, 1.468383512879778419 ) ) ;
#4756 = CARTESIAN_POINT ( 'NONE',  ( 14.10172406263777134, 7.853581216619462069, 19.00000000000000000 ) ) ;
#4757 = ADVANCED_FACE ( 'NONE', ( #925 ), #868, .F. ) ;
#4758 = CARTESIAN_POINT ( 'NONE',  ( 21.25739084008862534, 10.42207961170562669, 18.99999999999999289 ) ) ;
#4759 = ADVANCED_FACE ( 'NONE', ( #5883 ), #8, .F. ) ;
#4760 = CARTESIAN_POINT ( 'NONE',  ( -11.17205819588036775, -1.464305380937150236, 19.00000000000082778 ) ) ;
#4761 = VERTEX_POINT ( 'NONE', #1464 ) ;
#4762 = DIRECTION ( 'NONE',  ( 0.6819983600625022513, -0.7313537016191671292, 0.000000000000000000 ) ) ;
#4763 = CARTESIAN_POINT ( 'NONE',  ( -2.664874232241693619, 2.413410166057242012, 122.0039708503178275 ) ) ;
#4764 = CARTESIAN_POINT ( 'NONE',  ( 11.84686579335065204, 19.38168966210337274, 121.2781138141791217 ) ) ;
#4765 = CARTESIAN_POINT ( 'NONE',  ( 4.259824685524376875, -0.8701132423542023986, 121.9913416705465323 ) ) ;
#4766 = CARTESIAN_POINT ( 'NONE',  ( -10.38001720584429499, 5.891387660953297356, 19.27217750035579513 ) ) ;
#4767 = CARTESIAN_POINT ( 'NONE',  ( -13.99243751703779104, 4.296171601511703741, 19.66521667126052719 ) ) ;
#4768 = FACE_OUTER_BOUND ( 'NONE', #6120, .T. ) ;
#4769 = ORIENTED_EDGE ( 'NONE', *, *, #4580, .F. ) ;
#4770 = FACE_OUTER_BOUND ( 'NONE', #5535, .T. ) ;
#4771 = CARTESIAN_POINT ( 'NONE',  ( -9.963428898018282354, -8.221523311947857238, 121.7522039571319823 ) ) ;
#4772 = CYLINDRICAL_SURFACE ( 'NONE', #1286, 341.4999999999999432 ) ;
#4773 = B_SPLINE_SURFACE_WITH_KNOTS ( 'NONE', 3, 3, ( 
 ( #1622, #5557, #4118, #6072, #1655, #5107, #4137, #3094, #2128, #6095, #6057, #3684, #2264 ),
 ( #3363, #2390, #4676, #4128, #2594, #1181, #3673, #1667, #4638, #2120, #1633, #4163, #5605 ),
 ( #4541, #664, #4095, #1599, #5569, #1216, #2188, #2626, #4200, #3604, #3154, #6048, #1142 ),
 ( #1740, #2661, #2155, #4062, #4601, #5120, #6016, #6124, #177, #214, #1706, #3713, #5636 ),
 ( #3189, #5154, #3051, #5019, #598, #2566, #5538, #1113, #3086, #5049, #5173, #271, #5999 ),
 ( #684, #5065, #6107, #234, #4620, #1201, #2138, #4113, #720, #1689, #2239, #614, #1650 ),
 ( #127, #3622, #3555, #2681, #3138, #5520, #5101, #3175, #196, #4656, #2104, #1616, #6212 ),
 ( #793, #213, #3638, #2119, #5603, #3153, #4094, #1179, #1254, #5118, #4061, #2187, #3672 ),
 ( #4674, #252, #2222, #3173, #2102, #5063, #2066, #2679, #5997, #5584, #5655, #5787, #2675 ),
 ( #4789, #5687, #268, #3729, #3274, #2811, #2747, #3794, #4314, #1855, #4283, #4756, #2272 ),
 ( #336, #6208, #3308, #367, #6139, #2337, #1721, #3828, #5169, #1365, #716, #1233, #3692 ),
 ( #5652, #753, #2712, #4846, #426, #2846, #3947, #5815, #396, #3918, #3888, #6306, #5901 ),
 ( #940, #3857, #2905, #3459, #4936, #4457, #4875, #24, #2000, #5928, #1596, #1109, #3083 ),
 ( #1991, #3676, #111, #5513, #4036, #5578, #546, #1573, #5451, #5546, #1679, #1539, #1121 ),
 ( #5092, #4487, #576, #4071, #56, #150, #5989, #2575, #2542, #187, #3547, #4581, #5028 ),
 ( #4104, #1032, #86, #3095, #1088, #607, #3061, #4519, #675, #2164, #2995, #2635, #4138 ),
 ( #1060, #6097, #4610, #4966, #6058, #5481, #2511, #1610, #3614, #4550, #1153, #3128, #119 ),
 ( #5057, #2095, #2129, #2060, #2029, #6024, #4004, #4994, #3030, #5957, #3578, #3513, #640 ),
 ( #2602, #1642, #1782, #1264, #1330, #2198, #1751, #4646, #3269, #3723, #1818, #746, #849 ),
 ( #4242, #3165, #5129, #3650, #224, #3759, #5719, #5232, #2301, #1227, #3788, #6167, #1298 ),
 ( #5680, #2706, #819, #4176, #3237, #2231, #5748, #710, #5199, #5613, #2776, #6272, #6133 ),
 ( #2670, #3686, #3198, #361, #5163, #4684, #1715, #3302, #784, #5646, #5262, #262, #2804 ),
 ( #1191, #4209, #2741, #4783, #4716, #6202, #298, #2266, #2331, #4750, #330, #4308, #4277 ),
 ( #6241, #935, #5326, #1912, #5357, #4397, #4903, #3364, #2363, #4424, #2391, #6358, #4841 ),
 ( #906, #3823, #2933, #4338, #5295, #4869, #2872, #2841, #1937, #421, #6301, #1849, #4368 ),
 ( #3913, #3455, #3852, #6332, #6389, #2960, #3883, #5866, #507, #5782, #3393, #2900, #3333 ),
 ( #1964, #1448, #4451, #5839, #1419, #1884, #453, #2422, #879, #1389, #1360, #5810, #3424 ),
 ( #5384, #969, #481, #3942, #2448, #5896, #1476, #391, #5416, #996, #4811, #4932, #2478 ),
 ( #18, #2567, #2051, #4029, #3607, #4542, #3507, #4573, #3024, #3118, #4064, #5505, #5444 ),
 ( #5020, #1026, #1114, #569, #3540, #5473, #1144, #4511, #5539, #5980, #3571, #5050, #2628 ),
 ( #6018, #2535, #1562, #4988, #1531, #6049, #5083, #1995, #1634, #667, #5571, #2023, #3974 ),
 ( #629, #50, #5922, #108, #143, #80, #2121, #4096, #1082, #1600, #5949, #1053, #1500 ),
 ( #3087, #2595, #3998, #3478, #2988, #4958, #3053, #600, #537, #2505, #4480, #2085, #842 ),
 ( #1218, #2663, #5638, #3191, #6088, #4165, #4130, #4640, #2191, #1321, #6126, #3677, #5122 ),
 ( #738, #216, #2769, #3156, #1812, #1708, #2157, #5156, #5607, #4742, #4603, #777, #255 ),
 ( #3782, #2734, #2697, #324, #4678, #3294, #2257, #3715, #3642, #2224, #3225, #1183, #5712 ),
 ( #1742, #4202, #5742, #6158, #3748, #5673, #1775, #3263, #179, #1257, #4235, #5191, #4708 ),
 ( #290, #4268, #5256, #1669, #6233, #701, #6195, #1292, #5224, #812, #2295, #3417, #2832 ),
 ( #5351, #960, #1383, #2922, #4894, #6323, #2415, #2357, #4332, #4417, #5287, #3904, #5376 ),
 ( #6295, #2865, #1905, #929, #5859, #1875, #3326, #474, #3357, #2894, #5801, #385, #3844 ),
 ( #1441, #873, #6266, #5833, #5318, #3814, #4861, #900, #4805, #2798, #4834, #1412, #443 ),
 ( #4391, #2441, #415, #6381, #6352, #3385, #2384, #1957, #1930, #4359, #3935, #3875, #5772 ),
 ( #1843, #5888, #1468, #3448, #5406, #4776, #354, #2325, #4301, #1353, #5499, #4982, #5042 ),
 ( #5466, #1986, #591, #1047, #5531, #4473, #4567, #4534, #1553, #500, #2470, #989, #3966 ),
 ( #2981, #5941, #3563, #2112, #3016, #5011, #6040, #4924, #2527, #4504, #4444, #5915, #1104 ),
 ( #3597, #2016, #3992, #5435, #1524, #3501, #11, #530, #1493, #1019, #4951, #4088, #2498 ),
 ( #3471, #3078, #563, #42, #622, #72, #135, #2045, #4021, #5973, #3532, #2587, #2953 ),
 ( #1075, #3045, #1626, #2558, #102, #2076, #4053, #6010, #1591, #4665, #4593, #693, #4192 ),
 ( #279, #6116, #2687, #2653, #314, #3665, #4697, #5145, #2725, #4224, #1801, #205, #3215 ),
 ( #729, #4154, #4629, #5213, #2284, #5560, #801, #4257, #2758, #1171, #6221, #4732, #1135 ),
 ( #5594, #3109, #1731, #3738, #1698, #5700, #1281, #5074, #3703, #1207, #3180, #657, #5664 ),
 ( #2617, #169, #2145, #4120, #6078, #1246, #2180, #3145, #5628, #6149, #5111, #3630, #1659 ),
 ( #244, #2214, #5181, #2246, #765, #6184, #1765, #3254, #2823, #864, #1311, #5853, #832 ),
 ( #467, #4410, #3282, #5369, #3409, #4323, #3316, #5277, #1896, #1434, #4796, #2408, #2915 ),
 ( #922, #405, #375, #951, #1403, #6287, #2887, #2347, #4766, #1865, #2789, #3835, #3802 ),
 ( #6312, #6256, #5793, #1833, #3866, #5763, #5825, #1373, #4887, #2315, #3348, #344, #3377 ),
 ( #1923, #5309, #2434, #4854, #4349, #5246, #4292, #3774, #1344, #5341, #433, #4383, #6345 ),
 ( #3898, #891, #6374, #2854, #4823, #2375, #5733, #493, #2010, #523, #2166, #3440, #4467 ),
 ( #2974, #4945, #5400, #1488, #1461, #1978, #5910, #5130, #3466, #1011, #2464, #4139, #35 ),
 ( #188, #4438, #5614, #5429, #5880, #5, #2946, #1192, #5579, #2519, #982, #4917, #1951 ),
 ( #2130, #4105, #3615, #676, #2490, #6098, #3987, #6060, #3958, #5936, #1515, #1643, #3494 ),
 ( #152, #4648, #5459, #1041, #3006, #4974, #555, #4497, #1154, #3129, #5093, #2636, #711 ),
 ( #4611, #1680, #3651, #3166, #2671, #3928, #5164, #3824, #4210, #4177, #4685, #1228, #362 ),
 ( #2777, #2267, #4243, #5783, #4751, #3724, #4784, #3239, #3335, #4278, #5721, #5647, #1752 ),
 ( #3199, #1331, #785, #3760, #5681, #1361, #4717, #5749, #6203, #3789, #5263, #2842, #1265 ),
 ( #2742, #1783, #5200, #300, #6273, #5296, #225, #1850, #880, #2199, #2232, #6134, #1716 ),
 ( #850, #263, #3687, #331, #2332, #1299, #4309, #748, #3270, #6242, #6169, #5233, #2707 ),
 ( #3303, #2805, #820, #2302, #1820, #1938, #970, #3975, #3456, #1027, #454, #2873, #2934 ),
 ( #2479, #3365, #2901, #5811, #4425, #4871, #2962, #1913, #4842, #2392, #1501, #6333, #3884 ),
 ( #4933, #936, #422, #508, #5327, #1996, #4370, #2364, #5840, #1390, #4452, #4812, #4904 ),
 ( #2423, #5923, #482, #1420, #20, #3394, #3479, #2449, #3914, #3853, #5358, #3425, #907 ),
 ( #5867, #4398, #5445, #6359, #3943, #1449, #1965, #5417, #392, #5386, #6390, #5897, #1477 ),
 ( #997, #4339, #6302, #1885, #2630, #4132, #4605, #4989, #6090, #2159, #5609, #3609, #3025 ),
 ( #5541, #1147, #1566, #3122, #5085, #110, #2598, #2537, #4513, #181, #5474, #4098, #5573 ),
 ( #82, #3055, #2089, #1116, #145, #3089, #1532, #669, #3542, #5052, #5982, #571, #2054 ),
 ( #6051, #1055, #51, #6020, #4031, #3999, #632, #5507, #1084, #2989, #5022, #1603, #4575 ),
 ( #602, #2569, #1672, #3645, #4544, #2123, #4959, #538, #4066, #3573, #4481, #5950, #2506 ),
 ( #2024, #1636, #3508, #5640, #2226, #4204, #2665, #740, #703, #2699, #4680, #5714, #5258 ),
 ( #6235, #356, #4303, #4744, #4237, #6161, #4778, #5227, #3717, #326, #1744, #2193, #5675 ),
 ( #258, #1220, #2327, #3751, #6268, #1814, #3817, #3227, #3193, #1294, #5193, #844, #6128 ),
 ( #4169, #814, #1259, #5744, #779, #1845, #2297, #1777, #4642, #218, #1185, #1710, #3265 ),
 ( #2737, #3784, #3159, #4710, #2771, #5124, #3679, #292, #2259, #5158, #6197, #1324, #4270 ),
 ( #3296, #2800, #3846, #417, #2386, #875, #5320, #5289, #5803, #3359, #2472, #902, #4836 ),
 ( #5890, #1908, #1385, #3937, #4334, #2955, #2867, #3328, #4361, #387, #1470, #5774, #1932 ),
 ( #1414, #4926, #3906, #6325, #3450, #3877, #4446, #3419, #4863, #4807, #5835, #4393, #2359 ),
 ( #3387, #5353, #991, #931, #1355, #2896, #2834, #2925, #6297, #1877, #445, #2443, #2418 ),
 ( #6354, #5408, #5861, #1443, #13, #1988, #5378, #502, #962, #4896, #476, #6383, #4419 ),
 ( #1959, #2114, #2529, #4090, #6042, #1077, #3565, #3503, #5468, #5562, #44, #5044, #4569 ),
 ( #1049, #4023, #3047, #104, #1106, #2078, #2500, #1629, #4507, #4055, #565, #1526, #3018 ),
 ( #624, #2018, #1021, #593, #4984, #4953, #6012, #74, #3994, #3968, #2047, #2560, #1593 ),
 ( #5943, #5975, #137, #5076, #1555, #5533, #2619, #1495, #5501, #5013, #5437, #532, #3599 ),
 ( #2983, #3534, #5917, #3080, #171, #4536, #2589, #1137, #3111, #659, #4595, #3473, #4475 ),
 ( #3740, #3667, #731, #3256, #4699, #3283, #3632, #4194, #3183, #695, #4667, #316, #1283 ),
 ( #1803, #2689, #281, #1209, #5147, #2790, #3147, #5596, #1312, #4122, #4227, #246, #4156 ),
 ( #767, #6118, #207, #3775, #1700, #2148, #5666, #1173, #5702, #5113, #6080, #1661, #5215 ),
 ( #5630, #2656, #4259, #4632, #2216, #5247, #4767, #2182, #5734, #834, #6151, #1733, #3706 ),
 ( #6186, #1248, #3217, #5183, #2286, #2727, #2248, #1767, #803, #2760, #4734, #6223, #5855 ),
 ( #1404, #4324, #4855, #952, #3378, #1924, #1866, #5310, #1435, #2888, #1462, #1834, #2376 ),
 ( #5278, #2855, #4888, #3410, #6313, #6376, #892, #434, #5795, #1374, #983, #1345, #3803 ),
 ( #5764, #3836, #5343, #3318, #5370, #4824, #3867, #3349, #3441, #406, #2916, #1897, #3899 ),
 ( #2948, #4350, #4385, #5826, #923, #2409, #6346, #1952, #5401, #345, #3929, #2316, #5881 ),
 ( #469, #6288, #2435, #4411, #4293, #6257, #865, #2824, #4797, #376, #2348, #1516, #2107 ),
 ( #1042, #4048, #3495, #5911, #5460, #1979, #4468, #4946, #4083, #1069, #6033, #3558, #1131 ),
 ( #2975, #3039, #2520, #2582, #3467, #3008, #1489, #4529, #4975, #3072, #2011, #1620, #2070 ),
 ( #4439, #6, #4918, #5430, #5003, #586, #95, #5523, #2492, #5038, #556, #2553, #1012 ),
 ( #617, #6002, #4498, #4561, #64, #1584, #3988, #5937, #5554, #524, #3959, #3590, #494 ),
 ( #2038, #36, #4014, #3524, #5966, #1548, #130, #5492, #2465, #1097, #4590, #273, #2141 ),
 ( #650, #6178, #2175, #199, #2612, #5208, #164, #5623, #6214, #3768, #4116, #4725, #2751 ),
 ( #2648, #4622, #1238, #795, #4148, #1760, #2278, #1793, #2241, #6144, #6110, #308, #759 ),
 ( #4218, #1690, #6070, #3660, #1653, #1203, #3141, #4251, #5659, #5728, #3734, #3104, #5141 ),
 ( #3208, #722, #5069, #3625, #3177, #5588, #2720, #2683, #1276, #4658, #1165, #5691, #3697 ),
 ( #238, #1727, #5175, #5104, #688, #2209, #3248, #4186, #4693, #5337, #6370, #5240, #2850 ) ),
 .UNSPECIFIED., .F., .F., .F.,
 ( 4, 3, 3, 3, 3, 3, 3, 3, 3, 3, 3, 3, 3, 3, 3, 3, 3, 3, 3, 3, 3, 3, 3, 3, 3, 3, 3, 3, 3, 3, 3, 3, 3, 3, 3, 3, 3, 4 ),
 ( 4, 3, 3, 3, 4 ),
 ( 0.01850799365770675747, 0.02090686152319765068, 0.02330572938868854388, 0.02570459725417943708, 0.02810346511967032682, 0.03050233298516121655, 0.03290120085065210975, 0.03530006871614300296, 0.03769893658163389616, 0.04009780444712478936, 0.04129723837987023249, 0.04249667231261568257, 0.04489554017810657577, 0.04729440804359746897, 0.04849384197634291904, 0.04909355894271563714, 0.04969327590908836217, 0.04999313439227472122, 0.05029299287546108721, 0.05089270984183380531, 0.05209214377457925538, 0.05269186074095198041, 0.05329157770732470545, 0.05389129467369742355, 0.05404122391529060654, 0.05407870622568890229, 0.05409744738088805016, 0.05411618853608719804, 0.05419115315688378953, 0.05449101164007014858, 0.05479087012325650763, 0.05509072860644287362, 0.05569044557281559171, 0.05629016253918831675, 0.05644009178078149280, 0.05651505640157808430, 0.05659002102237467580, 0.05688987950556104178 ),
 ( -0.006044287719659464583, 0.2454667842102553899, 0.4969778561401702599, 0.7484889280700851577, 1.000000000000000000 ),
 .UNSPECIFIED. ) ;
#4774 = CARTESIAN_POINT ( 'NONE',  ( -12.59024336210612383, 0.1436969076601722906, 14.69000008789784850 ) ) ;
#4775 = CARTESIAN_POINT ( 'NONE',  ( 21.92602924518721608, 6.743193076356233995, 19.00000000000182965 ) ) ;
#4776 = CARTESIAN_POINT ( 'NONE',  ( -8.710641914940175923, 5.089153439034108217, 19.85287648873996247 ) ) ;
#4777 = CARTESIAN_POINT ( 'NONE',  ( -5.291730814114060877, 4.585472113371730885, 15.00000000000000178 ) ) ;
#4778 = CARTESIAN_POINT ( 'NONE',  ( -13.33747773549357696, 4.816156249609218953, 19.63748160024897516 ) ) ;
#4779 = CARTESIAN_POINT ( 'NONE',  ( 0.2709775596339881187, -2.667997315760194166, 119.9724902014128389 ) ) ;
#4780 = ORIENTED_EDGE ( 'NONE', *, *, #3408, .T. ) ;
#4781 = CARTESIAN_POINT ( 'NONE',  ( 10.92882426766959370, 14.19573707618801350, 121.5301316114432382 ) ) ;
#4782 = CIRCLE ( 'NONE', #644, 341.4999999999999432 ) ;
#4783 = CARTESIAN_POINT ( 'NONE',  ( 4.071230185228883691, 4.090001534642777159, 20.61104837055580319 ) ) ;
#4784 = CARTESIAN_POINT ( 'NONE',  ( -12.32498098464096614, 5.225898917971300683, 19.63002277406359752 ) ) ;
#4785 = CARTESIAN_POINT ( 'NONE',  ( 17.53293064616852348, 2.950189314051220535, 15.00000000000002309 ) ) ;
#4786 = ORIENTED_EDGE ( 'NONE', *, *, #5304, .T. ) ;
#4787 = FACE_OUTER_BOUND ( 'NONE', #139, .T. ) ;
#4788 = CARTESIAN_POINT ( 'NONE',  ( -12.93488611292508494, -7.091450637486104824, 124.1944092108893329 ) ) ;
#4789 = CARTESIAN_POINT ( 'NONE',  ( 14.64895373707351922, 5.807558241130717391, 21.85409267331090177 ) ) ;
#4790 = PRESENTATION_LAYER_ASSIGNMENT (  '', '', ( #6331 ) ) ;
#4791 = CARTESIAN_POINT ( 'NONE',  ( -15.89534267705511361, 0.6580950183558547106, 18.99999999999999289 ) ) ;
#4792 = VERTEX_POINT ( 'NONE', #6291 ) ;
#4793 = FACE_OUTER_BOUND ( 'NONE', #2056, .T. ) ;
#4794 = LINE ( 'NONE', #2343, #3021 ) ;
#4795 = CARTESIAN_POINT ( 'NONE',  ( -11.35044995901567155, -6.215879440297380043, 121.7631369579463438 ) ) ;
#4796 = CARTESIAN_POINT ( 'NONE',  ( -10.27728506359455629, 6.457631677816105586, 19.05595110563536565 ) ) ;
#4797 = CARTESIAN_POINT ( 'NONE',  ( -14.71739113734672344, 4.117372950620563188, 19.29652276740269556 ) ) ;
#4798 = LINE ( 'NONE', #5796, #5844 ) ;
#4799 = ORIENTED_EDGE ( 'NONE', *, *, #2165, .F. ) ;
#4800 = DIRECTION ( 'NONE',  ( 1.000000000000000000, 0.000000000000000000, 0.000000000000000000 ) ) ;
#4801 = CARTESIAN_POINT ( 'NONE',  ( -9.887241404399047084, -8.058726936428589838, 121.7562382841071411 ) ) ;
#4802 = CARTESIAN_POINT ( 'NONE',  ( 19.86043653214062843, 7.312551635009038264, 10.55105988128171823 ) ) ;
#4803 = FILL_AREA_STYLE ('',( #6193 ) ) ;
#4804 = CARTESIAN_POINT ( 'NONE',  ( 20.55362092529603402, 5.652869955208100095, 18.99999999999789324 ) ) ;
#4805 = CARTESIAN_POINT ( 'NONE',  ( -7.882363367268864884, 5.731037173479093028, 19.28039806413788071 ) ) ;
#4806 = CARTESIAN_POINT ( 'NONE',  ( -1.283888183035296171, 3.288488528292719426, 42.40200746962078426 ) ) ;
#4807 = CARTESIAN_POINT ( 'NONE',  ( -13.75090907337793844, 5.473569516676381141, 19.16521198023660233 ) ) ;
#4808 = CARTESIAN_POINT ( 'NONE',  ( 7.710818014252419417, 8.140795868474837604, 119.6132633167823087 ) ) ;
#4809 = ORIENTED_EDGE ( 'NONE', *, *, #2454, .F. ) ;
#4810 = CARTESIAN_POINT ( 'NONE',  ( 0.8577348355228238130, -1.899554344039386944, 122.0002537004577903 ) ) ;
#4811 = CARTESIAN_POINT ( 'NONE',  ( -0.1433214368061628274, 5.622991775181226615, 19.06451874495575538 ) ) ;
#4812 = CARTESIAN_POINT ( 'NONE',  ( -13.76769036926835810, 6.123771440376239994, 19.00000000000000000 ) ) ;
#4813 = CARTESIAN_POINT ( 'NONE',  ( 13.30712744420867466, 12.48854123437107155, 97.49437716547370769 ) ) ;
#4814 = ORIENTED_EDGE ( 'NONE', *, *, #6166, .T. ) ;
#4815 = CARTESIAN_POINT ( 'NONE',  ( -14.50205280348223091, 2.790288941329592820, 15.88870264591089132 ) ) ;
#4816 = CARTESIAN_POINT ( 'NONE',  ( -15.44957216795107513, -0.2011834126274588685, 18.99999999999999289 ) ) ;
#4817 = VERTEX_POINT ( 'NONE', #3870 ) ;
#4818 = CARTESIAN_POINT ( 'NONE',  ( -16.79328581607699888, -7.091450637486104824, 124.8189485971174122 ) ) ;
#4819 = EDGE_CURVE ( 'NONE', #5785, #5388, #471, .T. ) ;
#4820 = LINE ( 'NONE', #402, #4050 ) ;
#4821 = CARTESIAN_POINT ( 'NONE',  ( 23.08699568094700894, 4.977660438251321651, 19.00000000000000000 ) ) ;
#4822 = ADVANCED_FACE ( 'NONE', ( #5913 ), #3321, .F. ) ;
#4823 = CARTESIAN_POINT ( 'NONE',  ( -10.92353870915634495, 4.985621694537337945, 20.07467044409147761 ) ) ;
#4824 = CARTESIAN_POINT ( 'NONE',  ( -14.06446779279686332, 3.791184418577074222, 19.90412562424361198 ) ) ;
#4825 = CARTESIAN_POINT ( 'NONE',  ( 18.44801965658930598, 4.749951326780573524, 2.540845733246348992 ) ) ;
#4826 = ORIENTED_EDGE ( 'NONE', *, *, #2857, .T. ) ;
#4827 = CARTESIAN_POINT ( 'NONE',  ( -50.00000000000000000, -5.094974746830584600, 5.845045092764129535 ) ) ;
#4828 = CARTESIAN_POINT ( 'NONE',  ( -10.06553578853541175, -7.792605706107037733, 119.4809300851720621 ) ) ;
#4829 = CARTESIAN_POINT ( 'NONE',  ( 21.56494709352983463, 7.394860891747536691, 18.99999999999999645 ) ) ;
#4830 = EDGE_CURVE ( 'NONE', #5140, #5371, #3487, .T. ) ;
#4831 = DIRECTION ( 'NONE',  ( 0.08782283631555495851, 0.8626791767894503860, -0.4980680549436669602 ) ) ;
#4832 = VECTOR ( 'NONE', #895, 1000.000000000000114 ) ;
#4833 = CARTESIAN_POINT ( 'NONE',  ( 20.11918062886311276, 18.06247228545161576, 126.2520722647359150 ) ) ;
#4834 = CARTESIAN_POINT ( 'NONE',  ( -7.821828558717466073, 6.302534335620882722, 19.05762402419993506 ) ) ;
#4835 = CARTESIAN_POINT ( 'NONE',  ( -10.69561074043145865, -1.706832798269576346, 70.05120874106580686 ) ) ;
#4836 = CARTESIAN_POINT ( 'NONE',  ( -14.12586683643856666, 6.286166972986980461, 19.00000000000000000 ) ) ;
#4837 = CARTESIAN_POINT ( 'NONE',  ( -15.73713346431458682, -13.99145063748610518, 124.8388895265679395 ) ) ;
#4838 = VERTEX_POINT ( 'NONE', #2378 ) ;
#4839 = CARTESIAN_POINT ( 'NONE',  ( -6.338682406093819388, -8.013242773383112194, 119.9866498423873935 ) ) ;
#4840 = B_SPLINE_CURVE_WITH_KNOTS ( 'NONE', 3,
 ( #5857, #4891, #2918, #6378, #3931, #5403, #985, #5039 ),
 .UNSPECIFIED., .F., .F.,
 ( 4, 2, 2, 4 ),
 ( 0.001234870686074789102, 0.001708590722829733417, 0.001945450741207205465, 0.002182310759584677514 ),
 .UNSPECIFIED. ) ;
#4841 = CARTESIAN_POINT ( 'NONE',  ( 3.075654039432881959, 6.353857271613229329, 19.00000000000000000 ) ) ;
#4842 = CARTESIAN_POINT ( 'NONE',  ( -13.23366771658733931, 5.413332602019746531, 19.27257358255746666 ) ) ;
#4843 = CARTESIAN_POINT ( 'NONE',  ( 4.753794123510123981, 3.989890516730314918, 124.9999999999998579 ) ) ;
#4844 = EDGE_LOOP ( 'NONE', ( #2350, #3132, #5329, #5991 ) ) ;
#4845 = CARTESIAN_POINT ( 'NONE',  ( 25.66870391163552156, 18.06247228545167260, 120.5650851623142898 ) ) ;
#4846 = CARTESIAN_POINT ( 'NONE',  ( 13.02630293670113559, 5.477699857884394952, 20.76774070120288940 ) ) ;
#4847 = EDGE_CURVE ( 'NONE', #4318, #3753, #2351, .T. ) ;
#4848 = CARTESIAN_POINT ( 'NONE',  ( -13.67720354062921473, 1.795680864241631536, 21.68909579227894824 ) ) ;
#4849 = CARTESIAN_POINT ( 'NONE',  ( -7.621786998572937399, -9.206075155406320931, 125.0000000000000568 ) ) ;
#4850 = ORIENTED_EDGE ( 'NONE', *, *, #2814, .F. ) ;
#4851 = CARTESIAN_POINT ( 'NONE',  ( -13.73892216395688948, 3.202752466603092429, 21.41634569286882339 ) ) ;
#4852 = DIRECTION ( 'NONE',  ( 0.000000000000000000, -0.6427876096865412503, -0.7660444431189765702 ) ) ;
#4853 = CARTESIAN_POINT ( 'NONE',  ( 6.954522357085552109, 3.099435283255318918, 121.9228201939649523 ) ) ;
#4854 = CARTESIAN_POINT ( 'NONE',  ( -10.75139822114540422, 4.848908536884990461, 20.34499473244515855 ) ) ;
#4855 = CARTESIAN_POINT ( 'NONE',  ( -13.59949314117674035, 3.686492010564187183, 20.71379077241219591 ) ) ;
#4856 = CARTESIAN_POINT ( 'NONE',  ( -14.26013951999353324, -7.091450637486104824, 124.2999780702715498 ) ) ;
#4857 = DIRECTION ( 'NONE',  ( 0.1006236861255493942, 0.8149944846435557277, -0.5706652817467450234 ) ) ;
#4858 = CARTESIAN_POINT ( 'NONE',  ( -10.07267633997985357, -7.801756199276820958, 119.4796694114519511 ) ) ;
#4859 = CARTESIAN_POINT ( 'NONE',  ( 19.50918534993119735, 24.96247228545160723, 123.7174787054050853 ) ) ;
#4860 = EDGE_CURVE ( 'NONE', #1967, #4158, #410, .T. ) ;
#4861 = CARTESIAN_POINT ( 'NONE',  ( -7.934410361475454643, 5.239693993457342991, 19.65319305999995336 ) ) ;
#4862 = CARTESIAN_POINT ( 'NONE',  ( -5.453375575007815890, -2.581745886777189192, 115.8311238661722768 ) ) ;
#4863 = CARTESIAN_POINT ( 'NONE',  ( -13.61726357787652653, 5.222390996449207456, 19.27412384614529373 ) ) ;
#4864 = CARTESIAN_POINT ( 'NONE',  ( -13.40364529687155404, -2.525122919265525123, 15.30225096421233744 ) ) ;
#4865 = ORIENTED_EDGE ( 'NONE', *, *, #5955, .T. ) ;
#4866 = CARTESIAN_POINT ( 'NONE',  ( -5.212077324309102089, -7.487477517994117981, 121.8805723743844567 ) ) ;
#4867 = EDGE_CURVE ( 'NONE', #2577, #4344, #1869, .T. ) ;
#4868 = AXIS2_PLACEMENT_3D ( 'NONE', #212, #4161, #2118 ) ;
#4869 = CARTESIAN_POINT ( 'NONE',  ( 2.376242971714997321, 4.298530703991289670, 19.98809634790796963 ) ) ;
#4870 = AXIS2_PLACEMENT_3D ( 'NONE', #1786, #3827, #4281 ) ;
#4871 = CARTESIAN_POINT ( 'NONE',  ( -12.93984004991870229, 4.759224895302025971, 19.83787280387504026 ) ) ;
#4872 = CARTESIAN_POINT ( 'NONE',  ( 22.06175473863096670, 5.894327880661437646, 15.00000000000000711 ) ) ;
#4873 = VERTEX_POINT ( 'NONE', #3839 ) ;
#4874 = FACE_OUTER_BOUND ( 'NONE', #6053, .T. ) ;
#4875 = CARTESIAN_POINT ( 'NONE',  ( 12.10649308996200268, 5.805534077568219153, 19.84101056637927485 ) ) ;
#4876 = CARTESIAN_POINT ( 'NONE',  ( 21.40331784610724597, -2.525015865359623302, 15.30212058352290150 ) ) ;
#4877 = VECTOR ( 'NONE', #5457, 1000.000000000000000 ) ;
#4878 = AXIS2_PLACEMENT_3D ( 'NONE', #2973, #404, #5877 ) ;
#4879 = CARTESIAN_POINT ( 'NONE',  ( -5.961079945593164453, -4.340959235280957174, 19.00000000000336442 ) ) ;
#4880 = CARTESIAN_POINT ( 'NONE',  ( -13.86516186500896985, 1.877074818682133550, 24.15118135527027832 ) ) ;
#4881 = VERTEX_POINT ( 'NONE', #5313 ) ;
#4882 = CARTESIAN_POINT ( 'NONE',  ( 21.21348092198202551, 8.598190866432911861, 19.72423732250900485 ) ) ;
#4883 = CARTESIAN_POINT ( 'NONE',  ( 22.06726219914004616, 6.864416103436605354, 19.00000000000005329 ) ) ;
#4884 = VECTOR ( 'NONE', #3289, 1000.000000000000114 ) ;
#4885 = CARTESIAN_POINT ( 'NONE',  ( -50.00000000000000000, 5.094974746830582824, 5.845045092764127759 ) ) ;
#4886 = CARTESIAN_POINT ( 'NONE',  ( -50.00000000000000000, 3.475312508194681627, 3.610394695806003362 ) ) ;
#4887 = CARTESIAN_POINT ( 'NONE',  ( -10.57354895897079139, 5.893916702266692731, 19.27159524570487292 ) ) ;
#4888 = CARTESIAN_POINT ( 'NONE',  ( -13.64645478637446985, 3.615365432220510655, 20.72602596491562466 ) ) ;
#4889 = VERTEX_POINT ( 'NONE', #497 ) ;
#4890 = PRODUCT_RELATED_PRODUCT_CATEGORY ( 'part', '', ( #339 ) ) ;
#4891 = CARTESIAN_POINT ( 'NONE',  ( 14.15753698249411663, 3.341173369522268288, 3.999999999999999112 ) ) ;
#4892 = CARTESIAN_POINT ( 'NONE',  ( 19.82298785944044184, 24.96247228545161789, 123.3256894411313596 ) ) ;
#4893 = LINE ( 'NONE', #473, #1893 ) ;
#4894 = CARTESIAN_POINT ( 'NONE',  ( -6.810116246774714277, 4.684251694868003746, 20.12799721071469250 ) ) ;
#4895 = CARTESIAN_POINT ( 'NONE',  ( -10.23479926694651887, -3.827132247544414945, 97.49437716547350874 ) ) ;
#4896 = CARTESIAN_POINT ( 'NONE',  ( -13.88810312901216903, 5.394526283387685694, 19.16612283367141956 ) ) ;
#4897 = CARTESIAN_POINT ( 'NONE',  ( 5.455986880500057978, -5.850829612953384107, -210.0000000000000000 ) ) ;
#4898 = EDGE_CURVE ( 'NONE', #1222, #2903, #6348, .T. ) ;
#4899 = ORIENTED_EDGE ( 'NONE', *, *, #1794, .F. ) ;
#4900 = CARTESIAN_POINT ( 'NONE',  ( -10.46955911544653084, 4.589726412787208609, 21.19248250887145346 ) ) ;
#4901 = CARTESIAN_POINT ( 'NONE',  ( -8.054628125806621242, -10.88248384472781893, 121.7330335854589265 ) ) ;
#4902 = EDGE_CURVE ( 'NONE', #933, #294, #6316, .T. ) ;
#4903 = CARTESIAN_POINT ( 'NONE',  ( 3.201958988217653790, 4.563556477887410701, 19.75918063925604073 ) ) ;
#4904 = CARTESIAN_POINT ( 'NONE',  ( -13.89847083034661601, 6.398238857820888192, 19.00000000000000000 ) ) ;
#4905 = CARTESIAN_POINT ( 'NONE',  ( 22.02748252494987469, 5.866849421894167804, 15.00000000000002487 ) ) ;
#4906 = VERTEX_POINT ( 'NONE', #3381 ) ;
#4907 = CARTESIAN_POINT ( 'NONE',  ( 19.21902358064497207, -5.001503505445728415, 6.913426270597009982 ) ) ;
#4908 =( BOUNDED_CURVE ( )  B_SPLINE_CURVE ( 3, ( #115, #673, #2127, #2669 ),
 .UNSPECIFIED., .F., .T. ) 
 B_SPLINE_CURVE_WITH_KNOTS ( ( 4, 4 ),
 ( 3.665191429188083827, 4.316104329362683956 ),
 .UNSPECIFIED. ) 
 CURVE ( )  GEOMETRIC_REPRESENTATION_ITEM ( )  RATIONAL_B_SPLINE_CURVE ( ( 1.000000000000000000, 0.9650032527845039398, 0.9650032527845039398, 1.000000000000000000 ) ) 
 REPRESENTATION_ITEM ( '' )  );
#4909 = UNCERTAINTY_MEASURE_WITH_UNIT (LENGTH_MEASURE( 1.000000000000000082E-05 ), #1521, 'distance_accuracy_value', 'NONE');
#4910 = CARTESIAN_POINT ( 'NONE',  ( -2.339068324294444778, -7.404033107464790930, 18.99999999999999289 ) ) ;
#4911 = CARTESIAN_POINT ( 'NONE',  ( -10.16012929296094214, -5.130646850362756695, 70.05120874106576423 ) ) ;
#4912 = ORIENTED_EDGE ( 'NONE', *, *, #1017, .F. ) ;
#4913 = CARTESIAN_POINT ( 'NONE',  ( 2.570389062335612707, -3.991045413772075001, 21.41899809634835705 ) ) ;
#4914 = CARTESIAN_POINT ( 'NONE',  ( 21.82481199233962599, 7.141579381294945073, 21.06009932194713485 ) ) ;
#4915 = CARTESIAN_POINT ( 'NONE',  ( 20.39497025781925288, 2.551721009565606657, 13.58255128169545856 ) ) ;
#4916 = FACE_OUTER_BOUND ( 'NONE', #4431, .T. ) ;
#4917 = CARTESIAN_POINT ( 'NONE',  ( -11.74829568468619811, 6.720698339437688240, 19.00000000000000000 ) ) ;
#4918 = CARTESIAN_POINT ( 'NONE',  ( -13.70966458182330960, 3.492301130946500187, 20.75527075023095236 ) ) ;
#4919 = CARTESIAN_POINT ( 'NONE',  ( -15.73713346431461879, -13.99145063748610518, 130.8505272687503691 ) ) ;
#4920 = DIRECTION ( 'NONE',  ( 3.469446951953614978E-15, 0.000000000000000000, 1.000000000000000000 ) ) ;
#4921 = CARTESIAN_POINT ( 'NONE',  ( 23.33853058486729282, -9.573965526745718435, 13.00000000000000355 ) ) ;
#4922 = ADVANCED_FACE ( 'NONE', ( #2950 ), #1981, .T. ) ;
#4923 = DIRECTION ( 'NONE',  ( 0.000000000000000000, -0.8191520442889941300, -0.5735764363510427177 ) ) ;
#4924 = CARTESIAN_POINT ( 'NONE',  ( -9.053768431903476355, 5.573439567931379734, 19.43912104736559598 ) ) ;
#4925 = CARTESIAN_POINT ( 'NONE',  ( -11.25185306729761336, 5.387130406240371094, 15.00000000000000711 ) ) ;
#4926 = CARTESIAN_POINT ( 'NONE',  ( -13.01880231774096153, 4.097619726230358417, 20.92651569968587211 ) ) ;
#4927 = CARTESIAN_POINT ( 'NONE',  ( -19.70398534195685158, -7.091450637486104824, 122.9441474005094221 ) ) ;
#4928 = ORIENTED_EDGE ( 'NONE', *, *, #3810, .F. ) ;
#4929 = CARTESIAN_POINT ( 'NONE',  ( -12.10894046447192274, 4.439693682606581149, 21.18033253439976704 ) ) ;
#4930 = CARTESIAN_POINT ( 'NONE',  ( -8.438325844593560277, -9.070569973250501405, 121.7713362722439143 ) ) ;
#4931 = AXIS2_PLACEMENT_3D ( 'NONE', #380, #2467, #5281 ) ;
#4932 = CARTESIAN_POINT ( 'NONE',  ( -0.1382379572215713115, 5.948707079025422395, 19.00000000000000000 ) ) ;
#4933 = CARTESIAN_POINT ( 'NONE',  ( -12.82975986831396931, 4.155347715478437287, 21.22197805260549686 ) ) ;
#4934 = CARTESIAN_POINT ( 'NONE',  ( 15.34417528665215968, 15.62061887182055386, 97.49437716547360822 ) ) ;
#4935 = ORIENTED_EDGE ( 'NONE', *, *, #5293, .T. ) ;
#4936 = CARTESIAN_POINT ( 'NONE',  ( 12.19589862036651162, 5.404601332038171613, 20.41786525070786595 ) ) ;
#4937 = CARTESIAN_POINT ( 'NONE',  ( 24.79999999999999361, -2.881966011250104653, 16.00000000000000000 ) ) ;
#4938 = CARTESIAN_POINT ( 'NONE',  ( 2.121843098282932605, -4.213289036675085697, 19.00000000000500577 ) ) ;
#4939 = CARTESIAN_POINT ( 'NONE',  ( -8.336211868395015046, -8.488294626987954672, 115.8311238661720353 ) ) ;
#4940 = ORIENTED_EDGE ( 'NONE', *, *, #3766, .T. ) ;
#4941 = EDGE_CURVE ( 'NONE', #3624, #4336, #5346, .T. ) ;
#4942 = CARTESIAN_POINT ( 'NONE',  ( 3.371735727496843360, -3.691214464391517680, 21.40431076988411618 ) ) ;
#4943 = CARTESIAN_POINT ( 'NONE',  ( -16.41869600964347597, -7.091450637486104824, 126.9163058974336593 ) ) ;
#4944 = CARTESIAN_POINT ( 'NONE',  ( 9.173623976100849120, 24.96247228545150421, 122.6544297022709742 ) ) ;
#4945 = CARTESIAN_POINT ( 'NONE',  ( -11.24406806919588675, 4.607614155904899533, 20.89981198858484035 ) ) ;
#4946 = CARTESIAN_POINT ( 'NONE',  ( -14.49588307303148405, 3.953919324065281682, 19.47204338740225538 ) ) ;
#4947 = CYLINDRICAL_SURFACE ( 'NONE', #2813, 0.7000000000000002887 ) ;
#4948 = CARTESIAN_POINT ( 'NONE',  ( -15.56011747224776443, 5.065125654995379811, 18.99999999999994316 ) ) ;
#4949 = DIRECTION ( 'NONE',  ( -1.000000000000000000, 0.000000000000000000, 3.469446951953614978E-15 ) ) ;
#4950 = CARTESIAN_POINT ( 'NONE',  ( -50.00000000000000000, -4.696178767820459399, 7.127216953484122541 ) ) ;
#4951 = CARTESIAN_POINT ( 'NONE',  ( -9.196211793194716932, 6.419501611855294776, 19.05664238252109755 ) ) ;
#4952 = CARTESIAN_POINT ( 'NONE',  ( -6.547000725467702509, 4.025460858084117355, 24.15118135527030319 ) ) ;
#4953 = CARTESIAN_POINT ( 'NONE',  ( -13.50651798699303363, 4.437927215012049231, 19.85414992598935413 ) ) ;
#4954 = CARTESIAN_POINT ( 'NONE',  ( -13.24593336158599399, -2.499999999999999556, 15.16040517960786005 ) ) ;
#4955 = ORIENTED_EDGE ( 'NONE', *, *, #4506, .T. ) ;
#4956 = CARTESIAN_POINT ( 'NONE',  ( 12.82066525643831589, 17.04007237448747247, 119.0066833189837041 ) ) ;
#4957 = CARTESIAN_POINT ( 'NONE',  ( -8.253993979344334875, -10.92185737116365196, 121.7260554834880253 ) ) ;
#4958 = CARTESIAN_POINT ( 'NONE',  ( -2.267252968409849245, 4.385602554728607494, 19.92967846304013335 ) ) ;
#4959 = CARTESIAN_POINT ( 'NONE',  ( -13.32787987539431640, 4.821038266057938948, 19.63743058988244172 ) ) ;
#4960 = CARTESIAN_POINT ( 'NONE',  ( 20.95703714527735784, 11.54131916837676641, 42.40200746962066347 ) ) ;
#4961 = ORIENTED_EDGE ( 'NONE', *, *, #3105, .T. ) ;
#4962 = CARTESIAN_POINT ( 'NONE',  ( 18.88627522969024852, 12.10528876727225089, 70.05120874106590634 ) ) ;
#4963 = CARTESIAN_POINT ( 'NONE',  ( -16.00000000000000000, 4.000000000000000000, 15.00000000000000178 ) ) ;
#4964 = AXIS2_PLACEMENT_3D ( 'NONE', #2335, #1423, #3428 ) ;
#4965 = CARTESIAN_POINT ( 'NONE',  ( -9.362771205326149371, -3.022069709659019221, 21.65806223329154889 ) ) ;
#4966 = CARTESIAN_POINT ( 'NONE',  ( 8.980612889280223499, 4.686247912066247245, 20.69823979542512760 ) ) ;
#4967 = CARTESIAN_POINT ( 'NONE',  ( -6.626946406994039585, -4.901755761413205903, 70.05120874106569318 ) ) ;
#4968 = ORIENTED_EDGE ( 'NONE', *, *, #253, .T. ) ;
#4969 = CARTESIAN_POINT ( 'NONE',  ( 1.341044214592973960, -4.361755903940169432, 21.44122101488432008 ) ) ;
#4970 = CARTESIAN_POINT ( 'NONE',  ( -11.25009596839924697, -6.096706304736493998, 121.7688894356967211 ) ) ;
#4971 = DIRECTION ( 'NONE',  ( 0.000000000000000000, -1.000000000000000000, 0.000000000000000000 ) ) ;
#4972 = AXIS2_PLACEMENT_3D ( 'NONE', #5590, #3142, #4694 ) ;
#4973 = ORIENTED_EDGE ( 'NONE', *, *, #3085, .F. ) ;
#4974 = CARTESIAN_POINT ( 'NONE',  ( -12.00147540724945117, 5.074229111219580091, 19.82882351444167668 ) ) ;
#4975 = CARTESIAN_POINT ( 'NONE',  ( -14.74014741531052231, 4.072789129474970515, 19.29761542973653476 ) ) ;
#4976 = DIRECTION ( 'NONE',  ( 1.000000000000000000, 0.000000000000000000, 0.000000000000000000 ) ) ;
#4977 = CARTESIAN_POINT ( 'NONE',  ( -15.93004321049420646, 4.444438776915339950, 18.99999999999993960 ) ) ;
#4978 = CARTESIAN_POINT ( 'NONE',  ( -9.342573116540474842, -9.003055079672714456, 119.9163798096906248 ) ) ;
#4979 = CARTESIAN_POINT ( 'NONE',  ( -9.468700463489016173, -7.071017607101462765, 119.5191805447879432 ) ) ;
#4980 = CARTESIAN_POINT ( 'NONE',  ( 9.173623976100854449, 24.96247228545149710, 121.1505995775081743 ) ) ;
#4981 = CARTESIAN_POINT ( 'NONE',  ( -11.21902358064495431, -5.001503505445728415, 6.913426270597009982 ) ) ;
#4982 = CARTESIAN_POINT ( 'NONE',  ( -8.583664688299334600, 6.682978249980527252, 19.00000000000000000 ) ) ;
#4983 = CARTESIAN_POINT ( 'NONE',  ( -10.49854051273089794, -7.556373065521845511, 115.8311238661720921 ) ) ;
#4984 = CARTESIAN_POINT ( 'NONE',  ( -13.39779658218849789, 4.283388541661170557, 20.10256274059286241 ) ) ;
#4985 = DIRECTION ( 'NONE',  ( -0.7313537016191670181, -0.6819983600625021403, 0.000000000000000000 ) ) ;
#4986 = ORIENTED_EDGE ( 'NONE', *, *, #2930, .T. ) ;
#4987 = CARTESIAN_POINT ( 'NONE',  ( -12.76254485047430975, 4.190110903902649397, 21.19859196537131751 ) ) ;
#4988 = CARTESIAN_POINT ( 'NONE',  ( -1.444910305882618706, 4.019413768685539345, 20.50778741450361053 ) ) ;
#4989 = CARTESIAN_POINT ( 'NONE',  ( -13.39517023966138431, 5.040997947084527198, 19.43435003033879127 ) ) ;
#4990 = CARTESIAN_POINT ( 'NONE',  ( 12.00862536306469863, 17.20492579651178033, 125.0000000000000000 ) ) ;
#4991 = ORIENTED_EDGE ( 'NONE', *, *, #674, .T. ) ;
#4992 = CARTESIAN_POINT ( 'NONE',  ( 20.86227648009138846, 12.04018035543023402, 42.40200746962064926 ) ) ;
#4993 = CARTESIAN_POINT ( 'NONE',  ( -14.62927618013914177, -13.99145063748610518, 128.8146035005697172 ) ) ;
#4994 = CARTESIAN_POINT ( 'NONE',  ( 8.054057674174142534, 5.311087962026556752, 19.55184194307058476 ) ) ;
#4995 = CARTESIAN_POINT ( 'NONE',  ( -3.994020612672099624, -6.314649120218967404, 115.8311238661723905 ) ) ;
#4996 = ORIENTED_EDGE ( 'NONE', *, *, #4077, .F. ) ;
#4997 = CARTESIAN_POINT ( 'NONE',  ( -6.721663350006819471, -4.228281964873667143, 21.60271096666920698 ) ) ;
#4998 = DIRECTION ( 'NONE',  ( 1.000000000000000000, 0.000000000000000000, 0.000000000000000000 ) ) ;
#4999 = CARTESIAN_POINT ( 'NONE',  ( 21.94041296950556941, 7.544825534825934987, 21.44249018562334186 ) ) ;
#5000 = CARTESIAN_POINT ( 'NONE',  ( -50.00000000000000000, -8.000000000000001776, 16.50000000000000000 ) ) ;
#5001 = CARTESIAN_POINT ( 'NONE',  ( -13.34984797979432081, -3.119670321976882654, 19.00000000000001066 ) ) ;
#5002 = VERTEX_POINT ( 'NONE', #954 ) ;
#5003 = CARTESIAN_POINT ( 'NONE',  ( -13.94052737156157562, 3.618243112253400895, 20.17646933289158540 ) ) ;
#5004 = CARTESIAN_POINT ( 'NONE',  ( -2.354809635013804581, 2.525224170653414646, -210.0000000000000000 ) ) ;
#5005 = CARTESIAN_POINT ( 'NONE',  ( -7.768135342586291792, 6.923353354326517106, 19.00000000000000711 ) ) ;
#5006 = VECTOR ( 'NONE', #2677, 1000.000000000000000 ) ;
#5007 = CARTESIAN_POINT ( 'NONE',  ( -9.102757094668174176, -7.100798515906752151, 121.8008907356970099 ) ) ;
#5008 = EDGE_CURVE ( 'NONE', #3762, #3140, #3412, .T. ) ;
#5009 = LINE ( 'NONE', #1696, #5385 ) ;
#5010 = CARTESIAN_POINT ( 'NONE',  ( 11.77542937996905081, 17.81164034744869440, 120.9017484910549456 ) ) ;
#5011 = CARTESIAN_POINT ( 'NONE',  ( -9.082849493031950772, 5.120149549942351719, 19.84904612865781459 ) ) ;
#5012 = CARTESIAN_POINT ( 'NONE',  ( -12.30909307181138779, -5.867508196342327231, 97.49437716547349453 ) ) ;
#5013 = CARTESIAN_POINT ( 'NONE',  ( -14.14955506248520933, 5.212629893044115725, 19.16815377765263406 ) ) ;
#5014 = CARTESIAN_POINT ( 'NONE',  ( -9.960216103351921646, -7.656474600926631346, 119.4888306205675406 ) ) ;
#5015 = VERTEX_POINT ( 'NONE', #3901 ) ;
#5016 = EDGE_CURVE ( 'NONE', #5598, #1718, #4840, .T. ) ;
#5017 = CARTESIAN_POINT ( 'NONE',  ( 18.74051251888085545, 3.449584839594675323, 4.199655185528212265 ) ) ;
#5018 = CARTESIAN_POINT ( 'NONE',  ( -9.363838928976335296, -9.003560442064641123, 119.9105156815380298 ) ) ;
#5019 = CARTESIAN_POINT ( 'NONE',  ( 18.57078298639279623, 7.033907052444676289, 20.85819822433585813 ) ) ;
#5020 = CARTESIAN_POINT ( 'NONE',  ( -1.029450362540047514, 3.795350739889786329, 21.46021273746380231 ) ) ;
#5021 = CARTESIAN_POINT ( 'NONE',  ( 12.60724413116819775, 7.848767855177610997, 42.40200746962051426 ) ) ;
#5022 = CARTESIAN_POINT ( 'NONE',  ( -13.79705154048846971, 5.770641910672020813, 19.05615026228899822 ) ) ;
#5023 = FACE_OUTER_BOUND ( 'NONE', #5235, .T. ) ;
#5024 = ORIENTED_EDGE ( 'NONE', *, *, #1197, .T. ) ;
#5025 = VECTOR ( 'NONE', #3600, 1000.000000000000000 ) ;
#5026 = CARTESIAN_POINT ( 'NONE',  ( 24.80000000000000426, 8.999999999999998224, 18.99999999999974065 ) ) ;
#5027 = CARTESIAN_POINT ( 'NONE',  ( 12.83961658556942886, 17.06049422741080690, 119.0186163728942006 ) ) ;
#5028 = CARTESIAN_POINT ( 'NONE',  ( 10.14978749990665285, 7.302918290209814423, 19.00000000000000000 ) ) ;
#5029 = CARTESIAN_POINT ( 'NONE',  ( -7.091210906510674761, -4.237445811512944083, 24.15118135527025345 ) ) ;
#5030 = VERTEX_POINT ( 'NONE', #4500 ) ;
#5031 = CARTESIAN_POINT ( 'NONE',  ( -13.82453634733870551, 2.256167242806935924, 21.56936281383110909 ) ) ;
#5032 = CARTESIAN_POINT ( 'NONE',  ( 23.33853058486729282, 2.881966011250104653, 16.00000000000000000 ) ) ;
#5033 = CARTESIAN_POINT ( 'NONE',  ( 21.83426816564047357, 7.813326306110063513, 21.74364717697197236 ) ) ;
#5034 = ADVANCED_FACE ( 'NONE', ( #3497 ), #651, .F. ) ;
#5035 = CARTESIAN_POINT ( 'NONE',  ( 18.00000000000000355, 3.000000000000000888, -5.026757405899497200E-16 ) ) ;
#5036 = CARTESIAN_POINT ( 'NONE',  ( -11.08508899467708275, -4.894224982267687984, 19.00000000000000000 ) ) ;
#5037 = ORIENTED_EDGE ( 'NONE', *, *, #1579, .T. ) ;
#5038 = CARTESIAN_POINT ( 'NONE',  ( -15.00622920174813224, 4.199621054141723597, 19.17968065721525051 ) ) ;
#5039 = CARTESIAN_POINT ( 'NONE',  ( 14.79209741530436517, 3.475312508194681627, 3.610394695806003362 ) ) ;
#5040 = DIRECTION ( 'NONE',  ( 0.000000000000000000, 0.000000000000000000, -1.000000000000000000 ) ) ;
#5041 = DIRECTION ( 'NONE',  ( -0.6819983600625022513, 0.7313537016191670181, -1.485617761692451402E-16 ) ) ;
#5042 = CARTESIAN_POINT ( 'NONE',  ( -8.559311745940327398, 6.988657660203616118, 19.00000000000000000 ) ) ;
#5043 = CARTESIAN_POINT ( 'NONE',  ( -9.120194961392803279, -7.798001330920595109, 125.0000000000001705 ) ) ;
#5044 = CARTESIAN_POINT ( 'NONE',  ( -14.27042811000991129, 5.851063953808690599, 19.00000000000000000 ) ) ;
#5045 = CARTESIAN_POINT ( 'NONE',  ( 2.665238658315888021, 5.240881265096328789, 119.9963326068737643 ) ) ;
#5046 = VERTEX_POINT ( 'NONE', #1519 ) ;
#5047 = LINE ( 'NONE', #2533, #823 ) ;
#5048 = CARTESIAN_POINT ( 'NONE',  ( -9.415965225796156801, -9.208260318644098774, 121.7410002708781889 ) ) ;
#5049 = CARTESIAN_POINT ( 'NONE',  ( 18.15090115732146003, 8.325454074393695336, 19.23499390020237598 ) ) ;
#5050 = CARTESIAN_POINT ( 'NONE',  ( -0.9505867924954042314, 5.969786028242897835, 19.00000000000000000 ) ) ;
#5051 = CARTESIAN_POINT ( 'NONE',  ( 14.36033637070469382, 15.54870139310827959, 97.49437716547349453 ) ) ;
#5052 = CARTESIAN_POINT ( 'NONE',  ( -13.65948522126348585, 5.521727247953620576, 19.16476779397018859 ) ) ;
#5053 = CARTESIAN_POINT ( 'NONE',  ( 14.52489271425754502, -3.335652302957642590, 3.854774256514072128 ) ) ;
#5054 = VERTEX_POINT ( 'NONE', #2583 ) ;
#5055 = FACE_OUTER_BOUND ( 'NONE', #424, .T. ) ;
#5056 = CARTESIAN_POINT ( 'NONE',  ( 23.09509261041771921, 18.06247228545164418, 122.2184835832775889 ) ) ;
#5057 = CARTESIAN_POINT ( 'NONE',  ( 8.189882993929119337, 4.433530190953216099, 21.70067637656687509 ) ) ;
#5058 = CARTESIAN_POINT ( 'NONE',  ( -0.1116778385515305311, -4.812078596906783190, 15.00000000000000533 ) ) ;
#5059 = ORIENTED_EDGE ( 'NONE', *, *, #3889, .F. ) ;
#5060 = CARTESIAN_POINT ( 'NONE',  ( -13.94963787822742773, 1.783007024410611319, 20.34152191263860843 ) ) ;
#5061 = CARTESIAN_POINT ( 'NONE',  ( -5.627664292823950198, 6.034931098147511719, -210.0000000000000284 ) ) ;
#5062 = CARTESIAN_POINT ( 'NONE',  ( 24.44149021433624469, 7.315597620455629446, 19.00000000000001066 ) ) ;
#5063 = CARTESIAN_POINT ( 'NONE',  ( 15.35262974805889691, 6.354122327860421748, 20.14074055032101995 ) ) ;
#5064 = CARTESIAN_POINT ( 'NONE',  ( -12.47890417151547204, -2.500000000000000444, 13.90693813243276011 ) ) ;
#5065 = CARTESIAN_POINT ( 'NONE',  ( 17.82472674296234416, 6.679310611460943292, 21.56682338069071747 ) ) ;
#5066 = DIRECTION ( 'NONE',  ( 1.000000000000000000, 0.000000000000000000, 0.000000000000000000 ) ) ;
#5067 = ORIENTED_EDGE ( 'NONE', *, *, #5846, .T. ) ;
#5068 = AXIS2_PLACEMENT_3D ( 'NONE', #3162, #6200, #5127 ) ;
#5069 = CARTESIAN_POINT ( 'NONE',  ( -13.76036369524490333, 3.378246684195692406, 20.77388783560014929 ) ) ;
#5070 = CARTESIAN_POINT ( 'NONE',  ( 16.77152902102990595, 8.999999999999998224, 19.00000000000000000 ) ) ;
#5071 = AXIS2_PLACEMENT_3D ( 'NONE', #2044, #561, #5465 ) ;
#5072 = FACE_OUTER_BOUND ( 'NONE', #2667, .T. ) ;
#5073 = CARTESIAN_POINT ( 'NONE',  ( 12.59564794845837099, 17.41950358830750645, 119.2917707898280923 ) ) ;
#5074 = CARTESIAN_POINT ( 'NONE',  ( -9.997493151753081619, 5.619899455745104966, 19.43439435126130732 ) ) ;
#5075 = CARTESIAN_POINT ( 'NONE',  ( -8.892108038475850407, -7.519045534056516544, 125.0000000000000000 ) ) ;
#5076 = CARTESIAN_POINT ( 'NONE',  ( -13.35530368862457706, 4.140780872032577165, 20.38070365810060025 ) ) ;
#5077 = CARTESIAN_POINT ( 'NONE',  ( -50.00000000000000000, 3.000000000000009326, 13.04091272864830664 ) ) ;
#5078 = ORIENTED_EDGE ( 'NONE', *, *, #2265, .T. ) ;
#5079 = CARTESIAN_POINT ( 'NONE',  ( 24.79999999999999361, -9.573965526745718435, 16.00000000000000000 ) ) ;
#5080 = CARTESIAN_POINT ( 'NONE',  ( -9.164642544978322647, -11.03680466552488149, 121.6949168323309323 ) ) ;
#5081 = CARTESIAN_POINT ( 'NONE',  ( -10.62980241883450638, -5.172816777162875468, 18.99999999999997513 ) ) ;
#5082 = EDGE_CURVE ( 'NONE', #5515, #6304, #3059, .T. ) ;
#5083 = CARTESIAN_POINT ( 'NONE',  ( -1.420248454569928764, 4.564027138532850358, 19.71415230004357255 ) ) ;
#5084 = CARTESIAN_POINT ( 'NONE',  ( 9.358435615619868031, 14.27150848527579008, 125.0000000000000853 ) ) ;
#5085 = CARTESIAN_POINT ( 'NONE',  ( -13.11876639524696309, 4.460832194252610350, 20.08488952574041164 ) ) ;
#5086 = CARTESIAN_POINT ( 'NONE',  ( 15.51967377617161681, 15.93758908244994821, 97.49437716547349453 ) ) ;
#5087 = ORIENTED_EDGE ( 'NONE', *, *, #5264, .T. ) ;
#5088 = CARTESIAN_POINT ( 'NONE',  ( -5.627664292823928882, 6.034931098147504613, -210.0000000000000000 ) ) ;
#5089 = EDGE_CURVE ( 'NONE', #2116, #5716, #5904, .T. ) ;
#5090 = CARTESIAN_POINT ( 'NONE',  ( -10.00000000000000000, 3.000000000000000888, -2.095573554126934505E-15 ) ) ;
#5091 = EDGE_CURVE ( 'NONE', #642, #1919, #2314, .T. ) ;
#5092 = CARTESIAN_POINT ( 'NONE',  ( 10.62223792743114714, 4.861448802248249379, 21.75969697460427810 ) ) ;
#5093 = CARTESIAN_POINT ( 'NONE',  ( -12.25243262071126615, 6.329742020466385455, 19.05532646391170104 ) ) ;
#5094 = CARTESIAN_POINT ( 'NONE',  ( 0.2117328455334541448, -2.789989288556698810, 115.8311238661721205 ) ) ;
#5095 = VERTEX_POINT ( 'NONE', #526 ) ;
#5096 = CARTESIAN_POINT ( 'NONE',  ( 11.77253638905736111, 19.53277751372818472, 121.2760059930387229 ) ) ;
#5097 = ADVANCED_FACE ( 'NONE', ( #3073 ), #2405, .F. ) ;
#5098 = DIRECTION ( 'NONE',  ( 0.000000000000000000, -0.000000000000000000, -1.000000000000000000 ) ) ;
#5099 = CARTESIAN_POINT ( 'NONE',  ( 22.07920177439613596, 7.458774600496184348, 19.00000000000466827 ) ) ;
#5100 = CARTESIAN_POINT ( 'NONE',  ( -13.69968513873651794, 1.841900856271775355, 21.68072173977619599 ) ) ;
#5101 = CARTESIAN_POINT ( 'NONE',  ( 16.85787736835560935, 7.031981021853625613, 19.88255161285959360 ) ) ;
#5102 = CARTESIAN_POINT ( 'NONE',  ( 10.59344816427454639, -3.016686080863747677, 19.00000000000000000 ) ) ;
#5103 = EDGE_LOOP ( 'NONE', ( #5365, #769, #2816, #4311 ) ) ;
#5104 = CARTESIAN_POINT ( 'NONE',  ( -13.89423736762571870, 3.389855988985581270, 20.48722589300687247 ) ) ;
#5105 = CARTESIAN_POINT ( 'NONE',  ( 24.11674599419529486, 8.854800556139435841, 19.00000000000001421 ) ) ;
#5106 =( BOUNDED_CURVE ( )  B_SPLINE_CURVE ( 3, ( #1103, #1590, #2111, #2497 ),
 .UNSPECIFIED., .F., .T. ) 
 B_SPLINE_CURVE_WITH_KNOTS ( ( 4, 4 ),
 ( 3.752457891787799316, 5.497787143782142394 ),
 .UNSPECIFIED. ) 
 CURVE ( )  GEOMETRIC_REPRESENTATION_ITEM ( )  RATIONAL_B_SPLINE_CURVE ( ( 1.000000000000000000, 0.7618584064576894299, 0.7618584064576894299, 1.000000000000000000 ) ) 
 REPRESENTATION_ITEM ( '' )  );
#5107 = CARTESIAN_POINT ( 'NONE',  ( 21.55970736731838500, 8.301045793150247931, 20.20854510661928316 ) ) ;
#5108 = CARTESIAN_POINT ( 'NONE',  ( 10.00716660566123828, 14.56972176823153120, 121.5524399260538075 ) ) ;
#5109 = CARTESIAN_POINT ( 'NONE',  ( 17.32925425596375746, 18.06247228545158734, 123.5650521423274455 ) ) ;
#5110 = CARTESIAN_POINT ( 'NONE',  ( -10.76296000664422259, -8.156671572725940678, 4.326961214776712694 ) ) ;
#5111 = CARTESIAN_POINT ( 'NONE',  ( -10.07924415597190659, 6.454132428046363223, 19.05607867843402659 ) ) ;
#5112 = CARTESIAN_POINT ( 'NONE',  ( -12.06516138518413683, -2.072758313691940302, 70.05120874106592055 ) ) ;
#5113 = CARTESIAN_POINT ( 'NONE',  ( -14.45387965004156072, 4.952471940752082524, 19.17096924775616884 ) ) ;
#5114 = CARTESIAN_POINT ( 'NONE',  ( -8.944198167517887654, -6.452531138964342716, 119.5531113986671841 ) ) ;
#5115 = ORIENTED_EDGE ( 'NONE', *, *, #1880, .T. ) ;
#5116 = CARTESIAN_POINT ( 'NONE',  ( 31.09986358972318854, 18.06247228545173300, 120.1432197995862197 ) ) ;
#5117 = CARTESIAN_POINT ( 'NONE',  ( -12.19140931173009079, -8.980176101612386219, 121.6591467057929066 ) ) ;
#5118 = CARTESIAN_POINT ( 'NONE',  ( 15.83524764203020396, 7.619410844319219223, 19.22950386371956810 ) ) ;
#5119 = ADVANCED_FACE ( 'NONE', ( #2013 ), #2242, .T. ) ;
#5120 = CARTESIAN_POINT ( 'NONE',  ( 19.26144438287404981, 7.536897907252190443, 20.18356459339454645 ) ) ;
#5121 = CARTESIAN_POINT ( 'NONE',  ( 19.22602364310218093, 4.762836220093396911, 19.00000000000001066 ) ) ;
#5122 = CARTESIAN_POINT ( 'NONE',  ( -2.546940002901445066, 6.381357801504145222, 19.00000000000000000 ) ) ;
#5123 = CARTESIAN_POINT ( 'NONE',  ( 14.63720688920440338, 8.813998602872016974, 42.40200746962068479 ) ) ;
#5124 = CARTESIAN_POINT ( 'NONE',  ( -13.24504254672842407, 4.608512412496640565, 19.84081647817309246 ) ) ;
#5125 = CYLINDRICAL_SURFACE ( 'NONE', #1739, 1.000000000000000888 ) ;
#5126 = ORIENTED_EDGE ( 'NONE', *, *, #2454, .T. ) ;
#5127 = DIRECTION ( 'NONE',  ( -0.7313537016191670181, -0.6819983600625021403, 0.000000000000000000 ) ) ;
#5128 = CARTESIAN_POINT ( 'NONE',  ( 12.63006046190861120, 17.33545215613088075, 121.3322535833915197 ) ) ;
#5129 = CARTESIAN_POINT ( 'NONE',  ( 6.554007995893151417, 4.225967274116190886, 20.97596367716341348 ) ) ;
#5130 = CARTESIAN_POINT ( 'NONE',  ( -11.30037852121311381, 5.620021208954096181, 19.42867406910059103 ) ) ;
#5131 = CARTESIAN_POINT ( 'NONE',  ( 2.629174976581083012, -0.003773750835365008265, 115.8311238661720495 ) ) ;
#5132 = ORIENTED_EDGE ( 'NONE', *, *, #5323, .F. ) ;
#5133 = CARTESIAN_POINT ( 'NONE',  ( 12.99999999999999822, -3.937137084022296563, 3.222877864560453443 ) ) ;
#5134 = CARTESIAN_POINT ( 'NONE',  ( 23.35424735776814487, 5.402341984591956248, 19.00000000027404212 ) ) ;
#5135 = EDGE_CURVE ( 'NONE', #933, #6136, #6112, .T. ) ;
#5136 = LINE ( 'NONE', #717, #5006 ) ;
#5137 = CARTESIAN_POINT ( 'NONE',  ( 21.94575699700374471, 7.465160644608051399, 21.35893692164642843 ) ) ;
#5138 = AXIS2_PLACEMENT_3D ( 'NONE', #1378, #4327, #3443 ) ;
#5139 = CARTESIAN_POINT ( 'NONE',  ( -11.03063915331193456, -5.094974746830584600, 5.845045092764129535 ) ) ;
#5140 = VERTEX_POINT ( 'NONE', #5176 ) ;
#5141 = CARTESIAN_POINT ( 'NONE',  ( -15.91735109057168529, 4.464683524513981538, 19.00000000000000000 ) ) ;
#5142 = CARTESIAN_POINT ( 'NONE',  ( -16.00000000000000000, 9.000000000000000000, 16.50000000000000000 ) ) ;
#5143 = CARTESIAN_POINT ( 'NONE',  ( -5.145150014755050627, -2.753747736707385929, 119.7870267074178798 ) ) ;
#5144 = CARTESIAN_POINT ( 'NONE',  ( -9.013353553039337385, -3.658651207309806086, 121.8758664981622815 ) ) ;
#5145 = CARTESIAN_POINT ( 'NONE',  ( -9.808031909792653380, 5.613673508252438715, 19.43531530741166691 ) ) ;
#5146 = CARTESIAN_POINT ( 'NONE',  ( -13.75252491781860975, 1.506268906529501184, 24.15118135527027121 ) ) ;
#5147 = CARTESIAN_POINT ( 'NONE',  ( -13.55208331336929817, 4.150587892391152778, 20.11606748320233606 ) ) ;
#5148 = CARTESIAN_POINT ( 'NONE',  ( 12.29426976275055239, 17.33056204646942788, 119.6209802687134811 ) ) ;
#5149 = VERTEX_POINT ( 'NONE', #5142 ) ;
#5150 = CARTESIAN_POINT ( 'NONE',  ( 14.91961973259953567, 16.94806377447332224, 121.2387506183535208 ) ) ;
#5151 = CARTESIAN_POINT ( 'NONE',  ( -10.03256339822524978, -8.596661448944198369, 121.7442658400000539 ) ) ;
#5152 = CARTESIAN_POINT ( 'NONE',  ( 24.80000000000000426, 8.999999999999996447, 19.00000000000000000 ) ) ;
#5153 =( BOUNDED_CURVE ( )  B_SPLINE_CURVE ( 3, ( #4199, #6228, #4739, #321 ),
 .UNSPECIFIED., .F., .T. ) 
 B_SPLINE_CURVE_WITH_KNOTS ( ( 4, 4 ),
 ( 0.5235987755982934866, 2.443460952792059437 ),
 .UNSPECIFIED. ) 
 CURVE ( )  GEOMETRIC_REPRESENTATION_ITEM ( )  RATIONAL_B_SPLINE_CURVE ( ( 1.000000000000000000, 0.7157176242340297367, 0.7157176242340297367, 1.000000000000000000 ) ) 
 REPRESENTATION_ITEM ( '' )  );
#5154 = CARTESIAN_POINT ( 'NONE',  ( 18.60445410312671299, 6.930408061994668856, 21.58276302612533826 ) ) ;
#5155 = CARTESIAN_POINT ( 'NONE',  ( 15.80094282213846846, 2.626230703491412743, 18.99999999999917577 ) ) ;
#5156 = CARTESIAN_POINT ( 'NONE',  ( -3.476333540291079771, 4.943236702086409196, 19.47410468763765579 ) ) ;
#5157 = CARTESIAN_POINT ( 'NONE',  ( -4.213073911629558133, 4.399401873555797593, 14.99999999999999467 ) ) ;
#5158 = CARTESIAN_POINT ( 'NONE',  ( -13.69882908106202102, 5.501637090263900909, 19.16487818207519211 ) ) ;
#5159 = CARTESIAN_POINT ( 'NONE',  ( 14.38521303283458508, -3.330940237683336136, 3.926154582353408973 ) ) ;
#5160 = ORIENTED_EDGE ( 'NONE', *, *, #4403, .T. ) ;
#5161 = LINE ( 'NONE', #743, #536 ) ;
#5162 = CARTESIAN_POINT ( 'NONE',  ( 7.475839986410191429, 7.747853360651508758, 119.6337044904570774 ) ) ;
#5163 = CARTESIAN_POINT ( 'NONE',  ( 4.883745519596746298, 4.284879617645582783, 20.31006583213483552 ) ) ;
#5164 = CARTESIAN_POINT ( 'NONE',  ( -12.18438626009967507, 5.265075640432272941, 19.62921658471179853 ) ) ;
#5165 = CARTESIAN_POINT ( 'NONE',  ( 0.4705788606333115576, -4.558878003588394456, 24.15118135527027832 ) ) ;
#5166 = ORIENTED_EDGE ( 'NONE', *, *, #2837, .F. ) ;
#5167 = CARTESIAN_POINT ( 'NONE',  ( 24.79999999999999005, 9.000000000000000000, 16.50000000000000000 ) ) ;
#5168 = CARTESIAN_POINT ( 'NONE',  ( 22.24750530798753445, 6.670892393575901025, 19.77021847803678511 ) ) ;
#5169 = CARTESIAN_POINT ( 'NONE',  ( 13.57650761616565127, 6.677289566153715050, 19.37080166202308718 ) ) ;
#5170 = CARTESIAN_POINT ( 'NONE',  ( 21.39136273750154515, 7.945244820343449810, 21.97604900273234563 ) ) ;
#5171 = B_SPLINE_CURVE_WITH_KNOTS ( 'NONE', 3,
 ( #1657, #5109, #133, #6076, #589, #4532, #3561, #5593, #5528, #4051, #6114, #1170, #203, #2110 ),
 .UNSPECIFIED., .F., .F.,
 ( 4, 2, 2, 2, 2, 2, 4 ),
 ( 0.0009040306207726610341, 0.001381226225259558774, 0.001858421829746456731, 0.002097019631989896493, 0.002335617434233335822, 0.002574215236476775151, 0.002812813038720214914 ),
 .UNSPECIFIED. ) ;
#5172 = CARTESIAN_POINT ( 'NONE',  ( -19.11253033521061084, -13.99145063748610873, 123.6728059033330993 ) ) ;
#5173 = CARTESIAN_POINT ( 'NONE',  ( 18.04888549541228926, 8.639275808587596472, 19.08083288285994783 ) ) ;
#5174 = ORIENTED_EDGE ( 'NONE', *, *, #2646, .F. ) ;
#5175 = CARTESIAN_POINT ( 'NONE',  ( -13.77463001052358216, 3.339369355484813173, 20.78022281018718687 ) ) ;
#5176 = CARTESIAN_POINT ( 'NONE',  ( -20.06677489291575256, -13.99145063748610518, 123.6221451582389648 ) ) ;
#5177 = CARTESIAN_POINT ( 'NONE',  ( 0.4976403082870973771, 2.844163863689746830, 119.9762762216929701 ) ) ;
#5178 = VECTOR ( 'NONE', #5284, 1000.000000000000000 ) ;
#5179 = CARTESIAN_POINT ( 'NONE',  ( -11.48767002733494991, -10.22235445386350428, 121.6438839798486526 ) ) ;
#5180 = CARTESIAN_POINT ( 'NONE',  ( 17.97394328042946299, 0.8978453459127337943, -0.1477749999792121183 ) ) ;
#5181 = CARTESIAN_POINT ( 'NONE',  ( -10.20107890098831938, 4.703309582319311843, 20.62268766306780066 ) ) ;
#5182 = CARTESIAN_POINT ( 'NONE',  ( -11.32907058399439748, -7.347190875293125423, 97.49437716547352295 ) ) ;
#5183 = CARTESIAN_POINT ( 'NONE',  ( -13.64859770063112165, 3.842095272183724486, 20.42071053657316426 ) ) ;
#5184 = CARTESIAN_POINT ( 'NONE',  ( 13.84286373337048559, -3.338874101518427562, 3.990692569307703774 ) ) ;
#5185 = ORIENTED_EDGE ( 'NONE', *, *, #2142, .T. ) ;
#5186 = FACE_OUTER_BOUND ( 'NONE', #2844, .T. ) ;
#5187 = CARTESIAN_POINT ( 'NONE',  ( -9.938585181831040671, -8.165079954162935749, 121.7533419394222989 ) ) ;
#5188 = CARTESIAN_POINT ( 'NONE',  ( 19.90752541248207308, 6.849999999999995204, 10.81811419226828619 ) ) ;
#5189 = DIRECTION ( 'NONE',  ( -0.6819983600625022513, 0.7313537016191670181, -1.485617761692451402E-16 ) ) ;
#5190 = CARTESIAN_POINT ( 'NONE',  ( 10.74507384460934745, -2.910147451902669768, 19.00000000000000000 ) ) ;
#5191 = CARTESIAN_POINT ( 'NONE',  ( -4.987025733578557940, 6.284092130950750033, 19.00000000000000000 ) ) ;
#5192 = CARTESIAN_POINT ( 'NONE',  ( -1.068826327807830268, 3.729560185402520212, 24.15118135527032450 ) ) ;
#5193 = CARTESIAN_POINT ( 'NONE',  ( -13.81843705956289448, 5.759854682281634553, 19.05615980558376066 ) ) ;
#5194 = CARTESIAN_POINT ( 'NONE',  ( 21.78362497260168951, 24.96247228545163566, 131.4999999999999716 ) ) ;
#5195 = ORIENTED_EDGE ( 'NONE', *, *, #1831, .F. ) ;
#5196 = DIRECTION ( 'NONE',  ( 0.000000000000000000, -0.8660254037844419273, -0.4999999999999944489 ) ) ;
#5197 = CARTESIAN_POINT ( 'NONE',  ( -0.6140687743475792271, -3.600597177673358740, 121.9906171126427807 ) ) ;
#5198 = MECHANICAL_DESIGN_GEOMETRIC_PRESENTATION_REPRESENTATION (  '', ( #3754 ), #6338 ) ;
#5199 = CARTESIAN_POINT ( 'NONE',  ( 5.600035416441749625, 5.286105721817394354, 19.33790253709309326 ) ) ;
#5200 = CARTESIAN_POINT ( 'NONE',  ( -12.38044832049901345, 4.481538630367858822, 20.61296410157430259 ) ) ;
#5201 = CARTESIAN_POINT ( 'NONE',  ( -3.376692817596324225, -5.546921639460945741, 42.40200746962051426 ) ) ;
#5202 = ORIENTED_EDGE ( 'NONE', *, *, #6255, .F. ) ;
#5203 = CARTESIAN_POINT ( 'NONE',  ( 21.78362497260167530, 24.96247228545164276, 122.8725862254972725 ) ) ;
#5204 = CARTESIAN_POINT ( 'NONE',  ( 21.93135339510454784, 7.033266493690543797, 20.49870898586614487 ) ) ;
#5205 = CARTESIAN_POINT ( 'NONE',  ( 21.43193352289416609, 7.959052367765774072, 21.97699019731679826 ) ) ;
#5206 = CARTESIAN_POINT ( 'NONE',  ( -11.58719223766006401, -1.353028936821767392, 21.68961274789048232 ) ) ;
#5207 = ORIENTED_EDGE ( 'NONE', *, *, #3675, .T. ) ;
#5208 = CARTESIAN_POINT ( 'NONE',  ( -14.12175902934240490, 3.671812888050426160, 19.91513794617569388 ) ) ;
#5209 = DIRECTION ( 'NONE',  ( -0.1126197424618103626, 0.7611709911701143305, -0.6386982979536907079 ) ) ;
#5210 = CARTESIAN_POINT ( 'NONE',  ( 1.079915499621667108, 3.471883923258902271, 121.9860874644751760 ) ) ;
#5211 = CARTESIAN_POINT ( 'NONE',  ( -2.809130750439353452, 2.267443564955869295, 122.0036190385575736 ) ) ;
#5212 = CARTESIAN_POINT ( 'NONE',  ( 12.71181381996554194, 17.36622447899936361, 119.1571517411526457 ) ) ;
#5213 = CARTESIAN_POINT ( 'NONE',  ( -9.921525338681242090, 4.835530802658025706, 20.35669579877314561 ) ) ;
#5214 = CARTESIAN_POINT ( 'NONE',  ( -12.63814800042996644, -4.729916091417369906, 70.05120874106589213 ) ) ;
#5215 = CARTESIAN_POINT ( 'NONE',  ( -15.08078001347910124, 5.611714205306675751, 19.00000000000000000 ) ) ;
#5216 = DIRECTION ( 'NONE',  ( -0.6819983600625022513, 0.7313537016191670181, -1.485617761692451402E-16 ) ) ;
#5217 = ORIENTED_EDGE ( 'NONE', *, *, #2752, .F. ) ;
#5218 = CARTESIAN_POINT ( 'NONE',  ( 14.74318794225053075, 16.32712694819650068, 121.2757832139536731 ) ) ;
#5219 = CARTESIAN_POINT ( 'NONE',  ( -11.88301538260358470, -6.908512377213079425, 121.7293901288362861 ) ) ;
#5220 = CARTESIAN_POINT ( 'NONE',  ( 12.99999999999999822, -4.749951326780577965, 1.468383512879777975 ) ) ;
#5221 = ADVANCED_FACE ( 'NONE', ( #3661 ), #5693, .F. ) ;
#5222 = LINE ( 'NONE', #2382, #4367 ) ;
#5223 = CARTESIAN_POINT ( 'NONE',  ( 17.36558062940310521, 1.033011277039678655, 19.00000000000001066 ) ) ;
#5224 = CARTESIAN_POINT ( 'NONE',  ( -5.894868187976165075, 5.483823238570789016, 19.28823327722727399 ) ) ;
#5225 = CARTESIAN_POINT ( 'NONE',  ( 0.6136481757433381867, 3.014514199917486259, 115.8311238661719926 ) ) ;
#5226 = EDGE_CURVE ( 'NONE', #3767, #4687, #1508, .T. ) ;
#5227 = CARTESIAN_POINT ( 'NONE',  ( -13.43926673582585174, 5.018701808857220392, 19.43451571504136410 ) ) ;
#5228 = CARTESIAN_POINT ( 'NONE',  ( 5.411723846944181737, 4.402062454252925860, 119.7815928111190686 ) ) ;
#5229 = EDGE_LOOP ( 'NONE', ( #2784, #183, #4528, #3272 ) ) ;
#5230 = CARTESIAN_POINT ( 'NONE',  ( 9.751654555055917939, 12.09709862698470495, 121.6450121723933222 ) ) ;
#5231 = B_SPLINE_CURVE_WITH_KNOTS ( 'NONE', 3,
 ( #2251, #5218, #4262, #807, #5150, #2319, #285, #4737, #4230, #2219 ),
 .UNSPECIFIED., .F., .F.,
 ( 4, 2, 2, 2, 4 ),
 ( 0.000000000000000000, 0.0004894459656823106197, 0.0009788919313646212393, 0.001468337897046931859, 0.001957783862729242479 ),
 .UNSPECIFIED. ) ;
#5232 = CARTESIAN_POINT ( 'NONE',  ( 6.441981620914822848, 5.096477498942495465, 19.54134192502250400 ) ) ;
#5233 = CARTESIAN_POINT ( 'NONE',  ( -13.23026391856403627, 6.355703409441979090, 19.00000000000000000 ) ) ;
#5234 = CARTESIAN_POINT ( 'NONE',  ( 17.39567457456805855, 4.539365955986659706, 24.15118135527031029 ) ) ;
#5235 = EDGE_LOOP ( 'NONE', ( #5291, #2502, #964, #1568 ) ) ;
#5236 = CARTESIAN_POINT ( 'NONE',  ( -11.70608084859520837, 6.949951326780577254, 9.675665299435893374 ) ) ;
#5237 = CARTESIAN_POINT ( 'NONE',  ( 12.53821606151646151, 17.23672762605175279, 121.3455271235153390 ) ) ;
#5238 = CARTESIAN_POINT ( 'NONE',  ( -15.89361645689546876, 0.6547290790069358879, 19.00000000000001421 ) ) ;
#5239 = EDGE_LOOP ( 'NONE', ( #5303, #2174, #5298, #604 ) ) ;
#5240 = CARTESIAN_POINT ( 'NONE',  ( -15.70475312245529764, 4.154080260602849073, 19.00000000000000000 ) ) ;
#5241 = EDGE_CURVE ( 'NONE', #22, #3247, #4188, .T. ) ;
#5242 = CIRCLE ( 'NONE', #4226, 0.7000000000000000666 ) ;
#5243 = CARTESIAN_POINT ( 'NONE',  ( 7.488327901873820913, 11.22446458957965909, 121.7443997860202245 ) ) ;
#5244 = CARTESIAN_POINT ( 'NONE',  ( 13.71426947202147772, 19.25654471965935244, 121.1910050804350050 ) ) ;
#5245 = CARTESIAN_POINT ( 'NONE',  ( -12.04597182304878800, -7.210693335918407776, 121.7161300195034102 ) ) ;
#5246 = CARTESIAN_POINT ( 'NONE',  ( -10.75505700599933157, 5.178154078986354492, 19.83346350764513844 ) ) ;
#5247 = CARTESIAN_POINT ( 'NONE',  ( -13.82678630188421565, 4.138596476431708915, 19.87655555049863310 ) ) ;
#5248 = DIRECTION ( 'NONE',  ( 0.1006236861255495052, -0.8149944846435557277, 0.5706652817467450234 ) ) ;
#5249 = DIRECTION ( 'NONE',  ( 0.000000000000000000, 0.7660444431189771253, -0.6427876096865403621 ) ) ;
#5250 = CARTESIAN_POINT ( 'NONE',  ( -50.00000000000000000, -6.949951326780578142, 9.675665299435898703 ) ) ;
#5251 = CARTESIAN_POINT ( 'NONE',  ( -9.676148236915967260, -9.122320847579672431, 121.7372942989282336 ) ) ;
#5252 = CARTESIAN_POINT ( 'NONE',  ( 13.47530111949570042, 3.335624286609732536, 3.854913883815521469 ) ) ;
#5253 = CARTESIAN_POINT ( 'NONE',  ( 24.03115657551620288, 8.999999999999998224, 19.00000000000000000 ) ) ;
#5254 = ADVANCED_FACE ( 'NONE', ( #3626 ), #1728, .T. ) ;
#5255 = CARTESIAN_POINT ( 'NONE',  ( 21.00158416684773854, 3.399091698979351150, 18.99999999999998934 ) ) ;
#5256 = CARTESIAN_POINT ( 'NONE',  ( -6.032091276612847608, 4.307745922718169140, 20.70426485694387608 ) ) ;
#5257 = CARTESIAN_POINT ( 'NONE',  ( -4.357516840927225132, 3.854957072418354169, 24.15118135527024279 ) ) ;
#5258 = CARTESIAN_POINT ( 'NONE',  ( -14.08064416208270764, 6.309062483646477482, 19.00000000000000000 ) ) ;
#5259 = CARTESIAN_POINT ( 'NONE',  ( 9.202294678388840410, 10.65789336332243664, 119.4728687302640822 ) ) ;
#5260 = VERTEX_POINT ( 'NONE', #2176 ) ;
#5261 = CARTESIAN_POINT ( 'NONE',  ( 8.553731715826543791, 9.998624437801536757, 121.7439454454460730 ) ) ;
#5262 = CARTESIAN_POINT ( 'NONE',  ( 4.728113440160847780, 5.827312146522655389, 19.06910230753118540 ) ) ;
#5263 = CARTESIAN_POINT ( 'NONE',  ( -12.77622235163755171, 6.195618108092822318, 19.05553769913582229 ) ) ;
#5264 = EDGE_CURVE ( 'NONE', #2318, #4427, #3699, .T. ) ;
#5265 = CARTESIAN_POINT ( 'NONE',  ( 8.464714664137638067, 5.692026308486749286, 97.49437716547339505 ) ) ;
#5266 = VERTEX_POINT ( 'NONE', #689 ) ;
#5267 = CARTESIAN_POINT ( 'NONE',  ( 14.38428087343136852, 18.06247228545155536, 121.1807253621139182 ) ) ;
#5268 = CARTESIAN_POINT ( 'NONE',  ( 12.79372058535188827, 16.97495053810903443, 119.0254513656491469 ) ) ;
#5269 = CARTESIAN_POINT ( 'NONE',  ( 21.41634497956812666, 7.953730388069830681, 21.97654273715789230 ) ) ;
#5270 = CARTESIAN_POINT ( 'NONE',  ( -13.48562081174438454, 1.868290726420135606, 18.99999999999995026 ) ) ;
#5271 = ORIENTED_EDGE ( 'NONE', *, *, #3251, .F. ) ;
#5272 = CARTESIAN_POINT ( 'NONE',  ( -13.82626942263415160, 2.817265300428324792, 21.45974090851693461 ) ) ;
#5273 = CARTESIAN_POINT ( 'NONE',  ( 23.41329580869010485, 5.261420824972019794, 18.99999999999998579 ) ) ;
#5274 = CARTESIAN_POINT ( 'NONE',  ( -10.96919382288019484, -13.99145063748610518, 123.0371422191622912 ) ) ;
#5275 = CARTESIAN_POINT ( 'NONE',  ( -12.27589762569672338, -8.398475886839003479, 121.6741794219178416 ) ) ;
#5276 =( NAMED_UNIT ( * ) SI_UNIT ( $, .STERADIAN. ) SOLID_ANGLE_UNIT ( ) );
#5277 = CARTESIAN_POINT ( 'NONE',  ( -10.28602401557573565, 5.626394337078868269, 19.43297177436411260 ) ) ;
#5278 = CARTESIAN_POINT ( 'NONE',  ( -13.56632097787943714, 3.559347104721920729, 21.35084527239920860 ) ) ;
#5279 = DIRECTION ( 'NONE',  ( 1.000000000000000000, 0.000000000000000000, -0.000000000000000000 ) ) ;
#5280 = ORIENTED_EDGE ( 'NONE', *, *, #5530, .F. ) ;
#5281 = DIRECTION ( 'NONE',  ( -0.7313537016191743456, -0.6819983600624942577, 0.000000000000000000 ) ) ;
#5282 = CARTESIAN_POINT ( 'NONE',  ( -10.02959514074840186, -7.746650682949977273, 119.4835717835087365 ) ) ;
#5283 = CARTESIAN_POINT ( 'NONE',  ( 17.39317371629045539, -1.101399574731807496, -3.441482870468123512 ) ) ;
#5284 = DIRECTION ( 'NONE',  ( 0.1126197424618092108, -0.7611709911701199927, 0.6386982979536840466 ) ) ;
#5285 = AXIS2_PLACEMENT_3D ( 'NONE', #1536, #2092, #2057 ) ;
#5286 = CARTESIAN_POINT ( 'NONE',  ( -11.17156698767087519, -5.385874850037470019, 6.644286557642074875 ) ) ;
#5287 = CARTESIAN_POINT ( 'NONE',  ( -6.630185710269608457, 6.165028649887895895, 19.05858134353783484 ) ) ;
#5288 = CARTESIAN_POINT ( 'NONE',  ( -4.172813058041096035, -2.369537299951347986, 125.0000000000000284 ) ) ;
#5289 = CARTESIAN_POINT ( 'NONE',  ( -13.46468809989970872, 5.004998314621973421, 19.43500127371812880 ) ) ;
#5290 = CARTESIAN_POINT ( 'NONE',  ( 21.83125115842291919, 7.830628523302307187, 21.76257232416267229 ) ) ;
#5291 = ORIENTED_EDGE ( 'NONE', *, *, #3332, .F. ) ;
#5292 = CARTESIAN_POINT ( 'NONE',  ( 1.329534318865355003, -1.313385006764038687, 122.0009542648835179 ) ) ;
#5293 = EDGE_CURVE ( 'NONE', #2132, #585, #275, .T. ) ;
#5294 = AXIS2_PLACEMENT_3D ( 'NONE', #988, #5041, #621 ) ;
#5295 = CARTESIAN_POINT ( 'NONE',  ( 2.385297076712916020, 4.114601890566926379, 20.27177428910345469 ) ) ;
#5296 = CARTESIAN_POINT ( 'NONE',  ( -12.53305435311871996, 4.925541845882673186, 19.83307973881813879 ) ) ;
#5297 = CARTESIAN_POINT ( 'NONE',  ( 11.26899682386389578, 9.557560375859484481, 97.49437716547343769 ) ) ;
#5298 = ORIENTED_EDGE ( 'NONE', *, *, #3519, .F. ) ;
#5299 = CARTESIAN_POINT ( 'NONE',  ( 12.79148007973018686, 17.04824397615838905, 119.3799661050299790 ) ) ;
#5300 = CARTESIAN_POINT ( 'NONE',  ( 21.44545287735662953, 7.963659361038381235, 21.97873446540270237 ) ) ;
#5301 = EDGE_CURVE ( 'NONE', #4682, #283, #3842, .T. ) ;
#5302 = CARTESIAN_POINT ( 'NONE',  ( -13.49569851584719515, 1.888766849101622514, 19.00000000000002487 ) ) ;
#5303 = ORIENTED_EDGE ( 'NONE', *, *, #449, .F. ) ;
#5304 = EDGE_CURVE ( 'NONE', #4295, #4889, #1841, .T. ) ;
#5305 = CARTESIAN_POINT ( 'NONE',  ( -13.84044638706633990, 2.681523995776825764, 21.47710716872198944 ) ) ;
#5306 = CARTESIAN_POINT ( 'NONE',  ( 10.50067357056829742, 15.24130025865354554, 121.5088069931015013 ) ) ;
#5307 = CARTESIAN_POINT ( 'NONE',  ( 17.50138448730526619, 24.96247228545159302, 123.6298996561571641 ) ) ;
#5308 = DIRECTION ( 'NONE',  ( 0.000000000000000000, -0.7071067811865489050, -0.7071067811865462405 ) ) ;
#5309 = CARTESIAN_POINT ( 'NONE',  ( -10.74884037931105318, 4.618391363277651429, 20.90795429731938171 ) ) ;
#5310 = CARTESIAN_POINT ( 'NONE',  ( -14.32117144994570346, 4.249278309230831496, 19.46070427126894486 ) ) ;
#5311 = CARTESIAN_POINT ( 'NONE',  ( -19.70398534195685158, -7.091450637486104824, 122.9441474005094221 ) ) ;
#5312 = ORIENTED_EDGE ( 'NONE', *, *, #1242, .F. ) ;
#5313 = CARTESIAN_POINT ( 'NONE',  ( -12.97313994386067471, 4.087504186492470382, 21.20305273096849419 ) ) ;
#5314 = CARTESIAN_POINT ( 'NONE',  ( -11.51466376919990964, -6.413625385027065917, 121.7533436574461518 ) ) ;
#5315 = DIRECTION ( 'NONE',  ( -0.7313537016191670181, -0.6819983600625021403, 0.000000000000000000 ) ) ;
#5316 = FACE_OUTER_BOUND ( 'NONE', #2701, .T. ) ;
#5317 = CARTESIAN_POINT ( 'NONE',  ( 19.74447778009225729, 18.06247228545161221, 128.3617785874147046 ) ) ;
#5318 = CARTESIAN_POINT ( 'NONE',  ( -7.978277307841275423, 4.825597613426185539, 20.11112528493086415 ) ) ;
#5319 = CARTESIAN_POINT ( 'NONE',  ( -9.245720031155117979, -1.131796175083237488, 70.05120874106592055 ) ) ;
#5320 = CARTESIAN_POINT ( 'NONE',  ( -13.36070679409465534, 4.803513902507836164, 19.63817782746379592 ) ) ;
#5321 = CARTESIAN_POINT ( 'NONE',  ( -50.00000000000000000, 9.000000000000000000, 16.50000000000000000 ) ) ;
#5322 = ORIENTED_EDGE ( 'NONE', *, *, #5846, .F. ) ;
#5323 = EDGE_CURVE ( 'NONE', #4583, #4838, #798, .T. ) ;
#5324 = CARTESIAN_POINT ( 'NONE',  ( -4.718872571381840686, -9.401097169087449856, 121.8535325727091845 ) ) ;
#5325 =( BOUNDED_CURVE ( )  B_SPLINE_CURVE ( 3, ( #893, #2856, #3868, #4351 ),
 .UNSPECIFIED., .F., .T. ) 
 B_SPLINE_CURVE_WITH_KNOTS ( ( 4, 4 ),
 ( 0.5235987755982878245, 1.174511675772881070 ),
 .UNSPECIFIED. ) 
 CURVE ( )  GEOMETRIC_REPRESENTATION_ITEM ( )  RATIONAL_B_SPLINE_CURVE ( ( 1.000000000000000000, 0.9650032527845047170, 0.9650032527845047170, 1.000000000000000000 ) ) 
 REPRESENTATION_ITEM ( '' )  );
#5326 = CARTESIAN_POINT ( 'NONE',  ( 3.248344628711812732, 3.907876970921869919, 20.90695419764222152 ) ) ;
#5327 = CARTESIAN_POINT ( 'NONE',  ( -13.00273107623332614, 4.518360357722442266, 20.08361622079068454 ) ) ;
#5328 = CARTESIAN_POINT ( 'NONE',  ( 15.18435692685571325, 5.984486979628322878, 42.40200746962067768 ) ) ;
#5329 = ORIENTED_EDGE ( 'NONE', *, *, #5293, .F. ) ;
#5330 = CARTESIAN_POINT ( 'NONE',  ( 13.14334414864986300, 16.93295976745902109, 120.4138021838874124 ) ) ;
#5331 = EDGE_CURVE ( 'NONE', #4719, #370, #2977, .T. ) ;
#5332 = CIRCLE ( 'NONE', #3067, 341.5000000000000000 ) ;
#5333 = CARTESIAN_POINT ( 'NONE',  ( -11.64900123948828892, -1.518929630741635117, 9.351950750036992943 ) ) ;
#5334 = CARTESIAN_POINT ( 'NONE',  ( -15.72954691057331900, 0.3350137957942894706, 19.00000000000002132 ) ) ;
#5335 = CARTESIAN_POINT ( 'NONE',  ( -11.37432965291649012, -5.000058535264182424, 70.05120874106587792 ) ) ;
#5336 = ORIENTED_EDGE ( 'NONE', *, *, #5692, .F. ) ;
#5337 = CARTESIAN_POINT ( 'NONE',  ( -15.13593065887506839, 3.913978548287145198, 19.18259652208427113 ) ) ;
#5338 = CARTESIAN_POINT ( 'NONE',  ( -11.26925723726087725, -13.99145063748610696, 123.0255682105479735 ) ) ;
#5339 = PLANE ( 'NONE',  #3013 ) ;
#5340 = APPLICATION_PROTOCOL_DEFINITION ( 'draft international standard', 'automotive_design', 1998, #6368 ) ;
#5341 = CARTESIAN_POINT ( 'NONE',  ( -10.76617369600603347, 6.177265974883822786, 19.16336794802257515 ) ) ;
#5342 = AXIS2_PLACEMENT_3D ( 'NONE', #2064, #4998, #1578 ) ;
#5343 = CARTESIAN_POINT ( 'NONE',  ( -13.68031744907412595, 3.552059471072024355, 20.74028961842381236 ) ) ;
#5344 = EDGE_CURVE ( 'NONE', #2481, #4838, #4794, .T. ) ;
#5345 = PLANE ( 'NONE',  #1891 ) ;
#5346 = LINE ( 'NONE', #2890, #4520 ) ;
#5347 = CARTESIAN_POINT ( 'NONE',  ( -10.06931603050529844, -7.797464575483433080, 119.4805223054345902 ) ) ;
#5348 = CARTESIAN_POINT ( 'NONE',  ( 19.43757827557831064, 24.96247228545161079, 123.9591227685817074 ) ) ;
#5349 = CIRCLE ( 'NONE', #3812, 334.5000000000000568 ) ;
#5350 = CARTESIAN_POINT ( 'NONE',  ( 23.65817232054858721, 5.474660741901679728, 18.99999999999998934 ) ) ;
#5351 = CARTESIAN_POINT ( 'NONE',  ( -6.855942788378629693, 4.307704843499562841, 21.30163584570474100 ) ) ;
#5352 = CARTESIAN_POINT ( 'NONE',  ( -7.654601677297465656, -4.509506926641988045, 115.8311238661720921 ) ) ;
#5353 = CARTESIAN_POINT ( 'NONE',  ( -13.05354443578366919, 4.077882237956268696, 20.93102050502073297 ) ) ;
#5354 = CARTESIAN_POINT ( 'NONE',  ( -15.12468049357562627, -2.881966011250104209, 16.00000000000000355 ) ) ;
#5355 = ORIENTED_EDGE ( 'NONE', *, *, #5692, .T. ) ;
#5356 = CARTESIAN_POINT ( 'NONE',  ( -6.664312048122280174, -8.188008036218869634, 119.9846019061017586 ) ) ;
#5357 = CARTESIAN_POINT ( 'NONE',  ( 3.231279686880397239, 4.148590880297923889, 20.28497704355780584 ) ) ;
#5358 = CARTESIAN_POINT ( 'NONE',  ( -13.67960636796854956, 5.828916929631820842, 19.05609241174165547 ) ) ;
#5359 = CARTESIAN_POINT ( 'NONE',  ( 18.72280849065201380, 11.81580631794958158, 70.05120874106602002 ) ) ;
#5360 = ORIENTED_EDGE ( 'NONE', *, *, #1750, .T. ) ;
#5361 = CARTESIAN_POINT ( 'NONE',  ( -13.10246260736749235, 2.500000000000000444, 14.99999999999999112 ) ) ;
#5362 =( BOUNDED_CURVE ( )  B_SPLINE_CURVE ( 3, ( #1186, #2160, #2570, #2599 ),
 .UNSPECIFIED., .F., .T. ) 
 B_SPLINE_CURVE_WITH_KNOTS ( ( 4, 4 ),
 ( 0.6981317007977380085, 2.530727415391779367 ),
 .UNSPECIFIED. ) 
 CURVE ( )  GEOMETRIC_REPRESENTATION_ITEM ( )  RATIONAL_B_SPLINE_CURVE ( ( 1.000000000000000000, 0.7391742860058150288, 0.7391742860058150288, 1.000000000000000000 ) ) 
 REPRESENTATION_ITEM ( '' )  );
#5363 = CARTESIAN_POINT ( 'NONE',  ( -0.3345415472778467958, -4.732611035794644927, 21.47146351845391266 ) ) ;
#5364 = CARTESIAN_POINT ( 'NONE',  ( -8.727833650350225625, -9.551578892656721109, 125.0000000000000000 ) ) ;
#5365 = ORIENTED_EDGE ( 'NONE', *, *, #3911, .F. ) ;
#5366 = CARTESIAN_POINT ( 'NONE',  ( -11.62716793068726417, -8.478057556838034969, 9.228127902771591451 ) ) ;
#5367 = LINE ( 'NONE', #4885, #2597 ) ;
#5368 = CARTESIAN_POINT ( 'NONE',  ( 8.236886262379808699, 5.127577377179579621, 121.8670589677860221 ) ) ;
#5369 = CARTESIAN_POINT ( 'NONE',  ( -10.29424454767297448, 4.844590273614846510, 20.35129136938224903 ) ) ;
#5370 = CARTESIAN_POINT ( 'NONE',  ( -13.90522606174718767, 3.692060023141545244, 20.16582357025476924 ) ) ;
#5371 = VERTEX_POINT ( 'NONE', #6285 ) ;
#5372 = DIRECTION ( 'NONE',  ( 0.6819983600625022513, -0.7313537016191671292, 1.485617761692451402E-16 ) ) ;
#5373 = CARTESIAN_POINT ( 'NONE',  ( 20.10382173831361996, 24.96247228545161789, 123.1453622571303015 ) ) ;
#5374 = EDGE_CURVE ( 'NONE', #4295, #4073, #4563, .T. ) ;
#5375 = CARTESIAN_POINT ( 'NONE',  ( 22.10150026241830190, 6.892771651662067178, 18.99999999999806377 ) ) ;
#5376 = CARTESIAN_POINT ( 'NONE',  ( -6.555253891794476928, 6.781830980772536321, 19.00000000000000000 ) ) ;
#5377 = CARTESIAN_POINT ( 'NONE',  ( -10.15742398483214437, 5.343375538761107713, 15.00000000000001599 ) ) ;
#5378 = CARTESIAN_POINT ( 'NONE',  ( -13.48941590191667572, 4.727307354229190572, 19.64241408891118112 ) ) ;
#5379 = CARTESIAN_POINT ( 'NONE',  ( -18.20363883569988417, -7.091450637486103936, 123.2724209597071052 ) ) ;
#5380 = ORIENTED_EDGE ( 'NONE', *, *, #1671, .T. ) ;
#5381 = CARTESIAN_POINT ( 'NONE',  ( -5.706169466109051847, 4.170024982363978339, 21.31005274250988180 ) ) ;
#5382 = CARTESIAN_POINT ( 'NONE',  ( -5.680734360898099133, -7.786111654829764639, 121.8653489166760977 ) ) ;
#5383 = AXIS2_PLACEMENT_3D ( 'NONE', #1290, #2767, #4357 ) ;
#5384 = CARTESIAN_POINT ( 'NONE',  ( -0.1721647308721727665, 3.774906790429017445, 21.48358211521706096 ) ) ;
#5385 = VECTOR ( 'NONE', #4019, 1000.000000000000000 ) ;
#5386 = CARTESIAN_POINT ( 'NONE',  ( -13.59727151640830201, 5.552861507421762433, 19.16468003786392771 ) ) ;
#5387 = CARTESIAN_POINT ( 'NONE',  ( 13.09311235499679604, 16.62830953290177405, 115.8311238661720921 ) ) ;
#5388 = VERTEX_POINT ( 'NONE', #1371 ) ;
#5389 = CARTESIAN_POINT ( 'NONE',  ( 13.28375825855152215, 16.87171524033085035, 120.6093261807614994 ) ) ;
#5390 = AXIS2_PLACEMENT_3D ( 'NONE', #3621, #195, #1688 ) ;
#5391 = CARTESIAN_POINT ( 'NONE',  ( -7.491984581414456557, -3.793991997439017272, 18.99999999999583267 ) ) ;
#5392 = CARTESIAN_POINT ( 'NONE',  ( -12.11291837496971446, 0.0005825420514078303788, 14.99999999999998579 ) ) ;
#5393 = EDGE_LOOP ( 'NONE', ( #106, #3892, #3886, #1164, #1836, #259, #678, #4280 ) ) ;
#5394 = CARTESIAN_POINT ( 'NONE',  ( 21.17787851883938899, 6.586968540217505996, 21.06739354486962057 ) ) ;
#5395 = CARTESIAN_POINT ( 'NONE',  ( 23.49258552155532342, 5.331361397681520842, 19.00000000000001421 ) ) ;
#5396 = EDGE_CURVE ( 'NONE', #154, #3475, #4820, .T. ) ;
#5397 = AXIS2_PLACEMENT_3D ( 'NONE', #2413, #4949, #5404 ) ;
#5398 = PLANE ( 'NONE',  #3438 ) ;
#5399 = CARTESIAN_POINT ( 'NONE',  ( 12.83850224364713455, 24.96247228545154329, 122.4550562787078718 ) ) ;
#5400 = CARTESIAN_POINT ( 'NONE',  ( -11.24912610116686906, 4.698765872452102421, 20.60656178719993648 ) ) ;
#5401 = CARTESIAN_POINT ( 'NONE',  ( -14.70129934715414066, 4.147172693432230162, 19.29581706962971310 ) ) ;
#5402 = CARTESIAN_POINT ( 'NONE',  ( 17.17021132614668488, 18.06247228545158379, 123.5737263903630065 ) ) ;
#5403 = CARTESIAN_POINT ( 'NONE',  ( 14.70734992492296733, 3.385297756010253067, 3.710943371231380183 ) ) ;
#5404 = DIRECTION ( 'NONE',  ( 4.625929269271486900E-15, 0.000000000000000000, 1.000000000000000000 ) ) ;
#5405 = CARTESIAN_POINT ( 'NONE',  ( 21.06457333710141100, 6.036234942839467266, 18.99999999999707612 ) ) ;
#5406 = CARTESIAN_POINT ( 'NONE',  ( -8.725645256148542472, 4.900830713002073402, 20.10094861797117005 ) ) ;
#5407 = CARTESIAN_POINT ( 'NONE',  ( -11.39803945784321293, 1.877000511166454277, 42.40200746962063505 ) ) ;
#5408 = CARTESIAN_POINT ( 'NONE',  ( -13.08843458809341875, 4.056326389891141027, 20.93566303954579055 ) ) ;
#5409 = CARTESIAN_POINT ( 'NONE',  ( -13.10246260736749413, -2.500000000000000000, 14.99999999999999112 ) ) ;
#5410 = ORIENTED_EDGE ( 'NONE', *, *, #3287, .F. ) ;
#5411 = CARTESIAN_POINT ( 'NONE',  ( -7.897871923259701887, 4.436284891092959981, 21.25204091500304315 ) ) ;
#5412 = ADVANCED_FACE ( 'NONE', ( #3864 ), #5823, .T. ) ;
#5413 = EDGE_CURVE ( 'NONE', #1267, #4344, #5367, .T. ) ;
#5414 = CARTESIAN_POINT ( 'NONE',  ( -6.319246715299922101, -8.168993025746694059, 121.8438683750311071 ) ) ;
#5415 = EDGE_CURVE ( 'NONE', #3032, #5515, #62, .T. ) ;
#5416 = CARTESIAN_POINT ( 'NONE',  ( -0.1527244958657358598, 5.020506767090084033, 19.31294837087854432 ) ) ;
#5417 = CARTESIAN_POINT ( 'NONE',  ( -13.35612088978739109, 5.060622056104947752, 19.43419696601160851 ) ) ;
#5418 = CARTESIAN_POINT ( 'NONE',  ( 15.31344900094005901, 15.56584325222347509, 97.49437716547330979 ) ) ;
#5419 = ORIENTED_EDGE ( 'NONE', *, *, #4437, .T. ) ;
#5420 = CARTESIAN_POINT ( 'NONE',  ( 14.77958243980702413, 18.06247228545164774, 121.1934638140992035 ) ) ;
#5421 = EDGE_CURVE ( 'NONE', #5054, #462, #1695, .T. ) ;
#5422 = CARTESIAN_POINT ( 'NONE',  ( -3.962630889505479814, -4.772988362946417595, 18.99999999999833378 ) ) ;
#5423 = CARTESIAN_POINT ( 'NONE',  ( -10.81439133459707236, -1.410406924211836222, 14.99999999999998224 ) ) ;
#5424 = VERTEX_POINT ( 'NONE', #1975 ) ;
#5425 = CARTESIAN_POINT ( 'NONE',  ( -13.83275307547076949, 2.314614014261904273, 21.55439178180893833 ) ) ;
#5426 = CARTESIAN_POINT ( 'NONE',  ( 23.42921369570086298, 5.275345217024289823, 18.99999999999998934 ) ) ;
#5427 = DIRECTION ( 'NONE',  ( 0.000000000000000000, 0.000000000000000000, -1.000000000000000000 ) ) ;
#5428 = CARTESIAN_POINT ( 'NONE',  ( 13.90122756112534042, 14.78044649191531867, 121.3829256472605493 ) ) ;
#5429 = CARTESIAN_POINT ( 'NONE',  ( -11.54875779669996483, 4.816518866264131837, 20.33662721090109926 ) ) ;
#5430 = CARTESIAN_POINT ( 'NONE',  ( -13.82509597669244350, 3.555272121599950541, 20.46587004156127065 ) ) ;
#5431 = CARTESIAN_POINT ( 'NONE',  ( 28.53686274674613443, 18.06247228545170458, 121.8497934434722652 ) ) ;
#5432 = CARTESIAN_POINT ( 'NONE',  ( -15.84980424910208185, 4.605389989792882055, 19.00000000000001066 ) ) ;
#5433 = PRESENTATION_STYLE_ASSIGNMENT (( #5710 ) ) ;
#5434 = CARTESIAN_POINT ( 'NONE',  ( 11.92325469027253781, 17.68808651000400900, 120.7173359194601403 ) ) ;
#5435 = CARTESIAN_POINT ( 'NONE',  ( -9.286071904120781539, 4.804975735934183589, 20.36610930100125216 ) ) ;
#5436 = CARTESIAN_POINT ( 'NONE',  ( -12.98525469082898631, 1.291560794747586449, 42.40200746962067768 ) ) ;
#5437 = CARTESIAN_POINT ( 'NONE',  ( -14.32025247455741201, 5.442987510342867097, 19.05732519450469198 ) ) ;
#5438 = CARTESIAN_POINT ( 'NONE',  ( -11.76661714627018718, -7.359102268665040469, 10.01898370386698822 ) ) ;
#5439 = ORIENTED_EDGE ( 'NONE', *, *, #40, .T. ) ;
#5440 = CARTESIAN_POINT ( 'NONE',  ( -11.25672064626204794, -4.696178767820459399, 7.127216953484122541 ) ) ;
#5441 = CARTESIAN_POINT ( 'NONE',  ( -4.922255851224422329, -7.160141136178040711, 119.9969547711332751 ) ) ;
#5442 = AXIS2_PLACEMENT_3D ( 'NONE', #3258, #1348, #6154 ) ;
#5443 = EDGE_CURVE ( 'NONE', #3140, #4571, #3036, .T. ) ;
#5444 = CARTESIAN_POINT ( 'NONE',  ( -0.5362030305065278446, 6.280838924693091130, 19.00000000000000000 ) ) ;
#5445 = CARTESIAN_POINT ( 'NONE',  ( -12.95086646381163575, 4.233413831562203633, 20.62517359014357865 ) ) ;
#5446 = CARTESIAN_POINT ( 'NONE',  ( 20.84350420303050910, 4.952722964948386597, 15.00000000000000533 ) ) ;
#5447 = ORIENTED_EDGE ( 'NONE', *, *, #4274, .F. ) ;
#5448 = CARTESIAN_POINT ( 'NONE',  ( 21.05092430867108533, 11.82851573517183574, 42.40200746962064926 ) ) ;
#5449 = DIRECTION ( 'NONE',  ( 1.000000000000000000, 0.000000000000000000, 0.000000000000000000 ) ) ;
#5450 = CARTESIAN_POINT ( 'NONE',  ( -4.765361939125778434, -4.636709579273730952, 19.00000000000169109 ) ) ;
#5451 = CARTESIAN_POINT ( 'NONE',  ( 11.19923735447916435, 6.145526820474288776, 19.36110947300064211 ) ) ;
#5452 = CARTESIAN_POINT ( 'NONE',  ( -5.864785525784466991, -4.758694935905722900, 70.05120874106631845 ) ) ;
#5453 = ORIENTED_EDGE ( 'NONE', *, *, #3211, .T. ) ;
#5454 = CARTESIAN_POINT ( 'NONE',  ( -5.472537643601385504, -4.555839504865408784, 21.57532655370294350 ) ) ;
#5455 = CARTESIAN_POINT ( 'NONE',  ( -9.591627910655780909, -7.689106771040576049, 121.7737211879069434 ) ) ;
#5456 = CARTESIAN_POINT ( 'NONE',  ( 21.83233219286169202, 7.148253365888329824, 21.06049963739575048 ) ) ;
#5457 = DIRECTION ( 'NONE',  ( 1.000000000000000000, 0.000000000000000000, 0.000000000000000000 ) ) ;
#5458 = CARTESIAN_POINT ( 'NONE',  ( -14.30545772901652057, -2.024379419954149384, 19.00000000000001066 ) ) ;
#5459 = CARTESIAN_POINT ( 'NONE',  ( -11.90927479538065192, 4.612976080372134469, 20.60528237905018401 ) ) ;
#5460 = CARTESIAN_POINT ( 'NONE',  ( -13.93280234061171541, 3.635760887475561809, 20.17365837042578747 ) ) ;
#5461 = FACE_OUTER_BOUND ( 'NONE', #4692, .T. ) ;
#5462 = CARTESIAN_POINT ( 'NONE',  ( 2.873102216392701802, 6.341895305420508500, 19.00000000000000711 ) ) ;
#5463 = CARTESIAN_POINT ( 'NONE',  ( -11.15053510660261971, -5.978166588124042669, 121.7745872640572173 ) ) ;
#5464 = CARTESIAN_POINT ( 'NONE',  ( 21.78362497260167530, 24.96247228545164276, 120.3602710079574649 ) ) ;
#5465 = DIRECTION ( 'NONE',  ( -0.7313537016191670181, -0.6819983600625022513, 0.000000000000000000 ) ) ;
#5466 = CARTESIAN_POINT ( 'NONE',  ( -8.939145171624101494, 4.523688626860488782, 21.24876916981544994 ) ) ;
#5467 = CARTESIAN_POINT ( 'NONE',  ( -13.44621598264457774, 4.486055234848885576, 15.00000000000000711 ) ) ;
#5468 = CARTESIAN_POINT ( 'NONE',  ( -13.80210405981395461, 5.109585699950071280, 19.27643507121253563 ) ) ;
#5469 = CARTESIAN_POINT ( 'NONE',  ( -13.63320303453476967, 3.446988025526472654, 21.36521730665840479 ) ) ;
#5470 = ORIENTED_EDGE ( 'NONE', *, *, #2549, .T. ) ;
#5471 = CARTESIAN_POINT ( 'NONE',  ( 23.78087987260934355, 8.999999999999996447, 18.99999999999997868 ) ) ;
#5472 = B_SPLINE_CURVE_WITH_KNOTS ( 'NONE', 3,
 ( #4348, #4821, #2463, #4436, #2489, #4, #1010, #4466, #2374, #6311, #1401, #1514, #2068, #4495, #5102, #1163, #3521, #5552, #6000, #6068, #584, #1095, #3070, #4044, #3037, #3139, #4080, #5521, #1582, #33, #3004, #3556, #1129, #2551, #5036, #5489, #1067, #4114, #5001, #5586, #3588, #5458, #3986, #5935, #4588, #2009, #1651, #2105, #6031, #3493, #4527, #63 ),
 .UNSPECIFIED., .F., .F.,
 ( 4, 2, 2, 2, 2, 2, 2, 2, 2, 2, 2, 2, 2, 2, 2, 2, 2, 2, 2, 2, 2, 2, 2, 2, 2, 4 ),
 ( 0.000000000000000000, 0.001436055759691681191, 0.002872111519383362382, 0.004308167279075043356, 0.005744223038766725631, 0.008616334558150097120, 0.01148844607753347034, 0.01723266911630022200, 0.02010478063568359869, 0.02297689215506696844, 0.02584900367445034514, 0.02728505943414202828, 0.02872111519383371489, 0.03159322671321708464, 0.03302928247290877473, 0.03446533823260045787, 0.03733744975198382415, 0.03877350551167551423, 0.04020956127136719738, 0.04164561703105887358, 0.04236364491090471862, 0.04308167279075055672, 0.04451772855044223293, 0.04523575643028806409, 0.04559477037021098661, 0.04595378431013390913 ),
 .UNSPECIFIED. ) ;
#5473 = CARTESIAN_POINT ( 'NONE',  ( -1.010811840319145061, 4.310223242346923556, 19.94544163391408276 ) ) ;
#5474 = CARTESIAN_POINT ( 'NONE',  ( -13.77567693046603203, 5.781373250261539809, 19.05614041493834065 ) ) ;
#5475 = CARTESIAN_POINT ( 'NONE',  ( 13.18335046343428552, 16.79834946241481219, 115.8311238661720921 ) ) ;
#5476 = ORIENTED_EDGE ( 'NONE', *, *, #928, .T. ) ;
#5477 = CARTESIAN_POINT ( 'NONE',  ( 13.26029307854658335, 16.94263557682511845, 115.8311238661720921 ) ) ;
#5478 = DIRECTION ( 'NONE',  ( 0.000000000000000000, 0.000000000000000000, -1.000000000000000000 ) ) ;
#5479 = ADVANCED_FACE ( 'NONE', ( #465 ), #5398, .F. ) ;
#5480 = VECTOR ( 'NONE', #5643, 1000.000000000000000 ) ;
#5481 = CARTESIAN_POINT ( 'NONE',  ( 8.932792068356413040, 4.972826328999803813, 20.06693012601595072 ) ) ;
#5482 = CARTESIAN_POINT ( 'NONE',  ( -9.559804995924622517, -5.170635686422922817, 70.05120874106619056 ) ) ;
#5483 = VERTEX_POINT ( 'NONE', #2517 ) ;
#5484 = CARTESIAN_POINT ( 'NONE',  ( 19.44580079374922121, 5.321196709443594131, 21.08652782479012444 ) ) ;
#5485 = CIRCLE ( 'NONE', #351, 0.6999999999999994005 ) ;
#5487 = EDGE_CURVE ( 'NONE', #5984, #1879, #492, .T. ) ;
#5486 = CARTESIAN_POINT ( 'NONE',  ( -11.21678271529809301, -6.057306334905021572, 121.7707981809340794 ) ) ;
#5488 = CARTESIAN_POINT ( 'NONE',  ( 22.16508080117511525, 7.208919340126348274, 18.99999999999594635 ) ) ;
#5489 = CARTESIAN_POINT ( 'NONE',  ( -11.88017453745140806, -4.353288988363279266, 19.00000000000000355 ) ) ;
#5490 = EDGE_CURVE ( 'NONE', #534, #4158, #4435, .T. ) ;
#5491 = VERTEX_POINT ( 'NONE', #3926 ) ;
#5492 = CARTESIAN_POINT ( 'NONE',  ( -14.52248879789298996, 3.898966734812745027, 19.47417085348273957 ) ) ;
#5493 = FACE_OUTER_BOUND ( 'NONE', #5239, .T. ) ;
#5494 = CARTESIAN_POINT ( 'NONE',  ( -13.71862150502144573, 1.885072081004354416, 21.67141539590284438 ) ) ;
#5495 = AXIS2_PLACEMENT_3D ( 'NONE', #3808, #810, #3323 ) ;
#5496 = CARTESIAN_POINT ( 'NONE',  ( -9.164770107723080983, -7.175423519524777305, 121.7975465774632369 ) ) ;
#5497 = DIRECTION ( 'NONE',  ( 1.000000000000000000, 0.000000000000000000, 0.000000000000000000 ) ) ;
#5498 = CARTESIAN_POINT ( 'NONE',  ( -13.10246260736749413, -2.500000000000000000, 14.99999999999999112 ) ) ;
#5499 = CARTESIAN_POINT ( 'NONE',  ( -8.608010236580639685, 6.377391650608729812, 19.05704783301858996 ) ) ;
#5500 = CARTESIAN_POINT ( 'NONE',  ( -14.07846034061658358, 0.3926661629235515538, 42.40200746962064926 ) ) ;
#5501 = CARTESIAN_POINT ( 'NONE',  ( -13.97885765041300488, 4.982272275745364354, 19.27898236080057259 ) ) ;
#5502 = CARTESIAN_POINT ( 'NONE',  ( -16.00000000000000000, -9.573965526745718435, 19.00000000000000000 ) ) ;
#5503 = ORIENTED_EDGE ( 'NONE', *, *, #655, .F. ) ;
#5504 = CARTESIAN_POINT ( 'NONE',  ( 15.00000000000000000, -4.749951326780577965, 1.468383512879778419 ) ) ;
#5505 = CARTESIAN_POINT ( 'NONE',  ( -0.5446913079242218236, 5.956024844299785848, 19.00000000000000000 ) ) ;
#5506 = CARTESIAN_POINT ( 'NONE',  ( 19.61231094793247109, 6.019210868312440788, 15.00000000000001066 ) ) ;
#5507 = CARTESIAN_POINT ( 'NONE',  ( -13.42453021479709285, 5.026182530073517896, 19.43446197205487991 ) ) ;
#5508 = CARTESIAN_POINT ( 'NONE',  ( -50.00000000000000000, -6.500000000000000000, 10.21189640961918244 ) ) ;
#5509 = ORIENTED_EDGE ( 'NONE', *, *, #1003, .T. ) ;
#5510 = EDGE_CURVE ( 'NONE', #4068, #3762, #3809, .T. ) ;
#5511 = CARTESIAN_POINT ( 'NONE',  ( 12.97959818217609929, 17.25595412493054681, 115.8311238661720921 ) ) ;
#5512 = CARTESIAN_POINT ( 'NONE',  ( -15.00399387149481711, -13.99145063748610873, 130.8832197057562610 ) ) ;
#5513 = CARTESIAN_POINT ( 'NONE',  ( 11.41123832816144201, 5.126366981787414012, 20.74021751437011218 ) ) ;
#5514 = CARTESIAN_POINT ( 'NONE',  ( -9.009546113346365459, -7.461535601256707118, 97.49437716547328137 ) ) ;
#5515 = VERTEX_POINT ( 'NONE', #2550 ) ;
#5516 = CARTESIAN_POINT ( 'NONE',  ( -5.047237561573291842, -4.647121540120519256, 21.56609240793778781 ) ) ;
#5517 = CARTESIAN_POINT ( 'NONE',  ( 21.40322035508937404, 2.525031880153679520, 15.30194029698432523 ) ) ;
#5518 = CARTESIAN_POINT ( 'NONE',  ( 24.36830967206863008, 6.815582981364843640, 18.99999999999998934 ) ) ;
#5519 = CARTESIAN_POINT ( 'NONE',  ( -50.00000000000000000, -2.500000000000000000, 14.99999999999999112 ) ) ;
#5520 = CARTESIAN_POINT ( 'NONE',  ( 16.92599227379459492, 6.808354789650944205, 20.15806465547645487 ) ) ;
#5521 = CARTESIAN_POINT ( 'NONE',  ( -5.296675260567488053, -7.144121173625469723, 18.99999999999999645 ) ) ;
#5522 = ORIENTED_EDGE ( 'NONE', *, *, #2256, .T. ) ;
#5523 = CARTESIAN_POINT ( 'NONE',  ( -14.50837519781892659, 3.928023421945586069, 19.47324167929104632 ) ) ;
#5524 = CARTESIAN_POINT ( 'NONE',  ( -13.67976887797917485, 1.800669051041528856, 21.68918229884827298 ) ) ;
#5525 = VECTOR ( 'NONE', #941, 1000.000000000000000 ) ;
#5526 = CARTESIAN_POINT ( 'NONE',  ( -25.19999999999999574, -7.091450637486111930, 122.6874228579374346 ) ) ;
#5527 = CARTESIAN_POINT ( 'NONE',  ( -8.796999838843873931, -6.736621687710901973, 121.8169198717952071 ) ) ;
#5528 = CARTESIAN_POINT ( 'NONE',  ( 18.42749010546170396, 18.06247228545160155, 123.9854944633802916 ) ) ;
#5529 = DIRECTION ( 'NONE',  ( -0.7313537016191670181, -0.6819983600625021403, 0.000000000000000000 ) ) ;
#5530 = EDGE_CURVE ( 'NONE', #3267, #1314, #2912, .T. ) ;
#5531 = CARTESIAN_POINT ( 'NONE',  ( -8.910730963503484148, 4.917278490361547405, 20.09848930767808639 ) ) ;
#5532 = CARTESIAN_POINT ( 'NONE',  ( -12.42425295867862545, -6.117572164322201189, 97.49437716547346611 ) ) ;
#5533 = CARTESIAN_POINT ( 'NONE',  ( -13.54966735558643265, 4.403076302685283494, 19.85674272661276163 ) ) ;
#5534 = DIRECTION ( 'NONE',  ( -0.000000000000000000, 1.000000000000000000, -0.000000000000000000 ) ) ;
#5535 = EDGE_LOOP ( 'NONE', ( #333, #3689, #4515, #5067 ) ) ;
#5536 = CARTESIAN_POINT ( 'NONE',  ( 22.06321926271571954, 8.999999999999998224, 19.40178759889692373 ) ) ;
#5537 = DIRECTION ( 'NONE',  ( -1.000000000000000000, 0.000000000000000000, -0.000000000000000000 ) ) ;
#5538 = CARTESIAN_POINT ( 'NONE',  ( 18.41655392016015469, 7.508271747749081015, 19.89580050206700435 ) ) ;
#5539 = CARTESIAN_POINT ( 'NONE',  ( -0.9840795466294369742, 5.047011220689935129, 19.30928259567348704 ) ) ;
#5540 = CARTESIAN_POINT ( 'NONE',  ( 12.31297036665683642, 16.56815864625748347, 115.8311238661720921 ) ) ;
#5541 = CARTESIAN_POINT ( 'NONE',  ( -12.93995169269386558, 4.101373722336990824, 21.22427567561614481 ) ) ;
#5542 = CARTESIAN_POINT ( 'NONE',  ( 21.07692029591462557, 8.999999999999998224, 19.39858166588685151 ) ) ;
#5543 = ORIENTED_EDGE ( 'NONE', *, *, #633, .T. ) ;
#5544 = CARTESIAN_POINT ( 'NONE',  ( 11.74608766862620080, 17.75100817780478479, 125.0000000000000000 ) ) ;
#5545 = CARTESIAN_POINT ( 'NONE',  ( -13.63320303453476967, 3.446988025526472654, 21.36521730665840479 ) ) ;
#5546 = CARTESIAN_POINT ( 'NONE',  ( 11.13408362466322288, 6.458853292128385881, 19.21795501298142739 ) ) ;
#5547 = CARTESIAN_POINT ( 'NONE',  ( 3.737597568925957958, 1.478432836066519096, 115.8311238661723195 ) ) ;
#5548 = VERTEX_POINT ( 'NONE', #1458 ) ;
#5549 = CARTESIAN_POINT ( 'NONE',  ( 21.86569432769440624, 7.108525079168757976, 20.77086760083969352 ) ) ;
#5550 = CARTESIAN_POINT ( 'NONE',  ( -10.66504289757859070, 3.283141051426097690, 3.771645694303320528 ) ) ;
#5551 = CARTESIAN_POINT ( 'NONE',  ( 23.71621761627272562, 5.556792157287785194, 19.00000000000000711 ) ) ;
#5552 = CARTESIAN_POINT ( 'NONE',  ( 5.430881729696843685, -5.551901859570819830, 19.00000000000000000 ) ) ;
#5553 = EDGE_LOOP ( 'NONE', ( #3330, #4147, #2069, #1827, #1368, #2869, #3411, #4212, #713, #4912, #1575 ) ) ;
#5554 = CARTESIAN_POINT ( 'NONE',  ( -14.75517265882348283, 4.042349070390197419, 19.29830671120134866 ) ) ;
#5555 = CARTESIAN_POINT ( 'NONE',  ( -12.37776132831764109, 6.928447365503076938, 19.00000000000000711 ) ) ;
#5556 =( BOUNDED_SURFACE ( )  B_SPLINE_SURFACE ( 3, 2, ( 
 ( #5759, #6252, #5273 ),
 ( #6284, #2820, #1860 ),
 ( #3832, #918, #5426 ),
 ( #5850, #2488, #31 ),
 ( #4914, #4883, #1974 ),
 ( #4434, #2007, #3924 ),
 ( #5456, #2, #551 ),
 ( #3436, #1037, #3002 ),
 ( #2516, #4493, #5395 ),
 ( #978, #159, #1093 ),
 ( #2678, #3035, #3518 ),
 ( #1065, #3553, #646 ),
 ( #3136, #2580, #5551 ),
 ( #3172, #125, #1160 ),
 ( #5583, #682, #4654 ),
 ( #1544, #6066, #5996 ),
 ( #4145, #5488, #4556 ),
 ( #2034, #5962, #3657 ),
 ( #2101, #1580, #5518 ),
 ( #6104, #3066, #2643 ),
 ( #5137, #5099, #5062 ),
 ( #1687, #718, #4010 ),
 ( #4999, #5620, #4042 ),
 ( #1199, #582, #4617 ),
 ( #2548, #4586, #194 ),
 ( #2172, #4525, #1126 ),
 ( #5033, #612, #91 ),
 ( #2065, #4078, #6029 ),
 ( #1615, #3100, #2135 ),
 ( #3584, #2608, #4110 ),
 ( #1648, #3620, #4315 ),
 ( #1337, #2714, #5654 ),
 ( #3730, #1235, #4758 ),
 ( #4690, #231, #790 ),
 ( #2306, #1856, #2237 ),
 ( #2812, #1366, #305 ),
 ( #5300, #4183, #3275 ),
 ( #2274, #4215, #368 ),
 ( #2847, #1270, #3244 ),
 ( #5205, #4248, #1723 ),
 ( #6141, #269, #6175 ),
 ( #856, #4284, #1825 ),
 ( #6210, #3309, #6247 ),
 ( #1757, #3795, #5754 ),
 ( #5269, #2206, #6278 ),
 ( #3339, #884, #3205 ),
 ( #5170, #754, #5688 ),
 ( #3446, #4829, #927 ) ),
 .UNSPECIFIED., .F., .F., .F. ) 
 B_SPLINE_SURFACE_WITH_KNOTS ( ( 4, 2, 2, 2, 2, 2, 2, 2, 2, 2, 2, 2, 2, 2, 2, 2, 2, 2, 2, 2, 2, 2, 2, 4 ),
 ( 3, 3 ),
 ( 0.004193353272734804717, 0.004225076292329366795, 0.004240937802126647400, 0.004256799311923928006, 0.004320245351113052162, 0.004447137429491300475, 0.004700921586247797102, 0.005208489899760788619, 0.005716058213273781004, 0.006223626526786773389, 0.006731194840299764906, 0.007238763153812757291, 0.008253899780838741193, 0.009269036407864725963, 0.01028417303489070900, 0.01129930966191669203, 0.01180687797542968528, 0.01206066213218618191, 0.01218755421056443022, 0.01225100024975355265, 0.01225893100465219251, 0.01226686175955083412, 0.01228272326934811559, 0.01231444628894267680 ),
 ( 0.000000000000000000, 1.000000000000000000 ),
 .UNSPECIFIED. ) 
 GEOMETRIC_REPRESENTATION_ITEM ( )  RATIONAL_B_SPLINE_SURFACE ( (
 ( 1.000000000000000000, 0.7667031543392582860, 1.000000000000000000),
 ( 1.000000000000000000, 0.7667270261993274216, 1.000000000000000000),
 ( 1.000000000000000000, 0.7667508954164532486, 1.000000000000000000),
 ( 1.000000000000000000, 0.7667866952765861610, 1.000000000000000000),
 ( 1.000000000000000000, 0.7667986279023686347, 1.000000000000000000),
 ( 1.000000000000000000, 0.7668224918318629069, 1.000000000000000000),
 ( 1.000000000000000000, 0.7667464221022481929, 1.000000000000000000),
 ( 1.000000000000000000, 0.7664598446156548617, 1.000000000000000000),
 ( 1.000000000000000000, 0.7662260405565890498, 1.000000000000000000),
 ( 1.000000000000000000, 0.7655110000420033423, 1.000000000000000000),
 ( 1.000000000000000000, 0.7650161417104736072, 1.000000000000000000),
 ( 1.000000000000000000, 0.7634768257699932059, 1.000000000000000000),
 ( 1.000000000000000000, 0.7623730811879468883, 1.000000000000000000),
 ( 1.000000000000000000, 0.7588753880789886885, 1.000000000000000000),
 ( 1.000000000000000000, 0.7563048289029888904, 1.000000000000000000),
 ( 1.000000000000000000, 0.7506925985837412663, 1.000000000000000000),
 ( 1.000000000000000000, 0.7476229922937210892, 1.000000000000000000),
 ( 1.000000000000000000, 0.7411101137851129339, 1.000000000000000000),
 ( 1.000000000000000000, 0.7376983343373955115, 1.000000000000000000),
 ( 1.000000000000000000, 0.7305578212272365590, 1.000000000000000000),
 ( 1.000000000000000000, 0.7267925288107315307, 1.000000000000000000),
 ( 1.000000000000000000, 0.7191076719581538379, 1.000000000000000000),
 ( 1.000000000000000000, 0.7152046469550157326, 1.000000000000000000),
 ( 1.000000000000000000, 0.7033085421815390426, 1.000000000000000000),
 ( 1.000000000000000000, 0.6950355972054865772, 1.000000000000000000),
 ( 1.000000000000000000, 0.6794313896302225375, 1.000000000000000000),
 ( 1.000000000000000000, 0.6718005303009333407, 1.000000000000000000),
 ( 1.000000000000000000, 0.6583264164515472139, 1.000000000000000000),
 ( 1.000000000000000000, 0.6523037938428595250, 1.000000000000000000),
 ( 1.000000000000000000, 0.6428954304375720241, 1.000000000000000000),
 ( 1.000000000000000000, 0.6393825575312860332, 1.000000000000000000),
 ( 1.000000000000000000, 0.6364761541215064877, 1.000000000000000000),
 ( 1.000000000000000000, 0.6358785758812794953, 1.000000000000000000),
 ( 1.000000000000000000, 0.6355828612996771154, 1.000000000000000000),
 ( 1.000000000000000000, 0.6355844152928569191, 1.000000000000000000),
 ( 1.000000000000000000, 0.6357343943611964976, 1.000000000000000000),
 ( 1.000000000000000000, 0.6358090253906240052, 1.000000000000000000),
 ( 1.000000000000000000, 0.6359578688280924652, 1.000000000000000000),
 ( 1.000000000000000000, 0.6360136345125221302, 1.000000000000000000),
 ( 1.000000000000000000, 0.6360832969009488913, 1.000000000000000000),
 ( 1.000000000000000000, 0.6360911333690598690, 1.000000000000000000),
 ( 1.000000000000000000, 0.6361069987471895670, 1.000000000000000000),
 ( 1.000000000000000000, 0.6361148347655742885, 1.000000000000000000),
 ( 1.000000000000000000, 0.6361381175334290816, 1.000000000000000000),
 ( 1.000000000000000000, 0.6361536393115596599, 1.000000000000000000),
 ( 1.000000000000000000, 0.6362002044437914394, 1.000000000000000000),
 ( 1.000000000000000000, 0.6362312475957236924, 1.000000000000000000),
 ( 1.000000000000000000, 0.6362622904757907483, 1.000000000000000000) ) ) 
 REPRESENTATION_ITEM ( '' )  SURFACE ( )  );
#5557 = CARTESIAN_POINT ( 'NONE',  ( 21.67387532811131479, 7.969419551430571680, 21.64514840232790149 ) ) ;
#5558 = CARTESIAN_POINT ( 'NONE',  ( -11.03063915331193634, 5.094974746830581935, 5.845045092764125982 ) ) ;
#5559 = LINE ( 'NONE', #313, #3527 ) ;
#5560 = CARTESIAN_POINT ( 'NONE',  ( -9.913510311873162451, 5.163787860747883762, 19.84108401308402136 ) ) ;
#5561 = CARTESIAN_POINT ( 'NONE',  ( -9.040136918754525297, -7.700088417747272374, 125.0000000000000000 ) ) ;
#5562 = CARTESIAN_POINT ( 'NONE',  ( -13.95459892469771290, 5.351024562825261732, 19.16661135071748490 ) ) ;
#5563 = FACE_OUTER_BOUND ( 'NONE', #1034, .T. ) ;
#5564 = ORIENTED_EDGE ( 'NONE', *, *, #1586, .T. ) ;
#5565 = DIRECTION ( 'NONE',  ( -1.000000000000000000, 0.000000000000000000, -0.000000000000000000 ) ) ;
#5566 = CARTESIAN_POINT ( 'NONE',  ( -9.342332184768874725, -11.04875104043420642, 121.6889616575897151 ) ) ;
#5567 = CARTESIAN_POINT ( 'NONE',  ( -9.113896616846288268, -11.03256922502050585, 121.6966305418665968 ) ) ;
#5568 = EDGE_CURVE ( 'NONE', #6341, #1211, #4408, .T. ) ;
#5569 = CARTESIAN_POINT ( 'NONE',  ( 20.08871129134682221, 7.626668477895536036, 20.52718452019085404 ) ) ;
#5570 = CARTESIAN_POINT ( 'NONE',  ( -9.278034886777280832, -2.876498587493275139, 18.99999999999828404 ) ) ;
#5571 = CARTESIAN_POINT ( 'NONE',  ( -1.370321017979751366, 5.666586275089770197, 19.06335565342793714 ) ) ;
#5572 = CARTESIAN_POINT ( 'NONE',  ( 9.545642233371530949, 6.835425701591677949, 70.05120874106584949 ) ) ;
#5573 = CARTESIAN_POINT ( 'NONE',  ( -14.04663524542100284, 6.326061731465543403, 19.00000000000000000 ) ) ;
#5574 = CARTESIAN_POINT ( 'NONE',  ( 22.05249841810547551, 8.106478632066929535, 24.15118135527020371 ) ) ;
#5575 = ORIENTED_EDGE ( 'NONE', *, *, #2346, .F. ) ;
#5576 = CARTESIAN_POINT ( 'NONE',  ( 22.22533820974392782, 6.025655680999781438, 15.00000000000000711 ) ) ;
#5577 = CARTESIAN_POINT ( 'NONE',  ( 14.88341921143107527, 16.58919469706055594, 121.2570167982178759 ) ) ;
#5578 = CARTESIAN_POINT ( 'NONE',  ( 11.35330757278232916, 5.404734248044682943, 20.09516959411342540 ) ) ;
#5579 = CARTESIAN_POINT ( 'NONE',  ( -11.65783783865054524, 5.857392179831042434, 19.26923204142240564 ) ) ;
#5580 = CARTESIAN_POINT ( 'NONE',  ( 0.5222200666917520273, -2.236275795551138312, 124.9999999999999574 ) ) ;
#5581 = ORIENTED_EDGE ( 'NONE', *, *, #4941, .F. ) ;
#5582 = CARTESIAN_POINT ( 'NONE',  ( 22.54634614646912283, 6.328360296015953956, 19.40634042300410300 ) ) ;
#5583 = CARTESIAN_POINT ( 'NONE',  ( 21.89590579336071485, 7.240643214930303273, 21.14005440038260275 ) ) ;
#5584 = CARTESIAN_POINT ( 'NONE',  ( 15.05859190249840829, 7.399956155574915151, 19.22764295616257968 ) ) ;
#5585 = CARTESIAN_POINT ( 'NONE',  ( -13.71862150502146172, 1.885072081004395939, 21.67141539590279820 ) ) ;
#5586 = CARTESIAN_POINT ( 'NONE',  ( -13.84468441168750985, -2.586174061556008930, 19.00000000000001421 ) ) ;
#5587 = ORIENTED_EDGE ( 'NONE', *, *, #5241, .T. ) ;
#5588 = CARTESIAN_POINT ( 'NONE',  ( -14.16824209327463713, 3.562539655538908612, 19.92303090547599709 ) ) ;
#5589 = EDGE_CURVE ( 'NONE', #5622, #3916, #1327, .T. ) ;
#5590 = CARTESIAN_POINT ( 'NONE',  ( 14.38428087343136852, 18.06247228545155536, 131.4999999999999716 ) ) ;
#5591 = VECTOR ( 'NONE', #4443, 1000.000000000000000 ) ;
#5592 = CARTESIAN_POINT ( 'NONE',  ( 1.261313890606383881, 6.676008821137783933, 121.9558680541220212 ) ) ;
#5593 = CARTESIAN_POINT ( 'NONE',  ( 18.36891007434903145, 18.06247228545159800, 123.9285134661192131 ) ) ;
#5594 = CARTESIAN_POINT ( 'NONE',  ( -10.01877489965503010, 4.576130745991821236, 21.22430195896090765 ) ) ;
#5595 = CARTESIAN_POINT ( 'NONE',  ( -13.86189858418891063, 2.434799201620810649, 24.15118135527030319 ) ) ;
#5596 = CARTESIAN_POINT ( 'NONE',  ( -13.97273196253256877, 4.638654815254874109, 19.44757269203116223 ) ) ;
#5597 = CARTESIAN_POINT ( 'NONE',  ( 11.45895129498486398, 16.20132894691029790, 119.6869450224993443 ) ) ;
#5598 = VERTEX_POINT ( 'NONE', #6372 ) ;
#5599 = COLOUR_RGB ( '',0.7921568627450980005, 0.8196078431372548767, 0.9333333333333333481 ) ;
#5600 = CARTESIAN_POINT ( 'NONE',  ( 21.07692029591462557, 8.999999999999998224, 19.39858166588685151 ) ) ;
#5601 = CARTESIAN_POINT ( 'NONE',  ( -10.01555606206210847, -8.694655469934847503, 121.7420740014876230 ) ) ;
#5602 =( BOUNDED_CURVE ( )  B_SPLINE_CURVE ( 3, ( #3050, #4572, #1051, #5017 ),
 .UNSPECIFIED., .F., .T. ) 
 B_SPLINE_CURVE_WITH_KNOTS ( ( 4, 4 ),
 ( 3.839724354387510807, 5.497787143782133512 ),
 .UNSPECIFIED. ) 
 CURVE ( )  GEOMETRIC_REPRESENTATION_ITEM ( )  RATIONAL_B_SPLINE_CURVE ( ( 1.000000000000000000, 0.7837268050771044603, 0.7837268050771044603, 1.000000000000000000 ) ) 
 REPRESENTATION_ITEM ( '' )  );
#5603 = CARTESIAN_POINT ( 'NONE',  ( 16.19056604574083025, 6.408681413369748725, 20.47413963557536931 ) ) ;
#5604 = CARTESIAN_POINT ( 'NONE',  ( -9.317881857735232032, -9.001593710553493111, 119.9195124420707828 ) ) ;
#5605 = CARTESIAN_POINT ( 'NONE',  ( 20.09651250425904578, 10.09474800710106379, 19.00000000000000000 ) ) ;
#5606 = CARTESIAN_POINT ( 'NONE',  ( 4.681568121405740079, -5.865860974954339113, 18.99999999999999645 ) ) ;
#5607 = CARTESIAN_POINT ( 'NONE',  ( -3.453433064881672010, 5.214562686242160794, 19.29855926303003955 ) ) ;
#5608 = CARTESIAN_POINT ( 'NONE',  ( 7.688481374150745395, 5.851284994949192964, 70.05120874106590634 ) ) ;
#5609 = CARTESIAN_POINT ( 'NONE',  ( -13.76499578337859475, 5.786701068784414481, 19.05613530043273940 ) ) ;
#5610 = ORIENTED_EDGE ( 'NONE', *, *, #4867, .T. ) ;
#5611 = CARTESIAN_POINT ( 'NONE',  ( 17.49657287028406927, 9.000000000000000000, 18.99999999999944578 ) ) ;
#5612 = CARTESIAN_POINT ( 'NONE',  ( 14.62104603706526795, 16.09924666906963964, 121.2918522215505703 ) ) ;
#5613 = CARTESIAN_POINT ( 'NONE',  ( 5.564439583120874389, 5.595337270572494859, 19.20386823704281198 ) ) ;
#5614 = CARTESIAN_POINT ( 'NONE',  ( -11.53408446374832153, 4.676536973260854602, 20.60382926744971144 ) ) ;
#5615 = EDGE_CURVE ( 'NONE', #4229, #1363, #3437, .T. ) ;
#5616 = CARTESIAN_POINT ( 'NONE',  ( 1.823584106116895365, -0.5201846483584600112, 125.0000000000000284 ) ) ;
#5617 = ORIENTED_EDGE ( 'NONE', *, *, #3445, .F. ) ;
#5618 = CARTESIAN_POINT ( 'NONE',  ( 12.78194474691693472, 17.32537259520795558, 119.0740217237307945 ) ) ;
#5619 = DIRECTION ( 'NONE',  ( 1.000000000000000000, 0.000000000000000000, 0.000000000000000000 ) ) ;
#5620 = CARTESIAN_POINT ( 'NONE',  ( 21.99623656995102294, 7.552709471124861018, 18.99999999999689138 ) ) ;
#5621 = CARTESIAN_POINT ( 'NONE',  ( 18.25891563134817019, -4.749951326780577965, 1.468383512879778419 ) ) ;
#5622 = VERTEX_POINT ( 'NONE', #3985 ) ;
#5623 = CARTESIAN_POINT ( 'NONE',  ( -14.52939400641018963, 3.884396163644364908, 19.47463775403467778 ) ) ;
#5624 = CARTESIAN_POINT ( 'NONE',  ( 24.00267670521068197, 5.935427391768354433, 19.00000000000000355 ) ) ;
#5625 = CARTESIAN_POINT ( 'NONE',  ( 2.186292817709446723, 4.742603890455271198, 121.9659165717063871 ) ) ;
#5626 = CARTESIAN_POINT ( 'NONE',  ( 0.5394782924196661611, 5.850579038911930319, 121.9750392277192930 ) ) ;
#5627 = CARTESIAN_POINT ( 'NONE',  ( 12.76496229625963252, 17.32345819946300836, 119.0945833307126520 ) ) ;
#5628 = CARTESIAN_POINT ( 'NONE',  ( -10.08878003799032896, 5.886125640690891281, 19.27307371468191022 ) ) ;
#5629 = CARTESIAN_POINT ( 'NONE',  ( -9.536662751981234365, -9.227706352090025987, 125.0000000000000284 ) ) ;
#5630 = CARTESIAN_POINT ( 'NONE',  ( -13.41596417959136467, 3.748150745108993487, 21.30687517796592090 ) ) ;
#5631 = DIRECTION ( 'NONE',  ( -0.000000000000000000, 1.000000000000000000, -0.000000000000000000 ) ) ;
#5632 = ORIENTED_EDGE ( 'NONE', *, *, #719, .F. ) ;
#5633 = CARTESIAN_POINT ( 'NONE',  ( 15.00000000000000000, 3.475312508194680738, 3.610394695806002030 ) ) ;
#5634 = CARTESIAN_POINT ( 'NONE',  ( -10.03407294758136636, -8.551089885280372727, 121.7453408901942424 ) ) ;
#5635 = CARTESIAN_POINT ( 'NONE',  ( -8.876767622362891075, -13.99145063748610873, 121.6379318795766693 ) ) ;
#5636 = CARTESIAN_POINT ( 'NONE',  ( 18.58182405994780950, 9.583553755868665647, 19.00000000000000000 ) ) ;
#5637 = CARTESIAN_POINT ( 'NONE',  ( 15.64468009872696186, 2.877620190276429568, 21.16070424110136727 ) ) ;
#5638 = CARTESIAN_POINT ( 'NONE',  ( -2.714116545149462212, 3.972820923446415797, 20.77649757539733244 ) ) ;
#5639 = CARTESIAN_POINT ( 'NONE',  ( 18.53580620740246587, 12.23985375177882773, 70.05120874106590634 ) ) ;
#5640 = CARTESIAN_POINT ( 'NONE',  ( -13.08369190951690086, 4.322459238200774934, 20.35566816546755575 ) ) ;
#5641 = DIRECTION ( 'NONE',  ( 0.000000000000000000, 0.000000000000000000, -1.000000000000000000 ) ) ;
#5642 = ORIENTED_EDGE ( 'NONE', *, *, #5879, .T. ) ;
#5643 = DIRECTION ( 'NONE',  ( 1.000000000000000000, 0.000000000000000000, 0.000000000000000000 ) ) ;
#5644 = CARTESIAN_POINT ( 'NONE',  ( 14.11398990747996329, 15.16725848060377224, 121.3563779293262144 ) ) ;
#5645 = ADVANCED_FACE ( 'NONE', ( #5934 ), #1039, .T. ) ;
#5646 = CARTESIAN_POINT ( 'NONE',  ( 4.759224895760331364, 5.518973908600927736, 19.20178807895831241 ) ) ;
#5647 = CARTESIAN_POINT ( 'NONE',  ( -12.68105338036088270, 6.535214771509675558, 19.00000000000000000 ) ) ;
#5648 = CARTESIAN_POINT ( 'NONE',  ( -1.398030781582471960, -4.916777206703873304, 15.00000000000002309 ) ) ;
#5649 = ORIENTED_EDGE ( 'NONE', *, *, #3001, .T. ) ;
#5650 = DIRECTION ( 'NONE',  ( -1.000000000000000000, 0.000000000000000000, -0.000000000000000000 ) ) ;
#5651 = CARTESIAN_POINT ( 'NONE',  ( 22.71092918166518615, 6.139714821967693581, 19.26200535290615079 ) ) ;
#5652 = CARTESIAN_POINT ( 'NONE',  ( 13.04711733036978671, 5.390684310150459346, 21.81729069400794430 ) ) ;
#5653 = CARTESIAN_POINT ( 'NONE',  ( 20.40821241741633685, -2.532300186554325094, 13.64629439848017611 ) ) ;
#5654 = CARTESIAN_POINT ( 'NONE',  ( 21.42626886045946222, 10.43433014573884421, 18.99999999999999289 ) ) ;
#5655 = CARTESIAN_POINT ( 'NONE',  ( 14.97042489285995437, 7.713575120874708979, 19.07822705472081637 ) ) ;
#5656 = AXIS2_PLACEMENT_3D ( 'NONE', #3022, #1632, #4598 ) ;
#5657 = CARTESIAN_POINT ( 'NONE',  ( -13.68674352090497415, 1.814888612417330460, 21.68628828405749331 ) ) ;
#5658 = VERTEX_POINT ( 'NONE', #4494 ) ;
#5659 = CARTESIAN_POINT ( 'NONE',  ( -14.80896416312906005, 3.929905423653843766, 19.30038661869955519 ) ) ;
#5660 = CARTESIAN_POINT ( 'NONE',  ( 24.38155381041740100, 6.874330997610890392, 19.00000000000002132 ) ) ;
#5661 = CARTESIAN_POINT ( 'NONE',  ( -8.184446502009985025, -6.037832375099017490, 121.8464698144112219 ) ) ;
#5662 = CARTESIAN_POINT ( 'NONE',  ( -9.175434061262075502, -11.03802145498485032, 121.6945497061483650 ) ) ;
#5663 = FILL_AREA_STYLE ('',( #6148 ) ) ;
#5664 = CARTESIAN_POINT ( 'NONE',  ( -9.968127596018874215, 7.060383029936950550, 19.00000000000000000 ) ) ;
#5665 = CARTESIAN_POINT ( 'NONE',  ( -13.95050659770402035, -1.257121067616395749, 42.40200746962064215 ) ) ;
#5666 = CARTESIAN_POINT ( 'NONE',  ( -13.91269093424890713, 4.383422534697461792, 19.66049366969508938 ) ) ;
#5667 = CARTESIAN_POINT ( 'NONE',  ( 19.12526508089263899, 18.06247228545160155, 130.4853612683742767 ) ) ;
#5668 = VERTEX_POINT ( 'NONE', #2035 ) ;
#5669 = LINE ( 'NONE', #5250, #4005 ) ;
#5670 = CARTESIAN_POINT ( 'NONE',  ( -12.13231077984235817, -9.178889895752817552, 121.6549370231826117 ) ) ;
#5671 = DIRECTION ( 'NONE',  ( -0.6819983600625022513, 0.7313537016191670181, -1.485617761692451402E-16 ) ) ;
#5672 = CARTESIAN_POINT ( 'NONE',  ( 20.40172717327380525, 2.995896180705130085, 19.00000000000000711 ) ) ;
#5673 = CARTESIAN_POINT ( 'NONE',  ( -5.159852166254686345, 4.666211691550609331, 19.89392357014918744 ) ) ;
#5674 = CARTESIAN_POINT ( 'NONE',  ( -4.645589242043054234, 2.769133613275671202, 42.40200746962057821 ) ) ;
#5675 = CARTESIAN_POINT ( 'NONE',  ( -14.08630587504259069, 6.306217197358817472, 19.00000000000000000 ) ) ;
#5676 = CARTESIAN_POINT ( 'NONE',  ( 12.12537041798857373, 15.72235137385535175, 119.1209928204115869 ) ) ;
#5677 = ORIENTED_EDGE ( 'NONE', *, *, #4028, .F. ) ;
#5678 = CARTESIAN_POINT ( 'NONE',  ( 12.81335201148267089, 17.01124444611512843, 119.0222335956482880 ) ) ;
#5679 = CARTESIAN_POINT ( 'NONE',  ( 5.775705267165866630, 1.301046199283696359, 121.9615845001358281 ) ) ;
#5680 = CARTESIAN_POINT ( 'NONE',  ( 5.737004269395252543, 4.097739400338226368, 21.63945045236457432 ) ) ;
#5681 = CARTESIAN_POINT ( 'NONE',  ( -12.34321764884293415, 4.789354582468671850, 20.07419824416532705 ) ) ;
#5682 = CARTESIAN_POINT ( 'NONE',  ( -2.075607824266228363, -5.340148580502394715, 42.40200746962069189 ) ) ;
#5683 = VERTEX_POINT ( 'NONE', #4011 ) ;
#5684 = LINE ( 'NONE', #2745, #19 ) ;
#5685 = CARTESIAN_POINT ( 'NONE',  ( 24.79999999999999005, -8.000000000000001776, 16.50000000000000000 ) ) ;
#5686 = EDGE_CURVE ( 'NONE', #154, #933, #1239, .T. ) ;
#5687 = CARTESIAN_POINT ( 'NONE',  ( 14.66201323646004084, 5.758730414275832210, 21.50083374919866586 ) ) ;
#5688 = CARTESIAN_POINT ( 'NONE',  ( 20.61048127004899655, 10.27195956892782647, 19.00000000000000000 ) ) ;
#5689 = CARTESIAN_POINT ( 'NONE',  ( -13.82904396766774724, -2.603865277524568089, 19.00000000000000000 ) ) ;
#5690 = ORIENTED_EDGE ( 'NONE', *, *, #513, .T. ) ;
#5691 = CARTESIAN_POINT ( 'NONE',  ( -15.66888761114307016, 4.240744005939616201, 19.00000000000000000 ) ) ;
#5692 = EDGE_CURVE ( 'NONE', #1149, #5140, #4459, .T. ) ;
#5693 = CYLINDRICAL_SURFACE ( 'NONE', #123, 0.4000000000000019096 ) ;
#5694 = B_SPLINE_CURVE_WITH_KNOTS ( 'NONE', 3,
 ( #4653, #1722, #3694, #5653, #1234, #1002 ),
 .UNSPECIFIED., .F., .F.,
 ( 4, 2, 4 ),
 ( 0.004904734801672727337, 0.005107698607355774106, 0.005310662413038821743 ),
 .UNSPECIFIED. ) ;
#5695 = ADVANCED_FACE ( 'NONE', ( #3206 ), #4619, .T. ) ;
#5696 = CARTESIAN_POINT ( 'NONE',  ( -4.234741229227219961, -1.898271219314158431, 119.8298821967821084 ) ) ;
#5697 = AXIS2_PLACEMENT_3D ( 'NONE', #2083, #3152, #5537 ) ;
#5698 = CARTESIAN_POINT ( 'NONE',  ( -11.67390236462005149, -6.609922969961600003, 121.7436053731966439 ) ) ;
#5699 = VECTOR ( 'NONE', #3727, 1000.000000000000000 ) ;
#5700 = CARTESIAN_POINT ( 'NONE',  ( -10.00673364641430041, 5.166644691726522076, 19.84022083552573434 ) ) ;
#5701 = CARTESIAN_POINT ( 'NONE',  ( -12.08994290904063185, -4.949514094997390146, 70.05120874106592055 ) ) ;
#5702 = CARTESIAN_POINT ( 'NONE',  ( -14.25463691825846979, 4.742957112970752398, 19.28363155112100813 ) ) ;
#5703 = CARTESIAN_POINT ( 'NONE',  ( -2.727993440249959711, 2.925414806476609009, -210.0000000000000000 ) ) ;
#5704 = EDGE_LOOP ( 'NONE', ( #5522, #2673, #2377, #567 ) ) ;
#5705 = CARTESIAN_POINT ( 'NONE',  ( 18.80348620907988177, 11.90422090615516737, 70.05120874106590634 ) ) ;
#5706 = CARTESIAN_POINT ( 'NONE',  ( -10.18966593538325860, -8.411983655179037456, 119.5214435434367886 ) ) ;
#5707 = CYLINDRICAL_SURFACE ( 'NONE', #5495, 0.7000000000000000666 ) ;
#5708 = AXIS2_PLACEMENT_3D ( 'NONE', #6215, #1204, #3178 ) ;
#5709 = VECTOR ( 'NONE', #14, 1000.000000000000000 ) ;
#5710 = SURFACE_STYLE_USAGE ( .BOTH. , #3746 ) ;
#5711 = CARTESIAN_POINT ( 'NONE',  ( 11.99204712822124996, 0.6666840100408775172, 21.23478339247950331 ) ) ;
#5712 = CARTESIAN_POINT ( 'NONE',  ( -4.152303621719783955, 6.511113949691579528, 19.00000000000000000 ) ) ;
#5713 = CARTESIAN_POINT ( 'NONE',  ( 6.570514076029367878, 4.341509898928070932, 24.15118135527029963 ) ) ;
#5714 = CARTESIAN_POINT ( 'NONE',  ( -13.94417319729875793, 6.037120006629137947, 19.00000000000000000 ) ) ;
#5715 = DIRECTION ( 'NONE',  ( -0.6819983600625022513, 0.7313537016191670181, -1.485617761692451402E-16 ) ) ;
#5716 = VERTEX_POINT ( 'NONE', #6106 ) ;
#5717 = VECTOR ( 'NONE', #5631, 1000.000000000000000 ) ;
#5718 = CARTESIAN_POINT ( 'NONE',  ( 2.697322825420601422, 0.5324690372451639231, 121.9928988677650779 ) ) ;
#5719 = CARTESIAN_POINT ( 'NONE',  ( 6.471712560397487657, 4.865354331117462294, 19.78977720907507631 ) ) ;
#5720 = EDGE_CURVE ( 'NONE', #3337, #6143, #3554, .T. ) ;
#5721 = CARTESIAN_POINT ( 'NONE',  ( -12.60171906369729378, 6.243494099573686285, 19.05546265439405573 ) ) ;
#5722 = CARTESIAN_POINT ( 'NONE',  ( 12.64390801401166797, 0.2289662240224381307, 15.00000000000001599 ) ) ;
#5723 = ORIENTED_EDGE ( 'NONE', *, *, #2256, .F. ) ;
#5724 = LINE ( 'NONE', #5167, #5699 ) ;
#5725 = CARTESIAN_POINT ( 'NONE',  ( -13.46976651488303744, -7.091450637486104824, 124.1773881008268745 ) ) ;
#5726 = CARTESIAN_POINT ( 'NONE',  ( -12.87787602498857176, 0.6979812332483914528, 18.99999999999915090 ) ) ;
#5727 = ORIENTED_EDGE ( 'NONE', *, *, #5344, .T. ) ;
#5728 = CARTESIAN_POINT ( 'NONE',  ( -15.07567135728877261, 4.058585857833832300, 19.18111968319719551 ) ) ;
#5729 = CARTESIAN_POINT ( 'NONE',  ( 6.053680625080665401, 12.38086403559855952, 121.7544663115461816 ) ) ;
#5730 = CARTESIAN_POINT ( 'NONE',  ( 14.45308653390722498, 18.64681203644033047, 121.1822706153553071 ) ) ;
#5731 = EDGE_CURVE ( 'NONE', #5658, #478, #160, .T. ) ;
#5732 = CARTESIAN_POINT ( 'NONE',  ( 2.803378207762579954, -2.756458290124653487, 122.0008828572574657 ) ) ;
#5733 = CARTESIAN_POINT ( 'NONE',  ( -10.93431848677979090, 5.401045373459006704, 19.63111466173936748 ) ) ;
#5734 = CARTESIAN_POINT ( 'NONE',  ( -14.35262169381670816, 4.638821793676641825, 19.28572463749688026 ) ) ;
#5735 = DIRECTION ( 'NONE',  ( 0.1736481776669311361, 0.000000000000000000, 0.9848077530122079093 ) ) ;
#5736 = CARTESIAN_POINT ( 'NONE',  ( 20.29946476712515846, -3.000000000000009770, 13.04091272864831019 ) ) ;
#5737 = CARTESIAN_POINT ( 'NONE',  ( 14.66616383513879818, 16.18338385139124114, 121.2859238891044953 ) ) ;
#5738 = CARTESIAN_POINT ( 'NONE',  ( -10.66082315555872739, -10.80137448854553384, 121.6535494764839598 ) ) ;
#5739 = CARTESIAN_POINT ( 'NONE',  ( 1.876673312480245492, -2.012485739242182881, -210.0000000000000000 ) ) ;
#5740 = PLANE ( 'NONE',  #1787 ) ;
#5741 = CARTESIAN_POINT ( 'NONE',  ( 19.79891624889239665, 2.596715058629581296, 19.00000000000000711 ) ) ;
#5742 = CARTESIAN_POINT ( 'NONE',  ( -5.208194661147663496, 4.213662994756550262, 20.72210981961821119 ) ) ;
#5743 = CARTESIAN_POINT ( 'NONE',  ( -3.133147863390104426, -0.5332370379466632171, 115.8311238661720353 ) ) ;
#5744 = CARTESIAN_POINT ( 'NONE',  ( -13.09382926990319795, 4.317122601438678764, 20.35607873212224561 ) ) ;
#5745 = CARTESIAN_POINT ( 'NONE',  ( -4.647973633534349780, -6.974488474332748211, 119.9986726033165354 ) ) ;
#5746 = ORIENTED_EDGE ( 'NONE', *, *, #4549, .T. ) ;
#5747 = CARTESIAN_POINT ( 'NONE',  ( 10.88962773239057746, 9.558353257634180977, 121.6848602584824022 ) ) ;
#5748 = CARTESIAN_POINT ( 'NONE',  ( 5.659102379249350001, 4.773112119468358117, 19.78222660335742589 ) ) ;
#5749 = CARTESIAN_POINT ( 'NONE',  ( -12.53219303470314294, 5.403071067627354118, 19.42987729276448405 ) ) ;
#5750 = CARTESIAN_POINT ( 'NONE',  ( 9.750156663314674788, 10.83569271371719189, 115.8311238661720921 ) ) ;
#5751 = ORIENTED_EDGE ( 'NONE', *, *, #4366, .F. ) ;
#5752 = DIRECTION ( 'NONE',  ( -0.6819983600625022513, 0.7313537016191670181, -1.485617761692451402E-16 ) ) ;
#5753 = CARTESIAN_POINT ( 'NONE',  ( -17.03908508352707685, -13.99145063748610340, 123.7755229824282424 ) ) ;
#5754 = CARTESIAN_POINT ( 'NONE',  ( 20.64048558931272481, 10.28202956783656852, 19.00000000000000000 ) ) ;
#5755 = CARTESIAN_POINT ( 'NONE',  ( -13.45551559531372554, 1.807211410980012367, 19.00000000000009237 ) ) ;
#5756 = ORIENTED_EDGE ( 'NONE', *, *, #1819, .F. ) ;
#5757 = DIRECTION ( 'NONE',  ( 4.625929269271486900E-15, 0.000000000000000000, 1.000000000000000000 ) ) ;
#5758 = VECTOR ( 'NONE', #5821, 999.9999999999998863 ) ;
#5759 = CARTESIAN_POINT ( 'NONE',  ( 21.79288031370458967, 7.113820494103238801, 21.06083136563113811 ) ) ;
#5760 = CARTESIAN_POINT ( 'NONE',  ( 12.40774049819764180, 19.50807195269176830, 121.2449399967823922 ) ) ;
#5761 = CARTESIAN_POINT ( 'NONE',  ( -11.08779877403007852, -5.904101283981276538, 121.7781880012135787 ) ) ;
#5762 =( NAMED_UNIT ( * ) PLANE_ANGLE_UNIT ( ) SI_UNIT ( $, .RADIAN. ) );
#5763 = CARTESIAN_POINT ( 'NONE',  ( -10.57335227645650200, 5.177634165940004252, 19.83498888145379269 ) ) ;
#5764 = CARTESIAN_POINT ( 'NONE',  ( -13.60062775085165399, 3.502454426548373689, 21.36872894939896383 ) ) ;
#5765 = DIRECTION ( 'NONE',  ( 1.000000000000000000, 0.000000000000000000, 0.000000000000000000 ) ) ;
#5766 = ORIENTED_EDGE ( 'NONE', *, *, #5887, .F. ) ;
#5767 = CARTESIAN_POINT ( 'NONE',  ( 21.83168564831800040, 7.147554717459502882, 21.05994175971162718 ) ) ;
#5768 = CARTESIAN_POINT ( 'NONE',  ( -10.06223911290578954, -7.788343396316248501, 119.4811181535367695 ) ) ;
#5769 = CARTESIAN_POINT ( 'NONE',  ( 19.70608084859521014, 6.949951326780576366, 9.675665299435893374 ) ) ;
#5770 = CARTESIAN_POINT ( 'NONE',  ( 18.53580620740246587, 12.23985375177882773, 70.05120874106590634 ) ) ;
#5771 = CARTESIAN_POINT ( 'NONE',  ( -10.74051251888084479, -3.449584839594678876, 4.199655185528214929 ) ) ;
#5772 = CARTESIAN_POINT ( 'NONE',  ( -8.157733572747890349, 6.956664631634064122, 19.00000000000000000 ) ) ;
#5773 = CARTESIAN_POINT ( 'NONE',  ( -5.681442821730089854, -0.9724926703727181376, 97.49437716547313926 ) ) ;
#5774 = CARTESIAN_POINT ( 'NONE',  ( -14.00697836522310702, 6.004719025213331562, 19.00000000000000000 ) ) ;
#5775 = CARTESIAN_POINT ( 'NONE',  ( 21.43089780087240115, 7.958634484322317348, 21.97663971864241717 ) ) ;
#5776 = ORIENTED_EDGE ( 'NONE', *, *, #5374, .T. ) ;
#5777 = ADVANCED_FACE ( 'NONE', ( #4587 ), #2137, .F. ) ;
#5778 = CARTESIAN_POINT ( 'NONE',  ( 6.538498079058234325, 6.536975998260214915, 121.8754976779975436 ) ) ;
#5779 = B_SPLINE_CURVE_WITH_KNOTS ( 'NONE', 3,
 ( #634, #4133, #3160, #3090, #5053, #5159, #6021, #4643, #4170, #3574 ),
 .UNSPECIFIED., .F., .F.,
 ( 4, 2, 2, 2, 4 ),
 ( 0.002757761425004326070, 0.002994351424196326633, 0.003230941423388327197, 0.003467531422580327760, 0.003704121421772328324 ),
 .UNSPECIFIED. ) ;
#5780 = EDGE_CURVE ( 'NONE', #6136, #548, #3068, .T. ) ;
#5781 = B_SPLINE_CURVE_WITH_KNOTS ( 'NONE', 3,
 ( #3531, #101, #1074, #1492, #3077, #3015, #5010, #4503, #71, #4020, #3470, #6009, #5434, #1018, #5972, #1552 ),
 .UNSPECIFIED., .F., .F.,
 ( 4, 2, 2, 2, 1, 1, 2, 2, 4 ),
 ( 0.000000000000000000, 0.2500000000001357248, 0.3750000000002062239, 0.4375000000002451372, 0.4687500000002645661, 0.4843750000002787770, 0.4921875000002863265, 0.5000000000002937650, 1.000000000000000000 ),
 .UNSPECIFIED. ) ;
#5782 = CARTESIAN_POINT ( 'NONE',  ( 1.505078408582833704, 5.311641886037415716, 19.19321722561573651 ) ) ;
#5783 = CARTESIAN_POINT ( 'NONE',  ( -12.17914480595307403, 4.689643866833595354, 20.34079481006552470 ) ) ;
#5784 = CARTESIAN_POINT ( 'NONE',  ( 12.63275631881050387, 11.51017020605715580, 97.49437716547315347 ) ) ;
#5785 = VERTEX_POINT ( 'NONE', #5139 ) ;
#5786 = LINE ( 'NONE', #6172, #4664 ) ;
#5787 = CARTESIAN_POINT ( 'NONE',  ( 14.87348415068557017, 8.058416980481965197, 19.00000000000000000 ) ) ;
#5788 = CARTESIAN_POINT ( 'NONE',  ( -12.94395151414887835, 0.4253386914982456579, 21.67994600027627072 ) ) ;
#5789 = VERTEX_POINT ( 'NONE', #5035 ) ;
#5790 = CARTESIAN_POINT ( 'NONE',  ( -13.79417745390522931, 3.305979509944181771, 19.04964659036010133 ) ) ;
#5791 = CARTESIAN_POINT ( 'NONE',  ( 12.02946745409442286, 19.43889116534905526, 121.2666591320471667 ) ) ;
#5792 = CARTESIAN_POINT ( 'NONE',  ( 5.184369215601776659, 0.4316167444469187209, 121.9757768210855886 ) ) ;
#5793 = CARTESIAN_POINT ( 'NONE',  ( -10.57322791189249678, 4.708759868663637604, 20.61640770676463319 ) ) ;
#5794 = ADVANCED_FACE ( 'NONE', ( #3587 ), #2680, .F. ) ;
#5795 = CARTESIAN_POINT ( 'NONE',  ( -14.61627918709190510, 4.296374767351162305, 19.29239466613175580 ) ) ;
#5796 = CARTESIAN_POINT ( 'NONE',  ( -50.00000000000000000, 6.949951326780577254, 9.675665299435893374 ) ) ;
#5797 = CARTESIAN_POINT ( 'NONE',  ( -34.48978701655003931, -31.47858298005882460, 122.2349370627968455 ) ) ;
#5798 = CARTESIAN_POINT ( 'NONE',  ( -9.884917720549989184, -8.054259214865103544, 121.7563874474234495 ) ) ;
#5799 = VECTOR ( 'NONE', #1683, 1000.000000000000000 ) ;
#5800 = CARTESIAN_POINT ( 'NONE',  ( 23.56707897544617936, 5.395400853773022476, 18.99999999999998934 ) ) ;
#5801 = CARTESIAN_POINT ( 'NONE',  ( -7.424614275901512350, 6.256699107043219854, 19.05794313064590284 ) ) ;
#5802 = CARTESIAN_POINT ( 'NONE',  ( -4.800561290721118368, 0.3940185023136088538, 70.05120874106607687 ) ) ;
#5803 = CARTESIAN_POINT ( 'NONE',  ( -13.58584621914928192, 5.239766646526350158, 19.27375507164379798 ) ) ;
#5804 = CARTESIAN_POINT ( 'NONE',  ( -8.594353807663651423, -8.916345802449857416, 119.9237479729594043 ) ) ;
#5805 = ORIENTED_EDGE ( 'NONE', *, *, #3001, .F. ) ;
#5806 = VECTOR ( 'NONE', #92, 1000.000000000000000 ) ;
#5807 = CARTESIAN_POINT ( 'NONE',  ( -3.182232459457811302, -8.394862350641583149, 121.9025744243042055 ) ) ;
#5808 = VECTOR ( 'NONE', #311, 1000.000000000000000 ) ;
#5809 = EDGE_CURVE ( 'NONE', #661, #2481, #1641, .T. ) ;
#5810 = CARTESIAN_POINT ( 'NONE',  ( 0.6746687441837320165, 5.934071548476694602, 19.00000000000000000 ) ) ;
#5811 = CARTESIAN_POINT ( 'NONE',  ( -12.80510156919240572, 4.459291049870496515, 20.35176652885271764 ) ) ;
#5812 = CARTESIAN_POINT ( 'NONE',  ( 12.00572163317352015, 14.66866482052374110, 115.8311238661720779 ) ) ;
#5813 = ORIENTED_EDGE ( 'NONE', *, *, #1606, .T. ) ;
#5814 = CARTESIAN_POINT ( 'NONE',  ( -13.92524665805893669, 2.646751128690655985, 15.65429461910357034 ) ) ;
#5815 = CARTESIAN_POINT ( 'NONE',  ( 12.85311890540366164, 6.204973961894708623, 19.58265750988104159 ) ) ;
#5816 =( BOUNDED_CURVE ( )  B_SPLINE_CURVE ( 3, ( #6386, #4788, #3764, #5725 ),
 .UNSPECIFIED., .F., .T. ) 
 B_SPLINE_CURVE_WITH_KNOTS ( ( 4, 4 ),
 ( 4.754556124329270439, 4.756311984781978808 ),
 .UNSPECIFIED. ) 
 CURVE ( )  GEOMETRIC_REPRESENTATION_ITEM ( )  RATIONAL_B_SPLINE_CURVE ( ( 1.000000000000000000, 0.9999997430795223297, 0.9999997430795223297, 1.000000000000000000 ) ) 
 REPRESENTATION_ITEM ( '' )  );
#5817 = EDGE_CURVE ( 'NONE', #147, #5548, #4782, .T. ) ;
#5818 = CARTESIAN_POINT ( 'NONE',  ( -13.68068732598833037, 1.802454078639234014, 21.68921322640375493 ) ) ;
#5819 = CARTESIAN_POINT ( 'NONE',  ( -8.132727910105080227, -9.387505252147352763, 124.9999999999999432 ) ) ;
#5820 = ORIENTED_EDGE ( 'NONE', *, *, #3848, .F. ) ;
#5821 = DIRECTION ( 'NONE',  ( -0.1237240302064843839, -0.7016738431598620318, 0.7016738431598646963 ) ) ;
#5822 = ADVANCED_FACE ( 'NONE', ( #126 ), #2277, .F. ) ;
#5823 = PLANE ( 'NONE',  #1791 ) ;
#5824 = CARTESIAN_POINT ( 'NONE',  ( -9.625217353415971289, -8.980967884568913817, 119.8238970768029219 ) ) ;
#5825 = CARTESIAN_POINT ( 'NONE',  ( -10.57341421990948760, 5.404051596469150454, 19.63329136598660085 ) ) ;
#5826 = CARTESIAN_POINT ( 'NONE',  ( -13.80201384893362437, 3.604551563618767052, 20.45610579500643667 ) ) ;
#5827 = DIRECTION ( 'NONE',  ( 1.000000000000000000, 0.000000000000000000, 0.000000000000000000 ) ) ;
#5828 = CARTESIAN_POINT ( 'NONE',  ( -8.183980320749990156, 8.776244419429952259, -210.0000000000000284 ) ) ;
#5829 = DIRECTION ( 'NONE',  ( 0.1237240302064846059, 0.7016738431598615877, 0.7016738431598650294 ) ) ;
#5830 = CARTESIAN_POINT ( 'NONE',  ( -11.31659744090060826, -6.175616914954184189, 121.7650487733689602 ) ) ;
#5831 = DIRECTION ( 'NONE',  ( 0.000000000000000000, 0.000000000000000000, 1.000000000000000000 ) ) ;
#5832 = CARTESIAN_POINT ( 'NONE',  ( 22.19542742080861331, 6.972265615129222383, 19.00000000001001865 ) ) ;
#5833 = CARTESIAN_POINT ( 'NONE',  ( -7.992732559361638955, 4.689166849382894853, 20.38708218824103469 ) ) ;
#5834 = CARTESIAN_POINT ( 'NONE',  ( -8.590647402543609701, -0.9025645003502444919, 70.05120874106580686 ) ) ;
#5835 = CARTESIAN_POINT ( 'NONE',  ( -13.88455456887934858, 5.724748036903555715, 19.05630011432791093 ) ) ;
#5836 = CARTESIAN_POINT ( 'NONE',  ( -14.30299811026622514, -2.742321101366823388, 15.82317920231681896 ) ) ;
#5837 = ORIENTED_EDGE ( 'NONE', *, *, #5914, .T. ) ;
#5838 = CARTESIAN_POINT ( 'NONE',  ( -4.197108454328833282, -9.082453719900515310, 121.8709715544060828 ) ) ;
#5839 = CARTESIAN_POINT ( 'NONE',  ( 0.6852246846684729720, 3.949746306268184792, 20.54809238976251606 ) ) ;
#5840 = CARTESIAN_POINT ( 'NONE',  ( -13.39260300615102572, 5.336579997387415730, 19.27302579701845531 ) ) ;
#5841 = CARTESIAN_POINT ( 'NONE',  ( 18.07808382860108765, 8.582928050575681311, 42.40200746962055689 ) ) ;
#5842 = ORIENTED_EDGE ( 'NONE', *, *, #6279, .T. ) ;
#5843 = CARTESIAN_POINT ( 'NONE',  ( 19.03063915331194877, -5.094974746830584600, 5.845045092764129535 ) ) ;
#5844 = VECTOR ( 'NONE', #3350, 1000.000000000000000 ) ;
#5845 = CARTESIAN_POINT ( 'NONE',  ( -3.966708239255595458, -4.816421673442556006, 21.54283828672993195 ) ) ;
#5846 = EDGE_CURVE ( 'NONE', #3849, #1079, #3644, .T. ) ;
#5847 = CARTESIAN_POINT ( 'NONE',  ( -13.52739232160028138, -1.906737307078673060, 42.40200746962067058 ) ) ;
#5848 = ORIENTED_EDGE ( 'NONE', *, *, #5817, .F. ) ;
#5849 = DIRECTION ( 'NONE',  ( 2.178330401786158105E-16, 0.000000000000000000, -1.000000000000000000 ) ) ;
#5850 = CARTESIAN_POINT ( 'NONE',  ( 21.82082051672293588, 7.138109538070698257, 21.06019082044608837 ) ) ;
#5851 = CARTESIAN_POINT ( 'NONE',  ( -50.00000000000000000, -3.000000000000000000, -5.026757405899497200E-16 ) ) ;
#5852 = LINE ( 'NONE', #4886, #3758 ) ;
#5853 = CARTESIAN_POINT ( 'NONE',  ( -10.17395520264438424, 6.759903654549551888, 19.00000000000000000 ) ) ;
#5854 = VECTOR ( 'NONE', #208, 1000.000000000000000 ) ;
#5855 = CARTESIAN_POINT ( 'NONE',  ( -15.35670904824620564, 5.314335021098432144, 19.00000000000000000 ) ) ;
#5856 = ORIENTED_EDGE ( 'NONE', *, *, #2059, .T. ) ;
#5857 = CARTESIAN_POINT ( 'NONE',  ( 13.99999999999999822, 3.341173369522269176, 4.000000000000000000 ) ) ;
#5858 = CARTESIAN_POINT ( 'NONE',  ( -50.00000000000000000, -8.000000000000003553, 19.00000000000000000 ) ) ;
#5859 = CARTESIAN_POINT ( 'NONE',  ( -7.588890287485753561, 4.778482307240125238, 20.11674926019214027 ) ) ;
#5860 = CARTESIAN_POINT ( 'NONE',  ( -8.737530899535249418, 4.202223604861346828, 24.15118135527031029 ) ) ;
#5861 = CARTESIAN_POINT ( 'NONE',  ( -13.13366655994657783, 4.131998873431388830, 20.63781448428911602 ) ) ;
#5862 = CARTESIAN_POINT ( 'NONE',  ( -11.62716793068726417, 8.478057556838031417, 9.228127902771593227 ) ) ;
#5863 = ORIENTED_EDGE ( 'NONE', *, *, #240, .T. ) ;
#5864 = CARTESIAN_POINT ( 'NONE',  ( 5.980521921107087024, 4.112963876627692805, 21.62135163957816886 ) ) ;
#5865 = CARTESIAN_POINT ( 'NONE',  ( -8.000424515443393503, -8.774129845389804672, 119.9473044899329608 ) ) ;
#5866 = CARTESIAN_POINT ( 'NONE',  ( 1.521261766798988058, 4.728734762930647761, 19.50840184143498135 ) ) ;
#5867 = CARTESIAN_POINT ( 'NONE',  ( -12.89672964221831464, 4.122910697157325721, 21.22345799380168074 ) ) ;
#5868 = CARTESIAN_POINT ( 'NONE',  ( 15.37451458980748420, 15.67527441021450763, 97.49437716547349453 ) ) ;
#5869 = ORIENTED_EDGE ( 'NONE', *, *, #1110, .F. ) ;
#5870 = CARTESIAN_POINT ( 'NONE',  ( 12.87476262012106432, 17.03350697848777173, 119.8032581384858162 ) ) ;
#5871 = CARTESIAN_POINT ( 'NONE',  ( 23.33853058486729282, -2.881966011250104653, 16.00000000000000000 ) ) ;
#5872 = CARTESIAN_POINT ( 'NONE',  ( -9.715021319671830469, -2.807785793974493682, 21.66508230275595537 ) ) ;
#5873 = CARTESIAN_POINT ( 'NONE',  ( -8.764898636311070135, -2.948371366904803725, 14.99999999999995026 ) ) ;
#5874 = ORIENTED_EDGE ( 'NONE', *, *, #519, .F. ) ;
#5875 = CARTESIAN_POINT ( 'NONE',  ( 19.08798139133703842, 5.083935834724575997, 21.09314243422721447 ) ) ;
#5876 = CARTESIAN_POINT ( 'NONE',  ( -16.79328581607699888, -7.091450637486104824, 124.8189485971174122 ) ) ;
#5877 = DIRECTION ( 'NONE',  ( 0.000000000000000000, -0.8191520442889966835, 0.5735764363510391650 ) ) ;
#5878 = ADVANCED_FACE ( 'NONE', ( #959 ), #2324, .T. ) ;
#5879 = EDGE_CURVE ( 'NONE', #4719, #1314, #871, .T. ) ;
#5880 = CARTESIAN_POINT ( 'NONE',  ( -11.56343112965160813, 4.956500759267409073, 20.06942515435248353 ) ) ;
#5881 = CARTESIAN_POINT ( 'NONE',  ( -15.74718114773973276, 4.778269015497563110, 19.00000000000000000 ) ) ;
#5882 = DIRECTION ( 'NONE',  ( -0.000000000000000000, 1.000000000000000000, -0.000000000000000000 ) ) ;
#5883 = FACE_OUTER_BOUND ( 'NONE', #3575, .T. ) ;
#5884 = CARTESIAN_POINT ( 'NONE',  ( -10.44801965658932374, -4.749951326780575300, 2.540845733246349880 ) ) ;
#5885 = EDGE_CURVE ( 'NONE', #3951, #3505, #6075, .T. ) ;
#5886 = CARTESIAN_POINT ( 'NONE',  ( 20.89771582188758714, 5.906972905480098568, 19.00000000000207123 ) ) ;
#5887 = EDGE_CURVE ( 'NONE', #6385, #4906, #4893, .T. ) ;
#5888 = CARTESIAN_POINT ( 'NONE',  ( -8.754479110938850894, 4.538906654840003441, 20.94803742971522098 ) ) ;
#5889 = CARTESIAN_POINT ( 'NONE',  ( -10.09901291877801199, 2.126221033812036421, 42.40200746962059952 ) ) ;
#5890 = CARTESIAN_POINT ( 'NONE',  ( -12.99474238944251780, 4.073219317189874289, 21.22813207053454931 ) ) ;
#5891 = CARTESIAN_POINT ( 'NONE',  ( -13.59568403258696279, 3.513416070421192750, 21.34267995285439312 ) ) ;
#5892 = EDGE_LOOP ( 'NONE', ( #5202, #6026, #2739, #5410 ) ) ;
#5893 = CARTESIAN_POINT ( 'NONE',  ( -1.312540181790017524, 3.782611586196371611, 21.42923925983117783 ) ) ;
#5894 = CARTESIAN_POINT ( 'NONE',  ( -3.401117857977614456, -6.141212194513770761, 121.9331331988403946 ) ) ;
#5895 = CARTESIAN_POINT ( 'NONE',  ( -9.240774903808871343, -11.04266124723254805, 121.6923490978618361 ) ) ;
#5896 = CARTESIAN_POINT ( 'NONE',  ( -0.1642559220667537123, 4.281650256245401742, 19.95611277000716299 ) ) ;
#5897 = CARTESIAN_POINT ( 'NONE',  ( -13.85604612861132523, 6.081075417204581335, 19.00000000000000000 ) ) ;
#5898 = CARTESIAN_POINT ( 'NONE',  ( 12.55444155014532015, 15.63476381525487291, 115.8311238661721205 ) ) ;
#5899 = VERTEX_POINT ( 'NONE', #899 ) ;
#5900 = CARTESIAN_POINT ( 'NONE',  ( -4.273834597412457192, 4.583126494086001479, -210.0000000000000284 ) ) ;
#5901 = CARTESIAN_POINT ( 'NONE',  ( 12.47266004590792754, 7.803350993360693266, 19.00000000000000000 ) ) ;
#5902 = AXIS2_PLACEMENT_3D ( 'NONE', #4950, #4471, #4923 ) ;
#5903 = CARTESIAN_POINT ( 'NONE',  ( -4.256896342148720258, -7.300310817695430998, 19.00000000000001066 ) ) ;
#5904 = B_SPLINE_CURVE_WITH_KNOTS ( 'NONE', 3,
 ( #5494, #1071, #1621, #3469, #3041, #5524, #2978 ),
 .UNSPECIFIED., .F., .F.,
 ( 4, 3, 4 ),
 ( 2.611104600503255956E-18, 9.455984494546445314E-05, 9.461870742748298838E-05 ),
 .UNSPECIFIED. ) ;
#5905 = CARTESIAN_POINT ( 'NONE',  ( -11.65460362656929050, -3.810380405579544494, 42.40200746962069189 ) ) ;
#5906 = ORIENTED_EDGE ( 'NONE', *, *, #4902, .F. ) ;
#5907 = CARTESIAN_POINT ( 'NONE',  ( -13.76154752839278927, 2.285607777834434806, 19.28181445800031568 ) ) ;
#5908 = CARTESIAN_POINT ( 'NONE',  ( -50.00000000000000000, 4.668494298486259630, 7.761295548447312065 ) ) ;
#5909 = CARTESIAN_POINT ( 'NONE',  ( 15.00000000000000000, 4.202752579821934731, 3.000000000000001776 ) ) ;
#5910 = CARTESIAN_POINT ( 'NONE',  ( -11.28780587519355016, 5.394137847073791292, 19.62910282353876923 ) ) ;
#5911 = CARTESIAN_POINT ( 'NONE',  ( -13.81809955192312600, 3.570950181265075685, 20.46248754436428641 ) ) ;
#5912 = CARTESIAN_POINT ( 'NONE',  ( -14.93604570052268699, -7.091450637486099495, 125.1296403881459440 ) ) ;
#5913 = FACE_OUTER_BOUND ( 'NONE', #1915, .T. ) ;
#5914 = EDGE_CURVE ( 'NONE', #4229, #3624, #1828, .T. ) ;
#5915 = CARTESIAN_POINT ( 'NONE',  ( -8.980658393570044140, 6.713104108588874297, 19.00000000000000000 ) ) ;
#5916 = CARTESIAN_POINT ( 'NONE',  ( -9.262288054846862906, -6.069890060790162245, 115.8311238661721347 ) ) ;
#5917 = CARTESIAN_POINT ( 'NONE',  ( -13.30767808505059868, 4.002642087636443691, 20.66021605924196791 ) ) ;
#5918 = CARTESIAN_POINT ( 'NONE',  ( -13.45982521557303357, 3.701356025681431738, 21.29531638840953178 ) ) ;
#5919 = EDGE_LOOP ( 'NONE', ( #1392, #3257, #4650, #173 ) ) ;
#5920 = CARTESIAN_POINT ( 'NONE',  ( -17.20341264995425234, -13.99145063748610873, 123.7675566951560739 ) ) ;
#5921 = CARTESIAN_POINT ( 'NONE',  ( -5.785367837754953335, -9.997446797983700506, 121.8161384615584808 ) ) ;
#5922 = CARTESIAN_POINT ( 'NONE',  ( -1.874628353540653825, 3.913373160698104591, 20.79489489728736729 ) ) ;
#5923 = CARTESIAN_POINT ( 'NONE',  ( -12.87760062863057620, 4.169815985564322425, 20.92051987018048820 ) ) ;
#5924 = CARTESIAN_POINT ( 'NONE',  ( 13.13801797610932631, 16.71266706085497944, 115.8311238661719642 ) ) ;
#5925 = ORIENTED_EDGE ( 'NONE', *, *, #4433, .F. ) ;
#5926 = B_SPLINE_CURVE_WITH_KNOTS ( 'NONE', 3,
 ( #3266, #5676, #4271, #4745, #5259, #4808, #293, #5228, #2328, #3228, #4335, #4779, #780, #4238, #2835, #6298, #1295, #5745, #6236, #327, #1356, #815, #1815, #1325, #3329, #3297, #876, #845, #5804, #2260, #2801, #2738, #1878, #357 ),
 .UNSPECIFIED., .F., .F.,
 ( 4, 2, 2, 2, 2, 2, 2, 2, 2, 2, 2, 2, 2, 2, 2, 2, 4 ),
 ( -4.328203872510535591E-08, 0.004392952965939329706, 0.008785949213917383302, 0.01317894546189543777, 0.01757194170987349396, 0.02196493795785154843, 0.02635793420582960289, 0.02855443232981862839, 0.02965268139181314461, 0.03075093045380765736, 0.03184917951580217010, 0.03294742857779668632, 0.03349655310879394443, 0.03404567763979119560, 0.03459480217078845371, 0.03486936443628708276, 0.03514392670178571182 ),
 .UNSPECIFIED. ) ;
#5927 = CARTESIAN_POINT ( 'NONE',  ( 12.91942497436695625, 17.02065696409312068, 119.9599158689368323 ) ) ;
#5928 = CARTESIAN_POINT ( 'NONE',  ( 11.92259851740325161, 6.630196215698486384, 19.21992614329581173 ) ) ;
#5929 = CARTESIAN_POINT ( 'NONE',  ( -5.182960588480216124, -4.618787882826890012, 21.56904497689430400 ) ) ;
#5930 = CARTESIAN_POINT ( 'NONE',  ( -9.968573676717941368, -2.870469784975397953, 24.15118135527029253 ) ) ;
#5931 = ORIENTED_EDGE ( 'NONE', *, *, #5135, .F. ) ;
#5932 = CARTESIAN_POINT ( 'NONE',  ( -3.766826254350305714, -4.838990745003315830, 21.53866457201694828 ) ) ;
#5933 = CARTESIAN_POINT ( 'NONE',  ( -9.881043260720710819, -8.047639140113588496, 121.7566335702192362 ) ) ;
#5934 = FACE_OUTER_BOUND ( 'NONE', #4171, .T. ) ;
#5935 = CARTESIAN_POINT ( 'NONE',  ( -14.85927370241186729, -1.238952901412147645, 19.00000000000000711 ) ) ;
#5936 = CARTESIAN_POINT ( 'NONE',  ( -12.02713825721017038, 6.081343406715659761, 19.16236060281914533 ) ) ;
#5937 = CARTESIAN_POINT ( 'NONE',  ( -14.51543199785595739, 3.913495078379165548, 19.47370626638689117 ) ) ;
#5938 = CARTESIAN_POINT ( 'NONE',  ( 25.97165681270587712, 18.06247228545167616, 122.0320709824639209 ) ) ;
#5939 = CARTESIAN_POINT ( 'NONE',  ( -1.022997540093703694, 1.097030552428691852, -210.0000000000000000 ) ) ;
#5940 = DIRECTION ( 'NONE',  ( 1.000000000000000000, 0.000000000000000000, 0.000000000000000000 ) ) ;
#5941 = CARTESIAN_POINT ( 'NONE',  ( -9.118299244422358285, 4.567715739528535934, 20.94014584024052894 ) ) ;
#5942 = CARTESIAN_POINT ( 'NONE',  ( -11.46434522378012844, -4.873476294149406307, 97.49437716547352295 ) ) ;
#5943 = CARTESIAN_POINT ( 'NONE',  ( -13.20455216444979918, 3.937340401017308089, 21.26198388650427518 ) ) ;
#5944 = CARTESIAN_POINT ( 'NONE',  ( -11.70608084859520126, -6.949951326780578142, 9.675665299435898703 ) ) ;
#5945 = EDGE_LOOP ( 'NONE', ( #2004, #3389, #5925, #2276 ) ) ;
#5946 = CARTESIAN_POINT ( 'NONE',  ( 23.52816503086963351, 9.000000000000000000, 19.02871535495967237 ) ) ;
#5947 = VECTOR ( 'NONE', #1437, 1000.000000000000000 ) ;
#5948 = EDGE_CURVE ( 'NONE', #6356, #4539, #4306, .T. ) ;
#5949 = CARTESIAN_POINT ( 'NONE',  ( -1.778308670321955054, 5.686997586463159671, 19.06297128911375793 ) ) ;
#5950 = CARTESIAN_POINT ( 'NONE',  ( -13.93866808508161270, 6.039887902139471798, 19.00000000000000000 ) ) ;
#5951 = CARTESIAN_POINT ( 'NONE',  ( 18.78977755210422984, 11.88909154260851508, 70.05120874106590634 ) ) ;
#5952 = EDGE_LOOP ( 'NONE', ( #846, #5132, #2201, #5419 ) ) ;
#5953 = DIRECTION ( 'NONE',  ( 3.469446951953614978E-15, -6.938893903907233308E-16, 1.000000000000000000 ) ) ;
#5954 = CARTESIAN_POINT ( 'NONE',  ( 12.44735679831815567, 16.98897282409720333, 121.3555777254103987 ) ) ;
#5955 = EDGE_CURVE ( 'NONE', #5785, #2591, #2475, .T. ) ;
#5956 = CARTESIAN_POINT ( 'NONE',  ( -10.27512489734900747, -2.201065347959053398, 19.00000000000253308 ) ) ;
#5957 = CARTESIAN_POINT ( 'NONE',  ( 7.962195446590594194, 5.905246118036768799, 19.20998014145990140 ) ) ;
#5958 = CARTESIAN_POINT ( 'NONE',  ( -3.871455132645057695, -6.728750247664264883, 124.9999999999997868 ) ) ;
#5959 = ORIENTED_EDGE ( 'NONE', *, *, #2439, .T. ) ;
#5960 = CARTESIAN_POINT ( 'NONE',  ( 14.74124971063440448, 2.318005012735550263, 21.17890759609213447 ) ) ;
#5961 = CARTESIAN_POINT ( 'NONE',  ( -11.71625798748264735, -6.665585916961331847, 121.7408718657927409 ) ) ;
#5962 = CARTESIAN_POINT ( 'NONE',  ( 22.15050294073309090, 7.298422690621773512, 19.00000000000415312 ) ) ;
#5963 = CARTESIAN_POINT ( 'NONE',  ( -12.38410732583066576, -2.577498541357490236, 13.52094453300079202 ) ) ;
#5964 =( BOUNDED_CURVE ( )  B_SPLINE_CURVE ( 3, ( #2642, #3099, #4144, #3583 ),
 .UNSPECIFIED., .F., .T. ) 
 B_SPLINE_CURVE_WITH_KNOTS ( ( 4, 4 ),
 ( 1.500659105533023174, 1.528311468714361299 ),
 .UNSPECIFIED. ) 
 CURVE ( )  GEOMETRIC_REPRESENTATION_ITEM ( )  RATIONAL_B_SPLINE_CURVE ( ( 1.000000000000000000, 0.9999362799159620119, 0.9999362799159620119, 1.000000000000000000 ) ) 
 REPRESENTATION_ITEM ( '' )  );
#5965 = ORIENTED_EDGE ( 'NONE', *, *, #4289, .T. ) ;
#5966 = CARTESIAN_POINT ( 'NONE',  ( -13.95076467808017107, 3.596258558645573533, 20.17864835251492650 ) ) ;
#5967 = CARTESIAN_POINT ( 'NONE',  ( -50.00000000000000000, 6.499999999999998224, 10.21189640961917711 ) ) ;
#5968 = CARTESIAN_POINT ( 'NONE',  ( 3.579788508148159298, 6.395028010271109231, 19.00000000000000711 ) ) ;
#5969 = CARTESIAN_POINT ( 'NONE',  ( -9.247119524693717452, -11.04313971089274204, 121.6921351039971455 ) ) ;
#5970 = CARTESIAN_POINT ( 'NONE',  ( 14.77958243980702413, 18.06247228545164774, 121.1934638140992035 ) ) ;
#5971 = ADVANCED_FACE ( 'NONE', ( #1352 ), #2204, .F. ) ;
#5972 = CARTESIAN_POINT ( 'NONE',  ( 12.26685773789520617, 17.38109591330713144, 120.0252968430528142 ) ) ;
#5973 = CARTESIAN_POINT ( 'NONE',  ( -9.405609971697558080, 6.146439414175119964, 19.16581898888269464 ) ) ;
#5974 = CARTESIAN_POINT ( 'NONE',  ( -9.541199758467366010, -8.312900331484078364, 125.0000000000000000 ) ) ;
#5975 = CARTESIAN_POINT ( 'NONE',  ( -13.22197558380559990, 3.960853454433147736, 20.95599569399466233 ) ) ;
#5976 = CARTESIAN_POINT ( 'NONE',  ( -6.722112277714349382, -4.217780235401294320, 119.7032195474316296 ) ) ;
#5977 = ORIENTED_EDGE ( 'NONE', *, *, #2189, .F. ) ;
#5978 = CARTESIAN_POINT ( 'NONE',  ( 19.36852581044376009, -4.668494298486260519, 7.761295548447312953 ) ) ;
#5979 = CARTESIAN_POINT ( 'NONE',  ( 19.33608626170362399, 4.449242833974790479, 7.577321725440659961 ) ) ;
#5980 = CARTESIAN_POINT ( 'NONE',  ( -0.9732064561334936581, 5.346593092203157482, 19.18651130670779992 ) ) ;
#5981 = CARTESIAN_POINT ( 'NONE',  ( -16.00000000000000000, 8.999999999999998224, 19.00000000000000000 ) ) ;
#5982 = CARTESIAN_POINT ( 'NONE',  ( -13.78636186714026302, 5.776020029116911481, 19.05614540558708825 ) ) ;
#5983 = CARTESIAN_POINT ( 'NONE',  ( 12.07531548138758026, 17.33502053592513548, 125.0000000000000000 ) ) ;
#5984 = VERTEX_POINT ( 'NONE', #2075 ) ;
#5985 = DIRECTION ( 'NONE',  ( -0.6819983600625022513, 0.7313537016191670181, -1.485617761692451402E-16 ) ) ;
#5986 = EDGE_CURVE ( 'NONE', #3669, #1746, #5485, .T. ) ;
#5987 = VECTOR ( 'NONE', #1840, 1000.000000000000114 ) ;
#5988 = AXIS2_PLACEMENT_3D ( 'NONE', #5004, #2521, #3496 ) ;
#5989 = CARTESIAN_POINT ( 'NONE',  ( 10.50258140515211380, 5.479247458354969069, 19.82655089393334435 ) ) ;
#5990 = CARTESIAN_POINT ( 'NONE',  ( -11.71463191200186671, -0.5007403050410185186, 15.00000000000002665 ) ) ;
#5991 = ORIENTED_EDGE ( 'NONE', *, *, #3685, .F. ) ;
#5992 = CARTESIAN_POINT ( 'NONE',  ( -2.484725012081484774, -4.925314478746443569, 21.51246853624560984 ) ) ;
#5993 = VECTOR ( 'NONE', #2649, 1000.000000000000227 ) ;
#5994 = VECTOR ( 'NONE', #903, 1000.000000000000000 ) ;
#5995 = PLANE ( 'NONE',  #1725 ) ;
#5996 = CARTESIAN_POINT ( 'NONE',  ( 24.13984054915165700, 6.181123089581274321, 19.00000000000000000 ) ) ;
#5997 = CARTESIAN_POINT ( 'NONE',  ( 15.14675891213686398, 7.086337190275121323, 19.37705885760433944 ) ) ;
#5998 = CARTESIAN_POINT ( 'NONE',  ( -10.44801965658932019, 4.749951326780573524, 2.540845733246348992 ) ) ;
#5999 = CARTESIAN_POINT ( 'NONE',  ( 17.82375797930868799, 9.331827450798050094, 19.00000000000000000 ) ) ;
#6000 = CARTESIAN_POINT ( 'NONE',  ( 4.548241409265645352, -5.919100667307701791, 19.00000000000000000 ) ) ;
#6001 = ORIENTED_EDGE ( 'NONE', *, *, #1215, .T. ) ;
#6002 = CARTESIAN_POINT ( 'NONE',  ( -13.64775708403381316, 3.447143747058878382, 21.07169414554402209 ) ) ;
#6003 = CARTESIAN_POINT ( 'NONE',  ( -13.06400736715443500, 6.746802643102860486, 19.00000000000001066 ) ) ;
#6004 = VECTOR ( 'NONE', #5534, 1000.000000000000000 ) ;
#6005 = AXIS2_PLACEMENT_3D ( 'NONE', #1465, #3872, #5831 ) ;
#6006 =( BOUNDED_SURFACE ( )  B_SPLINE_SURFACE ( 3, 2, ( 
 ( #3133, #4584, #6173 ),
 ( #4108, #3618, #1684 ),
 ( #1269, #3243, #5096 ),
 ( #2746, #4722, #3655 ),
 ( #5618, #1196, #3170 ),
 ( #2674, #5237, #505 ),
 ( #4956, #3307, #4247 ),
 ( #5268, #4282, #854 ) ),
 .UNSPECIFIED., .F., .F., .F. ) 
 B_SPLINE_SURFACE_WITH_KNOTS ( ( 4, 1, 1, 1, 1, 4 ),
 ( 3, 3 ),
 ( 0.003273901476059971026, 0.004664718182653181631, 0.006055534889246391370, 0.007446351595839602842, 0.008837168302432814315, 0.01022798500902602492 ),
 ( 0.000000000000000000, 1.000000000000000000 ),
 .UNSPECIFIED. ) 
 GEOMETRIC_REPRESENTATION_ITEM ( )  RATIONAL_B_SPLINE_SURFACE ( (
 ( 1.000000000000000000, 0.7542673121930688618, 1.000000000000000000),
 ( 1.000000000000000000, 0.7475892839238200693, 1.000000000000000000),
 ( 0.9999999999999998890, 0.7342332273853223734, 0.9999999999999998890),
 ( 1.000000000000000222, 0.6958250881479927097, 1.000000000000000222),
 ( 1.000000000000000000, 0.6610760922029302877, 1.000000000000000000),
 ( 0.9999999999999997780, 0.6409121140112891135, 0.9999999999999997780),
 ( 1.000000000000000222, 0.6469838829305968320, 1.000000000000000222),
 ( 1.000000000000000000, 0.6500197673902505802, 1.000000000000000000) ) ) 
 REPRESENTATION_ITEM ( '' )  SURFACE ( )  );
#6007 = CARTESIAN_POINT ( 'NONE',  ( -9.437160743109613392, -7.033216690436042029, 119.5211283814720105 ) ) ;
#6008 = CARTESIAN_POINT ( 'NONE',  ( -3.409991800312456078, 3.656768508095764592, -210.0000000000000284 ) ) ;
#6009 = CARTESIAN_POINT ( 'NONE',  ( 11.91771101706456903, 17.69279161706651138, 120.7251874424236036 ) ) ;
#6010 = CARTESIAN_POINT ( 'NONE',  ( -9.619209544099444287, 5.606843408394125206, 19.43623292233104749 ) ) ;
#6011 = CARTESIAN_POINT ( 'NONE',  ( -13.43944516136479983, 3.380013708079169454, 24.15118135527027476 ) ) ;
#6012 = CARTESIAN_POINT ( 'NONE',  ( -13.63736690264126672, 4.623926369598716057, 19.64800306757229009 ) ) ;
#6013 = CARTESIAN_POINT ( 'NONE',  ( 10.19711985148737909, 14.51363946302478425, 119.7725511250939689 ) ) ;
#6014 = VERTEX_POINT ( 'NONE', #3500 ) ;
#6015 = PLANE ( 'NONE',  #707 ) ;
#6016 = CARTESIAN_POINT ( 'NONE',  ( 19.18780741019854830, 7.758653401778631498, 19.90233830963468620 ) ) ;
#6017 = B_SPLINE_CURVE_WITH_KNOTS ( 'NONE', 3,
 ( #3869, #924, #2889, #6225, #4856, #2792, #347, #2410, #1549, #5912 ),
 .UNSPECIFIED., .F., .F.,
 ( 4, 2, 2, 2, 4 ),
 ( 0.006751275138319945933, 0.007234835300518903389, 0.007718395462717859978, 0.008201955624916818302, 0.008685515787115774891 ),
 .UNSPECIFIED. ) ;
#6018 = CARTESIAN_POINT ( 'NONE',  ( -1.454174848539262710, 3.814822729174533134, 21.44859839404826474 ) ) ;
#6019 = CARTESIAN_POINT ( 'NONE',  ( 14.99329029682328063, 9.999180110896586982, 70.05120874106594897 ) ) ;
#6020 = CARTESIAN_POINT ( 'NONE',  ( -13.07468133172915081, 4.327032535617574283, 20.35556471302606596 ) ) ;
#6021 = CARTESIAN_POINT ( 'NONE',  ( 14.31041665097228943, -3.333712734889138218, 3.953851813243847602 ) ) ;
#6022 = EDGE_LOOP ( 'NONE', ( #5756, #836, #3207, #4372 ) ) ;
#6023 = CARTESIAN_POINT ( 'NONE',  ( 21.86231218781323449, 8.100248051648659242, 24.15118135527027476 ) ) ;
#6024 = CARTESIAN_POINT ( 'NONE',  ( 8.125367712172858248, 4.849975115427762162, 20.05745911234986778 ) ) ;
#6025 = CARTESIAN_POINT ( 'NONE',  ( 5.073194276953958415, 0.3575553720102717103, 70.05120874106602002 ) ) ;
#6026 = ORIENTED_EDGE ( 'NONE', *, *, #5490, .T. ) ;
#6027 = CYLINDRICAL_SURFACE ( 'NONE', #2457, 0.4000000000000019096 ) ;
#6028 = CARTESIAN_POINT ( 'NONE',  ( -50.00000000000000000, -8.000000000000003553, 19.00000000000000000 ) ) ;
#6029 = CARTESIAN_POINT ( 'NONE',  ( 23.18552400535345370, 9.938061276605443695, 18.99999999999997868 ) ) ;
#6030 = CARTESIAN_POINT ( 'NONE',  ( 18.44801965658932730, -4.749951326780575300, 2.540845733246349436 ) ) ;
#6031 = CARTESIAN_POINT ( 'NONE',  ( -15.78606776922122634, 0.4450292570485352428, 18.99999999999999645 ) ) ;
#6032 = ORIENTED_EDGE ( 'NONE', *, *, #5490, .F. ) ;
#6033 = CARTESIAN_POINT ( 'NONE',  ( -15.24571238206447354, 4.377596617454251771, 19.06118837066226845 ) ) ;
#6034 = ADVANCED_FACE ( 'NONE', ( #529 ), #3991, .T. ) ;
#6035 = CARTESIAN_POINT ( 'NONE',  ( 11.29639539853860519, 7.523771805425496950, 19.00000000000002842 ) ) ;
#6036 = CARTESIAN_POINT ( 'NONE',  ( -9.405999920328662611, -9.209764412871633610, 121.7412014277941381 ) ) ;
#6037 = LINE ( 'NONE', #98, #3246 ) ;
#6038 = CARTESIAN_POINT ( 'NONE',  ( 15.00000000000000000, -4.749951326780575300, 2.540845733246349880 ) ) ;
#6039 = LINE ( 'NONE', #1523, #1685 ) ;
#6040 = CARTESIAN_POINT ( 'NONE',  ( -9.068308962467714451, 5.346794558936865727, 19.64408358801170351 ) ) ;
#6041 = CARTESIAN_POINT ( 'NONE',  ( -12.96416292341066878, -2.657046722886744927, 70.05120874106602002 ) ) ;
#6042 = CARTESIAN_POINT ( 'NONE',  ( -13.31705565541942882, 4.341628462270569422, 20.09634825123628943 ) ) ;
#6043 = CARTESIAN_POINT ( 'NONE',  ( 10.61889773715937935, 15.07538587855227874, 119.7455448853089450 ) ) ;
#6044 = ORIENTED_EDGE ( 'NONE', *, *, #1318, .T. ) ;
#6045 = CARTESIAN_POINT ( 'NONE',  ( 23.03408381137446881, 8.999999999999998224, 19.12487363132424179 ) ) ;
#6046 = CARTESIAN_POINT ( 'NONE',  ( -12.19177052875733480, -10.23261640102780312, 12.43014835251529426 ) ) ;
#6047 = CARTESIAN_POINT ( 'NONE',  ( -9.222882718213648801, -8.993840090958972411, 119.9188301520006803 ) ) ;
#6048 = CARTESIAN_POINT ( 'NONE',  ( 19.45774480338072010, 9.487660076614133686, 19.00000000000000000 ) ) ;
#6049 = CARTESIAN_POINT ( 'NONE',  ( -1.430684910722885839, 4.333556462075524252, 19.94016344961475795 ) ) ;
#6050 = CARTESIAN_POINT ( 'NONE',  ( 10.19482227357825899, 13.84738484465347774, 115.8311238661721916 ) ) ;
#6051 = CARTESIAN_POINT ( 'NONE',  ( -12.95738770264384954, 4.092628928535658517, 21.22459051699997090 ) ) ;
#6052 = CARTESIAN_POINT ( 'NONE',  ( -11.21902358064495431, -5.001503505445728415, 6.913426270597009982 ) ) ;
#6053 = EDGE_LOOP ( 'NONE', ( #5312, #750, #6396, #399, #2774 ) ) ;
#6054 = CARTESIAN_POINT ( 'NONE',  ( 15.45644952694696350, 15.81912693262949077, 97.49437716547349453 ) ) ;
#6055 = CIRCLE ( 'NONE', #2554, 1.499999999999999556 ) ;
#6056 = CARTESIAN_POINT ( 'NONE',  ( 20.49373062734375850, 18.06247228545161931, 124.1423387994885275 ) ) ;
#6057 = CARTESIAN_POINT ( 'NONE',  ( 21.09327201090194492, 9.655911056392652014, 19.08337938478911511 ) ) ;
#6058 = CARTESIAN_POINT ( 'NONE',  ( 8.962356512075455583, 4.795603146220844160, 20.37084669055466435 ) ) ;
#6059 = EDGE_CURVE ( 'NONE', #4336, #1267, #5106, .T. ) ;
#6060 = CARTESIAN_POINT ( 'NONE',  ( -11.93690648181916814, 5.543808657328790801, 19.42815203513181643 ) ) ;
#6061 = CARTESIAN_POINT ( 'NONE',  ( -2.739479284487030597, -3.891113157010740675, 70.05120874106540896 ) ) ;
#6062 = ORIENTED_EDGE ( 'NONE', *, *, #257, .F. ) ;
#6063 = B_SPLINE_CURVE_WITH_KNOTS ( 'NONE', 3,
 ( #3728, #5134, #1646, #2203, #4689, #715, #5651, #5582, #2640, #5168, #229, #5204, #5549, #6102 ),
 .UNSPECIFIED., .F., .F.,
 ( 4, 2, 2, 2, 2, 2, 4 ),
 ( -0.0001955607823231819350, 0.0002389395239116986623, 0.0006734398301465792597, 0.001107940136381459911, 0.001542440442616340454, 0.002411441055086100023, 0.003280441667555859808 ),
 .UNSPECIFIED. ) ;
#6064 = DIRECTION ( 'NONE',  ( 0.000000000000000000, 0.000000000000000000, -1.000000000000000000 ) ) ;
#6065 = FACE_OUTER_BOUND ( 'NONE', #1910, .T. ) ;
#6066 = CARTESIAN_POINT ( 'NONE',  ( 22.16668864357810165, 7.162600552651171348, 19.00000000000058620 ) ) ;
#6067 = CARTESIAN_POINT ( 'NONE',  ( 18.31209862149285783, -5.109402950775785435, 1.769999238000231179 ) ) ;
#6068 = CARTESIAN_POINT ( 'NONE',  ( 2.751926779247784616, -6.563042000172385038, 19.00000000000000000 ) ) ;
#6069 = VERTEX_POINT ( 'NONE', #2526 ) ;
#6070 = CARTESIAN_POINT ( 'NONE',  ( -13.74470252867796560, 3.416487206706805946, 20.76760187329102791 ) ) ;
#6071 = CARTESIAN_POINT ( 'NONE',  ( 18.55548760886303938, -10.37576654615898875, 3.150326777167781866 ) ) ;
#6072 = CARTESIAN_POINT ( 'NONE',  ( 21.64315834262651705, 8.058643869553911543, 20.90707155074443691 ) ) ;
#6073 = CARTESIAN_POINT ( 'NONE',  ( -7.662209738125268288, -5.482662440954230831, 121.8687333300742921 ) ) ;
#6074 = EDGE_CURVE ( 'NONE', #5899, #6299, #4087, .T. ) ;
#6075 = B_SPLINE_CURVE_WITH_KNOTS ( 'NONE', 3,
 ( #3356, #5317, #4833, #414 ),
 .UNSPECIFIED., .F., .F.,
 ( 4, 4 ),
 ( 0.02057653726716368245, 0.02700470706062471291 ),
 .UNSPECIFIED. ) ;
#6076 = CARTESIAN_POINT ( 'NONE',  ( 17.80574947530755736, 18.06247228545158379, 123.6306850190091637 ) ) ;
#6077 =( NAMED_UNIT ( * ) SI_UNIT ( $, .STERADIAN. ) SOLID_ANGLE_UNIT ( ) );
#6078 = CARTESIAN_POINT ( 'NONE',  ( -10.10399458393693273, 4.979868060373835448, 20.08379530744629093 ) ) ;
#6079 = CARTESIAN_POINT ( 'NONE',  ( -13.79319031094897596, 2.801323781224184017, 24.15118135527027476 ) ) ;
#6080 = CARTESIAN_POINT ( 'NONE',  ( -14.65312238182464988, 5.161986768533413539, 19.05830694439132955 ) ) ;
#6081 = CARTESIAN_POINT ( 'NONE',  ( 8.922233873738640852, 12.83533390580925548, 119.8465428045451517 ) ) ;
#6082 = EDGE_LOOP ( 'NONE', ( #2340, #540, #4850, #1822, #4395, #2552 ) ) ;
#6083 = EDGE_CURVE ( 'NONE', #4318, #534, #4052, .T. ) ;
#6084 = LINE ( 'NONE', #77, #185 ) ;
#6085 = CARTESIAN_POINT ( 'NONE',  ( -10.03117953579344501, -8.461352174808480342, 121.7473721615166511 ) ) ;
#6086 = CARTESIAN_POINT ( 'NONE',  ( -9.358379883771526409, -9.211393213235536948, 121.7423954282979963 ) ) ;
#6087 = CARTESIAN_POINT ( 'NONE',  ( 11.17627402241942569, 0.1919379082974363715, 21.25124573590218091 ) ) ;
#6088 = CARTESIAN_POINT ( 'NONE',  ( -2.696102542506245925, 4.232351292385668984, 20.19157529517626060 ) ) ;
#6089 = CARTESIAN_POINT ( 'NONE',  ( 8.869184914902154659, 4.006602037744514178, 15.00000000000000355 ) ) ;
#6090 = CARTESIAN_POINT ( 'NONE',  ( -13.51248469321967960, 5.277546654238805424, 19.27334225772581533 ) ) ;
#6091 = CARTESIAN_POINT ( 'NONE',  ( 12.23301338575734398, 17.64264733718056277, 125.0000000000000000 ) ) ;
#6092 = ORIENTED_EDGE ( 'NONE', *, *, #5530, .T. ) ;
#6093 = DIRECTION ( 'NONE',  ( -0.000000000000000000, 1.000000000000000000, -0.000000000000000000 ) ) ;
#6094 = CARTESIAN_POINT ( 'NONE',  ( 12.77046531575051347, 16.93105234315504859, 119.0283834941300256 ) ) ;
#6095 = CARTESIAN_POINT ( 'NONE',  ( 21.20199304646347116, 9.340106620816072791, 19.24216326916095809 ) ) ;
#6096 = B_SPLINE_SURFACE_WITH_KNOTS ( 'NONE', 3, 3, ( 
 ( #2664, #4030, #3088, #5639, #1219, #4512, #2192 ),
 ( #6127, #3192, #1184, #81, #5051, #5540, #4097 ),
 ( #5506, #4065, #1145, #180, #109, #2086, #4166 ),
 ( #1670, #3157, #601, #6019, #630, #6050, #5084 ),
 ( #1601, #1083, #5123, #1115, #668, #2596, #4543 ),
 ( #2536, #3643, #5021, #3541, #3608, #4574, #144 ),
 ( #2122, #1635, #570, #5572, #4604, #2158, #1709 ),
 ( #6089, #702, #2052, #5608, #4641, #217, #2698 ),
 ( #6159, #5713, #778, #3327, #3295, #1384, #6196 ),
 ( #3226, #1776, #3749, #1293, #874, #4203, #4709 ),
 ( #3264, #355, #6296, #2326, #291, #5225, #6267 ),
 ( #2358, #2735, #4743, #325, #4269, #256, #813 ),
 ( #1322, #5192, #4806, #4302, #2296, #386, #2770 ),
 ( #1743, #1876, #843, #3716, #2225, #4333, #739 ),
 ( #6234, #2258, #1813, #3783, #4236, #5743, #3845 ),
 ( #5157, #5257, #5674, #1844, #1258, #4679, #2799 ),
 ( #4777, #2833, #3815, #5802, #5773, #1354, #5288 ),
 ( #901, #4952, #2982, #3905, #2895, #4862, #1469 ),
 ( #2385, #531, #990, #444, #2499, #1413, #6353 ),
 ( #2954, #5860, #2471, #1931, #4360, #1442, #416 ),
 ( #3386, #4474, #5889, #5834, #3418, #5352, #3449 ),
 ( #5377, #930, #2416, #5319, #4445, #4392, #6324 ),
 ( #961, #1906, #5407, #2923, #4895, #3358, #475 ),
 ( #4925, #501, #12, #1987, #2442, #1494, #4418 ),
 ( #3876, #6382, #2866, #4835, #3967, #5916, #1958 ),
 ( #3936, #3472, #5436, #1020, #5942, #43, #2017 ),
 ( #3993, #4022, #1525, #4054, #3110, #2654, #5075 ),
 ( #103, #2618, #4089, #4630, #4535, #206, #5561 ),
 ( #564, #3046, #136, #2528, #4594, #2077, #5043 ),
 ( #2181, #6011, #658, #1105, #170, #2146, #4155 ),
 ( #1048, #1136, #5500, #3079, #5012, #1172, #3502 ),
 ( #5467, #3017, #3146, #5112, #1592, #1076, #592 ),
 ( #4568, #4505, #694, #4121, #2559, #4983, #5974 ),
 ( #73, #6079, #3564, #1660, #5532, #2046, #623 ),
 ( #2588, #1554, #3533, #6041, #2113, #1627, #3598 ),
 ( #3631, #5595, #3739, #3891, #4666, #4225, #730 ),
 ( #6185, #4376, #3216, #3402, #3371, #315, #5629 ),
 ( #2759, #6222, #1426, #1732, #4698, #2399, #944 ),
 ( #3861, #4880, #3666, #5214, #2688, #280, #3704 ),
 ( #4258, #2428, #766, #2726, #4193, #2247, #1766 ),
 ( #1918, #5146, #5665, #5701, #6117, #4733, #5364 ),
 ( #1247, #1282, #914, #2285, #2907, #1208, #3255 ),
 ( #1802, #6150, #5847, #5335, #802, #461, #5819 ),
 ( #245, #1699, #1396, #428, #5182, #2880, #4849 ),
 ( #6340, #3181, #2215, #4911, #577, #4939, #547 ),
 ( #1971, #1482, #6366, #5482, #487, #1455, #1033 ),
 ( #5392, #2512, #5905, #2458, #4405, #516, #2997 ),
 ( #5990, #6395, #2969, #2544, #5514, #4461, #2030 ),
 ( #1945, #3488, #975, #2485, #3950, #4521, #4488 ),
 ( #5423, #1005, #4430, #28, #2003, #3981, #87 ),
 ( #3461, #5930, #3921, #4967, #3548, #1509, #2061 ),
 ( #4037, #2941, #1574, #5452, #57, #4006, #5958 ),
 ( #5873, #1540, #3514, #1061, #3031, #4995, #1089 ),
 ( #3062, #5029, #608, #3432, #1611, #4106, #1193 ),
 ( #3688, #3131, #6099, #6061, #3725, #677, #1717 ),
 ( #6135, #1229, #5201, #3616, #2096, #226, #153 ),
 ( #1644, #2233, #5682, #2576, #4211, #1266, #6170 ),
 ( #3240, #1753, #4552, #3200, #120, #5094, #5580 ),
 ( #5648, #1122, #1155, #3167, #2200, #2131, #2637 ),
 ( #5058, #5165, #4612, #189, #2167, #3652, #5616 ),
 ( #4140, #4072, #4178, #1681, #3579, #5131, #712 ),
 ( #2672, #4582, #641, #6025, #4649, #5547, #749 ),
 ( #2708, #3096, #2603, #4686, #264, #786, #4843 ),
 ( #2874, #4244, #3304, #3885, #1421, #4718, #2393 ),
 ( #6334, #3395, #1391, #301, #5265, #3790, #4310 ),
 ( #5722, #4279, #1362, #393, #332, #2303, #4371 ),
 ( #1886, #3366, #821, #6243, #851, #6274, #3336 ),
 ( #1821, #1300, #5328, #1332, #5297, #5750, #4752 ),
 ( #2743, #3854, #3271, #6204, #3825, #2806, #1784 ),
 ( #4785, #5234, #2268, #363, #5784, #881, #1914 ),
 ( #2333, #908, #5841, #1851, #4813, #3761, #2779 ),
 ( #2843, #2365, #423, #4340, #6303, #5812, #1478 ),
 ( #5446, #1567, #1450, #2424, #1997, #5898, #3426 ),
 ( #3457, #539, #83, #2507, #483, #3944, #52 ),
 ( #2055, #455, #999, #4453, #1502, #5387, #4990 ),
 ( #2450, #937, #2025, #971, #4399, #3976, #4426 ),
 ( #3481, #6391, #2935, #5359, #5418, #5924, #1028 ),
 ( #4905, #2963, #1533, #4032, #4934, #2990, #5983 ),
 ( #4872, #2902, #4960, #5951, #509, #5475, #6360 ),
 ( #1939, #4482, #3915, #1966, #5868, #4000, #2480 ),
 ( #21, #3509, #1056, #3026, #572, #2538, #4514 ),
 ( #2090, #741, #1117, #3123, #5086, #2631, #6091 ),
 ( #1673, #5574, #1148, #4099, #4606, #182, #670 ) ),
 .UNSPECIFIED., .F., .F., .F.,
 ( 4, 1, 1, 1, 1, 1, 1, 1, 1, 1, 1, 1, 1, 1, 1, 1, 1, 1, 1, 1, 1, 1, 1, 1, 1, 2, 1, 1, 1, 2, 1, 1, 1, 1, 1, 1, 1, 2, 1, 1, 1, 1, 1, 1, 1, 1, 1, 1, 1, 1, 1, 1, 1, 1, 1, 1, 1, 1, 1, 1, 1, 1, 1, 1, 1, 1, 1, 1, 1, 2, 1, 1, 1, 3, 4 ),
 ( 4, 1, 1, 1, 4 ),
 ( 0.000000000000000000, 0.02842668101659203209, 0.05685336203318406417, 0.08528004304977608585, 0.1137067240663681283, 0.1421334050829601570, 0.1705600860995522272, 0.1989867671161441864, 0.2274134481327362567, 0.2558401291493282992, 0.2842668101659203694, 0.2984801506742164046, 0.3126934911825123287, 0.3269068316908083638, 0.3411201721991044544, 0.3553335127074004340, 0.3695468532156964692, 0.3837601937239925043, 0.3979735342322884839, 0.4121868747405845190, 0.4192935449947324811, 0.4264002152488805542, 0.4335068855030285162, 0.4406135557571765338, 0.4477202260113245513, 0.4548268962654725134, 0.4574707102276082127, 0.4601145241897440230, 0.4627583381518798333, 0.4654021521140155326, 0.4686797222270847607, 0.4719572923401540443, 0.4752348624532232724, 0.4785124325662926115, 0.4817900026793618951, 0.4850675727924311231, 0.4883451429055002957, 0.4916227130185696348, 0.4995141633840057827, 0.5074056137494419305, 0.5152970641148780784, 0.5231885144803143373, 0.5310799648457504851, 0.5389714152111867440, 0.5468628655766228919, 0.5547543159420590397, 0.5626457663074951876, 0.5705372166729314465, 0.5863201174038037422, 0.6021030181346760379, 0.6178859188655485557, 0.6336688195964208514, 0.6494517203272931472, 0.6652346210581654429, 0.6810175217890377386, 0.6968004225199101453, 0.7125833232507825521, 0.7441491247125271435, 0.7757149261742718460, 0.8072807276360165485, 0.8388465290977613620, 0.8704123305595059534, 0.8861952312903782492, 0.9019781320212505449, 0.9177610327521228406, 0.9335439334829953584, 0.9493268342138676541, 0.9651097349447401719, 0.9808926356756124676, 0.9966755364064847633, 0.9975066523048635725, 0.9983377682032423817, 0.9991688841016211908, 1.000000000000000000, 1.006000418699287913 ),
 ( 0.000000000000000000, 0.2507562843915204787, 0.5001003876810473647, 0.7500364868689362030, 1.000000000000000000 ),
 .UNSPECIFIED. ) ;
#6097 = CARTESIAN_POINT ( 'NONE',  ( 9.005799736514410014, 4.535512416837113925, 21.37618226495520446 ) ) ;
#6098 = CARTESIAN_POINT ( 'NONE',  ( -11.86205237614081831, 5.097882787400680904, 19.82855524286487992 ) ) ;
#6099 = CARTESIAN_POINT ( 'NONE',  ( -4.692370504003530840, -5.629236567493013155, 42.40200746962077005 ) ) ;
#6100 = ORIENTED_EDGE ( 'NONE', *, *, #1671, .F. ) ;
#6101 = CARTESIAN_POINT ( 'NONE',  ( -50.00000000000000000, 4.749951326780577965, 1.468383512879778863 ) ) ;
#6102 = CARTESIAN_POINT ( 'NONE',  ( 21.83173610432852030, 7.147448078811377670, 21.05930758899748767 ) ) ;
#6103 = CARTESIAN_POINT ( 'NONE',  ( -11.90752541248207841, -6.849999999999996092, 10.81811419226829152 ) ) ;
#6104 = CARTESIAN_POINT ( 'NONE',  ( 21.94508420410171468, 7.438339278671254995, 21.33149008281491632 ) ) ;
#6105 = AXIS2_PLACEMENT_3D ( 'NONE', #5967, #1043, #557 ) ;
#6106 = CARTESIAN_POINT ( 'NONE',  ( -13.67976016714512966, 1.800651472461390679, 21.68918199593567664 ) ) ;
#6107 = CARTESIAN_POINT ( 'NONE',  ( 17.81943699762765476, 6.695988663497452364, 21.19589916442662414 ) ) ;
#6108 = EDGE_LOOP ( 'NONE', ( #4509, #2299, #2964, #6237, #5746 ) ) ;
#6109 = AXIS2_PLACEMENT_3D ( 'NONE', #3360, #5715, #3818 ) ;
#6110 = CARTESIAN_POINT ( 'NONE',  ( -15.30427422624748779, 4.264279678024752052, 19.06160037221997428 ) ) ;
#6111 = CARTESIAN_POINT ( 'NONE',  ( 24.44467750493413760, 7.379823721481570509, 19.00000000000001421 ) ) ;
#6112 = CIRCLE ( 'NONE', #965, 2.999999999999997335 ) ;
#6113 = CARTESIAN_POINT ( 'NONE',  ( -5.629699580321529062, -0.4713399761564499579, 121.9705841146910501 ) ) ;
#6114 = CARTESIAN_POINT ( 'NONE',  ( 18.56672905051288325, 18.06247228545160155, 124.1832253636931682 ) ) ;
#6115 = FACE_OUTER_BOUND ( 'NONE', #6270, .T. ) ;
#6116 = CARTESIAN_POINT ( 'NONE',  ( -9.837150091267327312, 4.604177940621114296, 20.92548311245928971 ) ) ;
#6117 = CARTESIAN_POINT ( 'NONE',  ( -12.39882063423614511, -6.601092748373202923, 97.49437716547349453 ) ) ;
#6118 = CARTESIAN_POINT ( 'NONE',  ( -13.37935816925991084, 3.822904595501080305, 20.98407025690775285 ) ) ;
#6119 = CARTESIAN_POINT ( 'NONE',  ( 20.29946476712515846, -3.000000000000009770, 13.04091272864831019 ) ) ;
#6120 = EDGE_LOOP ( 'NONE', ( #5217, #4377, #3977, #1023, #4326, #2531, #2366 ) ) ;
#6121 = CARTESIAN_POINT ( 'NONE',  ( -50.00000000000000000, 4.599999999999999645, 6.340019839594712714 ) ) ;
#6122 = CARTESIAN_POINT ( 'NONE',  ( -9.593273890103207080, -8.979147140962707496, 119.8336376631645948 ) ) ;
#6123 = CARTESIAN_POINT ( 'NONE',  ( -13.84066687280371077, 2.710768878345623190, 21.47034858893167453 ) ) ;
#6124 = CARTESIAN_POINT ( 'NONE',  ( 19.11417043752305034, 7.980408896305071664, 19.62111202587482239 ) ) ;
#6125 = CARTESIAN_POINT ( 'NONE',  ( 18.58637605742294596, 1.807882318791688814, 18.99999999999998934 ) ) ;
#6126 = CARTESIAN_POINT ( 'NONE',  ( -2.591259402495361019, 5.742841733998930387, 19.06221685336753069 ) ) ;
#6127 = CARTESIAN_POINT ( 'NONE',  ( 21.02017351542075119, 6.404834337615543660, 15.00000000000000711 ) ) ;
#6128 = CARTESIAN_POINT ( 'NONE',  ( -14.09196758800247373, 6.303371911071158351, 19.00000000000000000 ) ) ;
#6129 = LINE ( 'NONE', #2227, #3698 ) ;
#6130 = ORIENTED_EDGE ( 'NONE', *, *, #4749, .T. ) ;
#6131 = CARTESIAN_POINT ( 'NONE',  ( 15.00000000000000000, -4.202752579821948054, 2.999999999999998668 ) ) ;
#6132 = CARTESIAN_POINT ( 'NONE',  ( 2.249173646889769618, -0.09718233693975422693, 121.9973036638995296 ) ) ;
#6133 = CARTESIAN_POINT ( 'NONE',  ( 5.451357508412429276, 6.577789308515077593, 19.00000000000000000 ) ) ;
#6134 = CARTESIAN_POINT ( 'NONE',  ( -13.04835662089757520, 6.425018420661467999, 19.00000000000000000 ) ) ;
#6135 = CARTESIAN_POINT ( 'NONE',  ( -5.224711234097187074, -4.455928180209719258, 15.00000000000003020 ) ) ;
#6136 = VERTEX_POINT ( 'NONE', #5498 ) ;
#6137 = CARTESIAN_POINT ( 'NONE',  ( 20.90385746121794597, 24.96247228545162500, 122.9356600315429944 ) ) ;
#6138 = CARTESIAN_POINT ( 'NONE',  ( -50.00000000000000000, 4.925609342360877996, 7.454877771199720726 ) ) ;
#6139 = CARTESIAN_POINT ( 'NONE',  ( 13.80652748402694741, 5.771121587866799629, 20.44093098354851179 ) ) ;
#6140 = LINE ( 'NONE', #3171, #2534 ) ;
#6141 = CARTESIAN_POINT ( 'NONE',  ( 21.43160497970765377, 7.958932802654429040, 21.97694035056182216 ) ) ;
#6142 = CARTESIAN_POINT ( 'NONE',  ( -15.90911372036319804, 0.6850466385455963314, 19.00000000000000000 ) ) ;
#6143 = VERTEX_POINT ( 'NONE', #2469 ) ;
#6144 = CARTESIAN_POINT ( 'NONE',  ( -15.04138937526914610, 4.129265372946642643, 19.18039804482028998 ) ) ;
#6145 = DIRECTION ( 'NONE',  ( -0.1006236861255501297, -0.8149944846435531742, -0.5706652817467485761 ) ) ;
#6146 = CARTESIAN_POINT ( 'NONE',  ( -8.944167143908568818, -3.591388171887031966, 121.8785004497576665 ) ) ;
#6147 = CARTESIAN_POINT ( 'NONE',  ( 6.836781474456731011, 13.37314217498878222, 121.7035013869195836 ) ) ;
#6148 = FILL_AREA_STYLE_COLOUR ( '', #5599 ) ;
#6149 = CARTESIAN_POINT ( 'NONE',  ( -10.08401209698111778, 6.170129034368627252, 19.16457619655796663 ) ) ;
#6150 = CARTESIAN_POINT ( 'NONE',  ( -13.40719655896893592, 0.8510852972843806485, 24.15118135527027832 ) ) ;
#6151 = CARTESIAN_POINT ( 'NONE',  ( -14.77289770846570249, 5.038690619894633294, 19.05874923489074035 ) ) ;
#6152 = CARTESIAN_POINT ( 'NONE',  ( 18.63649051178633442, 18.06247228545159800, 130.5127432510292635 ) ) ;
#6153 = ORIENTED_EDGE ( 'NONE', *, *, #858, .F. ) ;
#6154 = DIRECTION ( 'NONE',  ( 0.000000000000000000, 0.7660444431189772363, 0.6427876096865402511 ) ) ;
#6155 = CARTESIAN_POINT ( 'NONE',  ( -12.25614151888952996, -7.963801851243226260, 121.6878190838045128 ) ) ;
#6156 = CARTESIAN_POINT ( 'NONE',  ( 19.76661714627018895, 7.359102268665038693, 10.01898370386698289 ) ) ;
#6157 = CARTESIAN_POINT ( 'NONE',  ( 16.04809429256816600, 3.129122893753942147, 21.15263124328360078 ) ) ;
#6158 = CARTESIAN_POINT ( 'NONE',  ( -5.194001947147731890, 4.346525277492666817, 20.43751574853954978 ) ) ;
#6159 = CARTESIAN_POINT ( 'NONE',  ( 6.688012173098747404, 3.831547770782885554, 15.00000000000000000 ) ) ;
#6160 = APPLICATION_CONTEXT ( 'automotive_design' ) ;
#6161 = CARTESIAN_POINT ( 'NONE',  ( -13.23568873516130040, 4.613610690361217515, 19.84044748545658265 ) ) ;
#6162 = CARTESIAN_POINT ( 'NONE',  ( -66.89984848717527655, 71.74130422303811372, -210.0000000000000284 ) ) ;
#6163 = ORIENTED_EDGE ( 'NONE', *, *, #5780, .F. ) ;
#6164 = CARTESIAN_POINT ( 'NONE',  ( 14.79209741530438826, -3.475312508194680738, 3.610394695806004250 ) ) ;
#6165 = CARTESIAN_POINT ( 'NONE',  ( -0.6053070163393413639, -3.599950671962141691, 119.9859468328347560 ) ) ;
#6166 = EDGE_CURVE ( 'NONE', #4068, #4141, #499, .T. ) ;
#6167 = CARTESIAN_POINT ( 'NONE',  ( 6.282553171304120276, 6.336283020821593226, 19.00000000000000000 ) ) ;
#6168 = VECTOR ( 'NONE', #3572, 1000.000000000000000 ) ;
#6169 = CARTESIAN_POINT ( 'NONE',  ( -13.12278939711729109, 6.072329914017398522, 19.05574290121154846 ) ) ;
#6170 = CARTESIAN_POINT ( 'NONE',  ( -0.1674741242651877349, -3.064305821145113740, 124.9999999999999289 ) ) ;
#6171 = ORIENTED_EDGE ( 'NONE', *, *, #2564, .F. ) ;
#6172 = CARTESIAN_POINT ( 'NONE',  ( -50.00000000000000000, -4.668494298486259630, 7.761295548447311177 ) ) ;
#6173 = CARTESIAN_POINT ( 'NONE',  ( 10.75639480380731960, 18.54987213972874827, 121.3653927515466791 ) ) ;
#6174 = EDGE_CURVE ( 'NONE', #3849, #6205, #6039, .T. ) ;
#6175 = CARTESIAN_POINT ( 'NONE',  ( 20.65548895364691262, 10.28706017291649566, 19.00000000000000711 ) ) ;
#6176 = CARTESIAN_POINT ( 'NONE',  ( -13.68411731335846859, 1.809483805961006997, 21.68739307453621734 ) ) ;
#6177 = ORIENTED_EDGE ( 'NONE', *, *, #956, .F. ) ;
#6178 = CARTESIAN_POINT ( 'NONE',  ( -13.65655861536822435, 3.429212383159158772, 21.07519545272249317 ) ) ;
#6179 = CARTESIAN_POINT ( 'NONE',  ( 19.75725549962717409, -8.326093578350075575, 9.965891167458808653 ) ) ;
#6180 = CARTESIAN_POINT ( 'NONE',  ( -9.328531892068951947, -9.002419946114347482, 119.9196077585119724 ) ) ;
#6181 = CARTESIAN_POINT ( 'NONE',  ( -6.649849247142070041, -4.148773472874706769, 119.7076541660480302 ) ) ;
#6182 = CARTESIAN_POINT ( 'NONE',  ( -11.85143175909817259, -6.857310614292060791, 121.7317295919146005 ) ) ;
#6183 = DIRECTION ( 'NONE',  ( -0.1126197424618100851, -0.7611709911701148856, 0.6386982979536899308 ) ) ;
#6184 = CARTESIAN_POINT ( 'NONE',  ( -10.19490449996360226, 5.171391339756328698, 19.83847251608609596 ) ) ;
#6185 = CARTESIAN_POINT ( 'NONE',  ( -13.76619282971790348, 3.667903535911155366, 15.00000000000001421 ) ) ;
#6186 = CARTESIAN_POINT ( 'NONE',  ( -13.46788714102272877, 3.686338875344864263, 21.32116948749106555 ) ) ;
#6187 = CARTESIAN_POINT ( 'NONE',  ( 4.163336342344337027E-14, -5.551115123125782702E-14, -210.0000000000000000 ) ) ;
#6188 = ORIENTED_EDGE ( 'NONE', *, *, #1429, .T. ) ;
#6189 = CARTESIAN_POINT ( 'NONE',  ( 14.66963863414406255, 24.96247228545156105, 122.3432227058252266 ) ) ;
#6190 = CARTESIAN_POINT ( 'NONE',  ( -12.11030054317085991, -7.368965272712856063, 121.7096713103732242 ) ) ;
#6191 = FACE_OUTER_BOUND ( 'NONE', #389, .T. ) ;
#6192 = EDGE_CURVE ( 'NONE', #5622, #5266, #2705, .T. ) ;
#6193 = FILL_AREA_STYLE_COLOUR ( '', #2910 ) ;
#6194 = CARTESIAN_POINT ( 'NONE',  ( 12.11054014708838089, 0.4596813234955747229, 18.99999999999664624 ) ) ;
#6195 = CARTESIAN_POINT ( 'NONE',  ( -5.952563869148241871, 4.989487509620487593, 19.67087587079346278 ) ) ;
#6196 = CARTESIAN_POINT ( 'NONE',  ( 3.230459484009839954, 6.092165598621578582, 124.9999999999999147 ) ) ;
#6197 = CARTESIAN_POINT ( 'NONE',  ( -13.82759582784713359, 5.755070699523575861, 19.05618385173383444 ) ) ;
#6198 = CARTESIAN_POINT ( 'NONE',  ( 23.33853058486729282, -2.500000000000000444, 13.00000000000000355 ) ) ;
#6199 = EDGE_LOOP ( 'NONE', ( #3855, #2161, #781, #1998 ) ) ;
#6200 = DIRECTION ( 'NONE',  ( -0.6819983600625022513, 0.7313537016191670181, -1.485617761692451402E-16 ) ) ;
#6201 = CARTESIAN_POINT ( 'NONE',  ( 7.350683835932714238, 7.916827269673096801, 121.8291831871768238 ) ) ;
#6202 = CARTESIAN_POINT ( 'NONE',  ( 4.045092862040617909, 4.391260581460719514, 20.00862200178876904 ) ) ;
#6203 = CARTESIAN_POINT ( 'NONE',  ( -12.60964859424109719, 5.654625463268186714, 19.27050729799627149 ) ) ;
#6204 = CARTESIAN_POINT ( 'NONE',  ( 14.53137488260908761, 7.971359079313462992, 70.05120874106596318 ) ) ;
#6205 = VERTEX_POINT ( 'NONE', #3965 ) ;
#6206 = CARTESIAN_POINT ( 'NONE',  ( -12.43987933430914516, 2.506394866803180577, 13.77606825707386129 ) ) ;
#6207 = CARTESIAN_POINT ( 'NONE',  ( -15.73713346431458682, -13.99145063748610518, 124.8388895265679395 ) ) ;
#6208 = CARTESIAN_POINT ( 'NONE',  ( 13.86387215483085100, 5.545476827489495442, 21.48385008119219819 ) ) ;
#6209 = EDGE_CURVE ( 'NONE', #370, #1436, #5781, .T. ) ;
#6210 = CARTESIAN_POINT ( 'NONE',  ( 21.42883607951115721, 7.957973239391282760, 21.97678958525696657 ) ) ;
#6211 = CARTESIAN_POINT ( 'NONE',  ( -12.08361529662521328, -0.8104334772791462749, 21.68780368294891758 ) ) ;
#6212 = CARTESIAN_POINT ( 'NONE',  ( 16.30243648771229559, 8.855534186158708465, 19.00000000000000000 ) ) ;
#6213 = VERTEX_POINT ( 'NONE', #1625 ) ;
#6214 = CARTESIAN_POINT ( 'NONE',  ( -14.77088961458124139, 4.010337478922204824, 19.29889799210086920 ) ) ;
#6215 = CARTESIAN_POINT ( 'NONE',  ( -50.00000000000000000, 4.749951326780577965, 1.468383512879778419 ) ) ;
#6216 = CARTESIAN_POINT ( 'NONE',  ( 5.453940102107350363, 8.500658543579030280, 119.9695843212568604 ) ) ;
#6217 = CARTESIAN_POINT ( 'NONE',  ( 17.58033816002095406, 24.96247228545159302, 123.9219042649072691 ) ) ;
#6218 = CARTESIAN_POINT ( 'NONE',  ( -2.920802835926245233, -8.217762611344593182, 121.9107121649879986 ) ) ;
#6219 = DIRECTION ( 'NONE',  ( 5.245060274264576558E-15, 0.000000000000000000, 1.000000000000000000 ) ) ;
#6220 = AXIS2_PLACEMENT_3D ( 'NONE', #3628, #5497, #5040 ) ;
#6221 = CARTESIAN_POINT ( 'NONE',  ( -9.882117903621621124, 6.449622963959042110, 19.05620299381009275 ) ) ;
#6222 = CARTESIAN_POINT ( 'NONE',  ( -13.88279289554444418, 2.077820051567378368, 24.15118135527029963 ) ) ;
#6223 = CARTESIAN_POINT ( 'NONE',  ( -15.12012570486664131, 5.110421264222541282, 19.00000000000000000 ) ) ;
#6224 = DIRECTION ( 'NONE',  ( -0.6819983600625022513, 0.7313537016191670181, -1.485617761692451402E-16 ) ) ;
#6225 = CARTESIAN_POINT ( 'NONE',  ( -14.10861965549164054, -7.091450637486104824, 124.2493421295015139 ) ) ;
#6226 = CARTESIAN_POINT ( 'NONE',  ( 13.66818385747982489, 16.55201454735762567, 111.8462139628909284 ) ) ;
#6227 = CARTESIAN_POINT ( 'NONE',  ( -10.21158556678642348, -8.303219881335444086, 119.4977430131931158 ) ) ;
#6228 = CARTESIAN_POINT ( 'NONE',  ( 19.86043653214063198, -7.312551635009040929, 10.55105988128172356 ) ) ;
#6229 = AXIS2_PLACEMENT_3D ( 'NONE', #3003, #4971, #552 ) ;
#6230 = CARTESIAN_POINT ( 'NONE',  ( 18.25891563134818441, 4.749951326780577965, 1.468383512879778419 ) ) ;
#6231 = B_SPLINE_CURVE_WITH_KNOTS ( 'NONE', 3,
 ( #1935, #1336, #4422, #2305, #3909, #2810, #4449, #1824, #5864, #3793, #3940, #1446, #3422, #5893, #3453, #3972, #5381, #966, #5411, #2958, #2929, #1498, #4900, #994, #2986, #4929, #4125, #4510, #4478, #4987, #1529, #662, #535, #3084, #2563, #4540 ),
 .UNSPECIFIED., .F., .F.,
 ( 4, 2, 2, 2, 2, 2, 2, 2, 2, 2, 2, 2, 2, 2, 2, 1, 1, 2, 4 ),
 ( -6.000000000643981408E-08, 0.004381429753817212697, 0.008762919507634431976, 0.01314440926145164952, 0.01752589901526887053, 0.01971664389217748017, 0.02190738876908608981, 0.02628887852290330562, 0.02847962339981191526, 0.03067036827672052837, 0.03176574071517483666, 0.03286111315362914148, 0.03395648559208344630, 0.03450417181131059524, 0.03477801492092417318, 0.03491493647573096909, 0.03498339725313436704, 0.03501762764183605908, 0.03505185803053775806 ),
 .UNSPECIFIED. ) ;
#6232 = CARTESIAN_POINT ( 'NONE',  ( 19.39566102915778600, 2.332379166753117516, 18.99999999999998934 ) ) ;
#6233 = CARTESIAN_POINT ( 'NONE',  ( -6.000879271951214733, 4.575425912546634777, 20.14026649880674924 ) ) ;
#6234 = CARTESIAN_POINT ( 'NONE',  ( -3.131847452008936994, 4.229298217316638464, 15.00000000000002309 ) ) ;
#6235 = CARTESIAN_POINT ( 'NONE',  ( -12.97054092451349483, 4.086004451811552585, 21.22482016847110131 ) ) ;
#6236 = CARTESIAN_POINT ( 'NONE',  ( -4.954977588872957028, -7.182088875491621671, 119.9967733997165453 ) ) ;
#6237 = ORIENTED_EDGE ( 'NONE', *, *, #4898, .F. ) ;
#6238 = CARTESIAN_POINT ( 'NONE',  ( 13.91785935365534854, 14.81384384254809206, 121.3801345212984870 ) ) ;
#6239 = CIRCLE ( 'NONE', #5397, 1.499999999999999556 ) ;
#6240 =( BOUNDED_CURVE ( )  B_SPLINE_CURVE ( 3, ( #4172, #3648, #1780, #260 ),
 .UNSPECIFIED., .F., .T. ) 
 B_SPLINE_CURVE_WITH_KNOTS ( ( 4, 4 ),
 ( 4.772499471328774057, 4.774072473242889636 ),
 .UNSPECIFIED. ) 
 CURVE ( )  GEOMETRIC_REPRESENTATION_ITEM ( )  RATIONAL_B_SPLINE_CURVE ( ( 1.000000000000000000, 0.9999997938054253632, 0.9999997938054253632, 1.000000000000000000 ) ) 
 REPRESENTATION_ITEM ( '' )  );
#6241 = CARTESIAN_POINT ( 'NONE',  ( 3.251802223390823254, 3.860546013499723372, 21.57569068359314102 ) ) ;
#6242 = CARTESIAN_POINT ( 'NONE',  ( -13.02231937662845418, 5.807424888081472503, 19.16361191267254682 ) ) ;
#6243 = CARTESIAN_POINT ( 'NONE',  ( 12.84911333217831420, 6.532300389570451671, 70.05120874106593476 ) ) ;
#6244 = ORIENTED_EDGE ( 'NONE', *, *, #1017, .T. ) ;
#6245 = CARTESIAN_POINT ( 'NONE',  ( 12.99999999999999822, 4.749951326780577965, 1.468383512879778197 ) ) ;
#6246 = CARTESIAN_POINT ( 'NONE',  ( 14.92814088164465325, 3.685705855882357884, 3.433853715359119985 ) ) ;
#6247 = CARTESIAN_POINT ( 'NONE',  ( 20.64798666296259455, 10.28454709005591816, 19.00000000000000000 ) ) ;
#6248 = CARTESIAN_POINT ( 'NONE',  ( -13.56703715676866828, 1.581438114547209395, 21.68570761352129850 ) ) ;
#6249 = ADVANCED_FACE ( 'NONE', ( #590 ), #3596, .T. ) ;
#6250 = ORIENTED_EDGE ( 'NONE', *, *, #2460, .T. ) ;
#6251 = CARTESIAN_POINT ( 'NONE',  ( -15.73713346431461879, -13.99145063748610518, 122.2349370627968455 ) ) ;
#6252 = CARTESIAN_POINT ( 'NONE',  ( 22.03500172576699256, 6.837036160096371162, 18.99999999999998579 ) ) ;
#6253 = CARTESIAN_POINT ( 'NONE',  ( 11.03281996273524967, 18.87927431191979366, 121.3387442301611259 ) ) ;
#6254 = CARTESIAN_POINT ( 'NONE',  ( -12.25945145827206950, -7.991906457464429181, 121.6868803250499980 ) ) ;
#6255 = EDGE_CURVE ( 'NONE', #534, #4873, #2557, .T. ) ;
#6256 = CARTESIAN_POINT ( 'NONE',  ( -10.57320567357599295, 4.618478187932701928, 20.91111167390159054 ) ) ;
#6257 = CARTESIAN_POINT ( 'NONE',  ( -14.08629383769909893, 3.748646590323562400, 19.90819312173548283 ) ) ;
#6258 = FACE_OUTER_BOUND ( 'NONE', #6082, .T. ) ;
#6259 = ORIENTED_EDGE ( 'NONE', *, *, #3251, .T. ) ;
#6260 = CARTESIAN_POINT ( 'NONE',  ( 15.00000000000000000, -9.573965526745718435, 2.999999999999999112 ) ) ;
#6261 = CARTESIAN_POINT ( 'NONE',  ( -11.69266605906812018, -6.634927444058060786, 121.7423783609628032 ) ) ;
#6262 = CARTESIAN_POINT ( 'NONE',  ( -12.38410732583066576, 2.577498541357488460, 13.52094453300079202 ) ) ;
#6263 = ADVANCED_FACE ( 'NONE', ( #6115 ), #4152, .F. ) ;
#6264 = CARTESIAN_POINT ( 'NONE',  ( -12.47890417151429965, 2.499999999996692868, 13.90693813243287913 ) ) ;
#6265 = DIRECTION ( 'NONE',  ( -1.000000000000000000, -0.000000000000000000, -0.000000000000000000 ) ) ;
#6266 = CARTESIAN_POINT ( 'NONE',  ( -8.007187810882003376, 4.552736085339603278, 20.66303909155120522 ) ) ;
#6267 = CARTESIAN_POINT ( 'NONE',  ( 0.6359841730290485273, 2.930972491275327219, 124.9999999999998721 ) ) ;
#6268 = CARTESIAN_POINT ( 'NONE',  ( -13.15534207187559446, 4.442255702150797347, 20.08523316198007080 ) ) ;
#6269 = DIRECTION ( 'NONE',  ( -2.178330401786183250E-16, -2.351071445471451063E-30, 1.000000000000000000 ) ) ;
#6270 = EDGE_LOOP ( 'NONE', ( #456, #6062, #1816, #5024 ) ) ;
#6271 = CARTESIAN_POINT ( 'NONE',  ( 3.579562664969511587, 1.822838917525477997, 121.9787480200683518 ) ) ;
#6272 = CARTESIAN_POINT ( 'NONE',  ( 5.490109366544306368, 6.241102959993730437, 19.00000000000000000 ) ) ;
#6273 = CARTESIAN_POINT ( 'NONE',  ( -12.47150266395084550, 4.746448346808390006, 20.07584636742433659 ) ) ;
#6274 = CARTESIAN_POINT ( 'NONE',  ( 9.175982453851249332, 9.882624447421731517, 115.8311238661721205 ) ) ;
#6275 = ORIENTED_EDGE ( 'NONE', *, *, #2947, .T. ) ;
#6276 = CARTESIAN_POINT ( 'NONE',  ( 14.47602164031698102, 18.14802193458622881, 121.1937926291456620 ) ) ;
#6277 = CARTESIAN_POINT ( 'NONE',  ( -15.84909604813410056, -13.99145063748610518, 124.4428556329555136 ) ) ;
#6278 = CARTESIAN_POINT ( 'NONE',  ( 20.63548487190202607, 10.28035122568807225, 19.00000000000000000 ) ) ;
#6279 = EDGE_CURVE ( 'NONE', #5899, #4124, #3108, .T. ) ;
#6280 = CARTESIAN_POINT ( 'NONE',  ( -13.63563701084709123, 1.714842265129937982, 21.68775270236436015 ) ) ;
#6281 = ORIENTED_EDGE ( 'NONE', *, *, #5510, .T. ) ;
#6282 = CARTESIAN_POINT ( 'NONE',  ( -16.00000000000020606, 3.155118354586528895, 18.99999999999989697 ) ) ;
#6283 = VECTOR ( 'NONE', #4800, 1000.000000000000000 ) ;
#6284 = CARTESIAN_POINT ( 'NONE',  ( 21.80086319846158460, 7.120760254975108339, 21.06064833932706648 ) ) ;
#6285 = CARTESIAN_POINT ( 'NONE',  ( -12.66743079374536585, -7.091450637486104824, 124.2026621833988429 ) ) ;
#6286 = CARTESIAN_POINT ( 'NONE',  ( -10.08347679251408913, -10.99296247981509289, 121.6667620779197705 ) ) ;
#6287 = CARTESIAN_POINT ( 'NONE',  ( -10.38497577211184897, 5.174768001831398401, 19.83670522722585261 ) ) ;
#6288 = CARTESIAN_POINT ( 'NONE',  ( -13.63044686822279949, 3.482333570391648703, 21.06111901502264772 ) ) ;
#6289 = DIRECTION ( 'NONE',  ( 0.000000000000000000, 0.000000000000000000, -1.000000000000000000 ) ) ;
#6290 = ORIENTED_EDGE ( 'NONE', *, *, #3370, .T. ) ;
#6291 = CARTESIAN_POINT ( 'NONE',  ( -14.93604570052268699, -7.091450637486099495, 125.1296403881459440 ) ) ;
#6292 = CARTESIAN_POINT ( 'NONE',  ( -11.70451673291227479, -6.650226145228586461, 121.7416249056680897 ) ) ;
#6293 = PLANE ( 'NONE',  #2924 ) ;
#6294 = CARTESIAN_POINT ( 'NONE',  ( 22.28735406301527533, 7.050141398679360627, 18.99999999999998934 ) ) ;
#6295 = CARTESIAN_POINT ( 'NONE',  ( -7.631433540808836291, 4.395662252297348971, 21.28151368861537662 ) ) ;
#6296 = CARTESIAN_POINT ( 'NONE',  ( 2.029181622437367327, 4.022703681819617572, 42.40200746962086953 ) ) ;
#6297 = CARTESIAN_POINT ( 'NONE',  ( -13.67998385479037715, 5.187312286731398103, 19.27486429104167698 ) ) ;
#6298 = CARTESIAN_POINT ( 'NONE',  ( -3.754529966779816430, -6.326308163108710581, 120.0014241002064779 ) ) ;
#6299 = VERTEX_POINT ( 'NONE', #1280 ) ;
#6300 = CARTESIAN_POINT ( 'NONE',  ( -4.010184759018468270, -6.518372475571297286, 120.0012043055163673 ) ) ;
#6301 = CARTESIAN_POINT ( 'NONE',  ( 2.309610021194548946, 5.652139870994178139, 19.06686107132827246 ) ) ;
#6302 = CARTESIAN_POINT ( 'NONE',  ( -12.98592330884196144, 4.215806937316194158, 20.62568868691591106 ) ) ;
#6303 = CARTESIAN_POINT ( 'NONE',  ( 13.98616159630327971, 13.46113604758770954, 97.49437716547333821 ) ) ;
#6304 = VERTEX_POINT ( 'NONE', #3629 ) ;
#6305 = CARTESIAN_POINT ( 'NONE',  ( -23.36871282169138198, -7.091450637486104824, 122.7810880118430958 ) ) ;
#6306 = CARTESIAN_POINT ( 'NONE',  ( 12.55458150299924291, 7.459169205748215070, 19.00000000000000000 ) ) ;
#6307 = CARTESIAN_POINT ( 'NONE',  ( -13.51331433399491821, 1.477092223911214530, 21.68441031409227193 ) ) ;
#6308 = ORIENTED_EDGE ( 'NONE', *, *, #913, .T. ) ;
#6309 = CARTESIAN_POINT ( 'NONE',  ( -13.81416052945031225, 2.483143124557571912, 19.30542195389733351 ) ) ;
#6310 = CARTESIAN_POINT ( 'NONE',  ( -11.56788978694505587, -13.99145063748610518, 123.0444733475095802 ) ) ;
#6311 = CARTESIAN_POINT ( 'NONE',  ( 17.98154362848259780, 1.418518557704907757, 19.00000000000001776 ) ) ;
#6312 = CARTESIAN_POINT ( 'NONE',  ( -10.57319938648356406, 4.583584401745183889, 21.21232048916445123 ) ) ;
#6313 = CARTESIAN_POINT ( 'NONE',  ( -13.86515197626309259, 3.768819529897203147, 20.15569361842578289 ) ) ;
#6314 = LINE ( 'NONE', #1898, #3585 ) ;
#6315 = CARTESIAN_POINT ( 'NONE',  ( 19.25672064626204971, -4.696178767820459399, 7.127216953484122541 ) ) ;
#6316 = LINE ( 'NONE', #1407, #2040 ) ;
#6317 = CARTESIAN_POINT ( 'NONE',  ( -11.69662289003407629, -6.640023326363985845, 121.7421272400625014 ) ) ;
#6318 = CARTESIAN_POINT ( 'NONE',  ( -10.39483666644463433, -5.109402950775783658, 2.239230008125899563 ) ) ;
#6319 = B_SPLINE_CURVE_WITH_KNOTS ( 'NONE', 3,
 ( #3619, #1686, #5517, #2100, #3135, #193, #4555, #124, #230, #5032 ),
 .UNSPECIFIED., .F., .F.,
 ( 4, 2, 2, 2, 4 ),
 ( 3.903127820947815962E-18, 0.0006378116867400254785, 0.001275623373480047054, 0.001913435060220068738, 0.002551246746960090205 ),
 .UNSPECIFIED. ) ;
#6320 = CYLINDRICAL_SURFACE ( 'NONE', #3539, 333.4999999999999432 ) ;
#6321 = AXIS2_PLACEMENT_3D ( 'NONE', #4502, #4119, #69 ) ;
#6322 = CARTESIAN_POINT ( 'NONE',  ( -11.03063915331193456, -5.094974746830584600, 5.845045092764129535 ) ) ;
#6323 = CARTESIAN_POINT ( 'NONE',  ( -6.787377339919864916, 4.871322771790263850, 19.87422697255626503 ) ) ;
#6324 = CARTESIAN_POINT ( 'NONE',  ( -7.349591905864961028, -5.698789061355930663, 125.0000000000000568 ) ) ;
#6325 = CARTESIAN_POINT ( 'NONE',  ( -13.12590302146879750, 4.298908936739995745, 20.35877788461627347 ) ) ;
#6326 = CARTESIAN_POINT ( 'NONE',  ( -50.00000000000000000, 4.696178767820459399, 7.127216953484121653 ) ) ;
#6327 = ORIENTED_EDGE ( 'NONE', *, *, #1197, .F. ) ;
#6328 = VECTOR ( 'NONE', #1697, 1000.000000000000000 ) ;
#6329 = CARTESIAN_POINT ( 'NONE',  ( -7.144808386813480183, -8.430664818902762647, 119.9792266871697848 ) ) ;
#6330 = EDGE_CURVE ( 'NONE', #5371, #4634, #1800, .T. ) ;
#6331 = STYLED_ITEM ( 'NONE', ( #1764 ), #4175 ) ;
#6332 = CARTESIAN_POINT ( 'NONE',  ( 1.542781707145761905, 3.957202779585904384, 20.56439496872357608 ) ) ;
#6333 = CARTESIAN_POINT ( 'NONE',  ( -13.59078407718836523, 6.208348511027942607, 19.00000000000000000 ) ) ;
#6334 = CARTESIAN_POINT ( 'NONE',  ( 10.73718246702911294, -0.7722990441768243786, 14.99999999999998401 ) ) ;
#6335 = VERTEX_POINT ( 'NONE', #728 ) ;
#6336 = B_SPLINE_CURVE_WITH_KNOTS ( 'NONE', 3,
 ( #3878, #1444, #3474, #2926, #992, #2501, #446, #5379, #2473, #1415, #4476, #4927 ),
 .UNSPECIFIED., .F., .F.,
 ( 4, 2, 2, 2, 2, 4 ),
 ( 0.008704591621309536176, 0.009168781936241897357, 0.009632972251174260273, 0.01056135288103898437, 0.01148973351090370673, 0.01241811414076843083 ),
 .UNSPECIFIED. ) ;
#6337 = CARTESIAN_POINT ( 'NONE',  ( 31.09986358972318854, 18.06247228545173300, 120.1432197995862197 ) ) ;
#6338 =( GEOMETRIC_REPRESENTATION_CONTEXT ( 3 ) GLOBAL_UNCERTAINTY_ASSIGNED_CONTEXT ( ( #4909 ) ) GLOBAL_UNIT_ASSIGNED_CONTEXT ( ( #1521, #2523, #1439 ) ) REPRESENTATION_CONTEXT ( 'NONE', 'WORKASPACE' ) );
#6339 = CARTESIAN_POINT ( 'NONE',  ( -1.550677738859453925, -4.877925373221700944, 18.99999999999583622 ) ) ;
#6340 = CARTESIAN_POINT ( 'NONE',  ( -12.78170398078445480, 1.089250015580933484, 15.00000000000001421 ) ) ;
#6341 = VERTEX_POINT ( 'NONE', #1245 ) ;
#6342 = CARTESIAN_POINT ( 'NONE',  ( 21.44777776925703350, 7.908798729045128262, 21.03947905636723803 ) ) ;
#6343 = B_SPLINE_CURVE_WITH_KNOTS ( 'NONE', 3,
 ( #5267, #6276, #3690, #2781 ),
 .UNSPECIFIED., .F., .F.,
 ( 4, 4 ),
 ( 0.000000000000000000, 0.0003769474196184232143 ),
 .UNSPECIFIED. ) ;
#6344 = CARTESIAN_POINT ( 'NONE',  ( -13.56590407189183445, -13.99145063748611229, 123.9942451986223659 ) ) ;
#6345 = CARTESIAN_POINT ( 'NONE',  ( -10.77606864221961658, 7.066212940668345155, 19.00000000000000000 ) ) ;
#6346 = CARTESIAN_POINT ( 'NONE',  ( -14.27235510119152551, 3.888347284374083390, 19.68795625379117453 ) ) ;
#6347 = ORIENTED_EDGE ( 'NONE', *, *, #5589, .T. ) ;
#6348 = LINE ( 'NONE', #436, #4832 ) ;
#6349 = CARTESIAN_POINT ( 'NONE',  ( -11.61254997483806939, -6.533649828789226177, 121.7473898664013063 ) ) ;
#6350 = CARTESIAN_POINT ( 'NONE',  ( 19.69383843153000768, 24.96247228545162145, 123.4393073474652738 ) ) ;
#6351 = CARTESIAN_POINT ( 'NONE',  ( 21.95232886131935857, 7.251799621664338780, 21.05686420837400519 ) ) ;
#6352 = CARTESIAN_POINT ( 'NONE',  ( -8.355473841438653793, 4.867935158283125396, 20.10586723855734448 ) ) ;
#6353 = CARTESIAN_POINT ( 'NONE',  ( -5.590929767622843549, -3.843152817201446858, 125.0000000000000284 ) ) ;
#6354 = CARTESIAN_POINT ( 'NONE',  ( -13.07208716686504069, 4.028999502153817858, 21.23950232745393762 ) ) ;
#6355 = CARTESIAN_POINT ( 'NONE',  ( -13.24143714845054909, 3.920687299965543549, 21.24295213186733733 ) ) ;
#6356 = VERTEX_POINT ( 'NONE', #2283 ) ;
#6357 = CARTESIAN_POINT ( 'NONE',  ( -6.331372719304339647, -10.27288392316534527, 121.7960648381226605 ) ) ;
#6358 = CARTESIAN_POINT ( 'NONE',  ( 3.099124498771134828, 6.021051187112171021, 19.00000000000000000 ) ) ;
#6359 = CARTESIAN_POINT ( 'NONE',  ( -13.01216407249331830, 4.358534690953546509, 20.35480495221735353 ) ) ;
#6360 = CARTESIAN_POINT ( 'NONE',  ( 12.09273508243468775, 17.36900155913962962, 125.0000000000000000 ) ) ;
#6361 = ORIENTED_EDGE ( 'NONE', *, *, #1318, .F. ) ;
#6362 = CARTESIAN_POINT ( 'NONE',  ( 13.21357439188337146, 16.90273385685247476, 120.5173900446771995 ) ) ;
#6363 = VECTOR ( 'NONE', #5449, 1000.000000000000000 ) ;
#6364 = EDGE_CURVE ( 'NONE', #4158, #3753, #5559, .T. ) ;
#6365 = CARTESIAN_POINT ( 'NONE',  ( -7.537942680104473325, -3.912097224715183952, 21.62068302321024049 ) ) ;
#6366 = CARTESIAN_POINT ( 'NONE',  ( -12.20152987209155349, -3.422079120718385603, 42.40200746962065637 ) ) ;
#6367 = ORIENTED_EDGE ( 'NONE', *, *, #6369, .F. ) ;
#6368 = APPLICATION_CONTEXT ( 'automotive_design' ) ;
#6369 = EDGE_CURVE ( 'NONE', #1436, #904, #397, .T. ) ;
#6370 = CARTESIAN_POINT ( 'NONE',  ( -15.40961311522827160, 4.029500755317395821, 19.06236946073906324 ) ) ;
#6371 = FACE_OUTER_BOUND ( 'NONE', #4753, .T. ) ;
#6372 = CARTESIAN_POINT ( 'NONE',  ( 13.99999999999999822, 3.341173369522269176, 4.000000000000000000 ) ) ;
#6373 = CARTESIAN_POINT ( 'NONE',  ( 5.635800003694040328, 1.093684792605591927, 121.9652270735878261 ) ) ;
#6374 = CARTESIAN_POINT ( 'NONE',  ( -10.91627125952950728, 4.705553703729036030, 20.61129144810108471 ) ) ;
#6375 = AXIS2_PLACEMENT_3D ( 'NONE', #3610, #704, #2666 ) ;
#6376 = CARTESIAN_POINT ( 'NONE',  ( -14.01910900888543843, 3.876917386589773251, 19.89611349850650868 ) ) ;
#6377 = CARTESIAN_POINT ( 'NONE',  ( 14.38428087343136852, 18.06247228545155536, 123.7194174133286708 ) ) ;
#6378 = CARTESIAN_POINT ( 'NONE',  ( 14.52537810442115607, 3.335680496599259914, 3.854503923315510505 ) ) ;
#6379 = DIRECTION ( 'NONE',  ( -0.6819983600625022513, 0.7313537016191671292, -1.485617761692451402E-16 ) ) ;
#6380 = CARTESIAN_POINT ( 'NONE',  ( 22.04336006439218565, 7.330563564847635938, 21.05502124865526881 ) ) ;
#6381 = CARTESIAN_POINT ( 'NONE',  ( -8.368455188424414715, 4.730911201817645129, 20.38072749958798369 ) ) ;
#6382 = CARTESIAN_POINT ( 'NONE',  ( -12.02749167070328085, 4.075819826137917268, 24.15118135527028542 ) ) ;
#6383 = CARTESIAN_POINT ( 'NONE',  ( -14.19113876947768205, 5.901680343990615363, 19.00000000000000000 ) ) ;
#6384 = CARTESIAN_POINT ( 'NONE',  ( 13.20790258469560641, 3.475312508194682071, 3.610394695806003362 ) ) ;
#6385 = VERTEX_POINT ( 'NONE', #4731 ) ;
#6386 = CARTESIAN_POINT ( 'NONE',  ( -12.66743079374536585, -7.091450637486104824, 124.2026621833988429 ) ) ;
#6387 = EDGE_CURVE ( 'NONE', #5388, #642, #1658, .T. ) ;
#6388 = CARTESIAN_POINT ( 'NONE',  ( -7.466186701331335662, -10.72870426789652321, 121.7540850231386713 ) ) ;
#6389 = CARTESIAN_POINT ( 'NONE',  ( 1.539314466545435023, 4.080612900835928869, 20.25857153464910709 ) ) ;
#6390 = CARTESIAN_POINT ( 'NONE',  ( -13.72227119502885273, 5.808012342875916723, 19.05611484241033438 ) ) ;
#6391 = CARTESIAN_POINT ( 'NONE',  ( 21.60948121534879718, 7.704803263609087516, 24.15118135527024990 ) ) ;
#6392 = ORIENTED_EDGE ( 'NONE', *, *, #5986, .F. ) ;
#6393 = CARTESIAN_POINT ( 'NONE',  ( -15.33853058486728749, 2.881966011250262749, 15.99999999999999645 ) ) ;
#6394 = CARTESIAN_POINT ( 'NONE',  ( -8.460711621025087226, -6.233658300466430546, 19.00000000000000000 ) ) ;
#6395 = CARTESIAN_POINT ( 'NONE',  ( -11.50136768104779961, -1.718623775723655989, 24.15118135527027476 ) ) ;
#6396 = ORIENTED_EDGE ( 'NONE', *, *, #3821, .F. ) ;
ENDSEC;
END-ISO-10303-21;
